zone_code,zone_name,x_coord,y_coord,gu_name,dong_name,area_size
3110008,Baehwayeojadaehakgyo(Baknosumisulgwan),197093,453418,Jongno-gu,Cheongunhyojadong,149264
3110009,Jahamunteoneol,196991,455057,Jongno-gu,Buamdong,178306
3110010,Pyeongchangdongseocheuk,197064,456643,Jongno-gu,Pyeongchangdong,369415
3110017,Jeongdokdoseogwan,198581,453781,Jongno-gu,Gahoedong,83855
3110018,Junganggodeunghakgyo,198883,453690,Jongno-gu,Gahoedong,166872
3110019,Changdeokgung,199222,452926,Jongno-gu,Jongro1?2?3?4Gadong,40999
3110020,Seoulgukjegodeunghakgyo,199598,454302,Jongno-gu,Hyehwadong,133692
3110001,Ibuk5Docheongsa,196262,456660,Jongno-gu,Pyeongchangdong,108529
3110002,Dokripmunyeok 1Beon,196220,452912,Jongno-gu,Muakdong,31531
3110003,Segeomjeongchodeunghakgyo,196389,455998,Jongno-gu,Buamdong,191570
3110004,Daesingodeunghakgyo,196517,452627,Jongno-gu,Gyonamdong,18781
3110035,Dongmyoapyeok 2Beon,201699,452879,Jongno-gu,Sungin2Dong,95779
3110011,Cheongunchodeunghakgyo,197219,454141,Jongno-gu,Cheongunhyojadong,26913
3110012,Seonggokmisulgwan,197292,452641,Jongno-gu,Sajikdong,124348
3110013,Chebudonghongjongmungaok,197340,453202,Jongno-gu,Sajikdong,17064
3110014,Gyeongbokgodeunghakgyo,197484,453952,Jongno-gu,Cheongunhyojadong,63411
3110015,Cheongwadaesarangchae,197585,453623,Jongno-gu,Cheongunhyojadong,69399
3110016,Pyeongchangdongdongcheuk,197827,457040,Jongno-gu,Pyeongchangdong,522818
3110005,Segeomjeong,196688,455706,Jongno-gu,Buamdong,244923
3110006,Buamdongjuminsenteo,196701,454714,Jongno-gu,Buamdong,91486
3110007,Sajikgongwon(Hanguksahoegwahakdoseogwan),196895,452714,Jongno-gu,Sajikdong,80252
3110037,Sinseoldongyeok 12Beon,201949,453159,Jongno-gu,Sungin2Dong,55232
3110038,Gyeonghyangsinmunsa,197253,451928,Jung-gu,Sogongdong,36893
3110039,Hoehyeonyeok 1Beon,198305,450967,Jung-gu,Hoehyeondong,9928
3110021,Seonggyungwandaehakgyo,199759,453776,Jongno-gu,Hyehwadong,77655
3110022,Gyeongsingodeunghakgyo,199921,454166,Jongno-gu,Hyehwadong,60182
3110023,Seouldaebyeongwon,200139,453265,Jongno-gu,Ihwadong,15969
3110024,Hyehwadongjuminsenteo,200121,454192,Jongno-gu,Hyehwadong,52850
3110025,Chungsinsijangyeop,200370,452813,Jongno-gu,Jongro5?6Gadong,39184
3110026,Jongro5Gayeok 4Beon,200477,452601,Jongno-gu,Jongro5?6Gadong,16485
3110027,Hyehwayeok 1Beon,200507,453618,Jongno-gu,Ihwadong,117673
3110028,Ihwadalpaengigil,200575,452995,Jongno-gu,Ihwadong,159124
3110029,Dongdaemunyeok 1Beon,200934,452953,Jongno-gu,Changsin2Dong,153230
3110030,Dongdaemunyeok 3Beon,201063,452656,Jongno-gu,Changsin1Dong,9161
3110031,Changsinyeok 1Beon,201298,453314,Jongno-gu,Changsin3Dong,32878
3110032,Sujokgwangeori,201321,452326,Jongno-gu,Changsin1Dong,9323
3110033,Changsinyeok 4Beon,201471,453118,Jongno-gu,Sungin1Dong,77869
3110034,Changsin1Dongjuminsenteo,201508,452344,Jongno-gu,Changsin1Dong,29604
3110057,Hwanghakkoaruapateu,202013,451863,Jung-gu,Hwanghakdong,30230
3110058,Seongsimyeojagodeunghakgyo,195949,448136,Yongsan-gu,Wonhyoro2Dong,135620
3110059,Saenamteoseongji,196084,447363,Yongsan-gu,Ichon2Dong,56970
3110036,Dongmyoapyeok 3Beon,201783,452612,Jongno-gu,Sungin2Dong,18431
3110040,Jungguhoehyeoncheyuksenteo(Jeonghwayesuldaenamsankaempeoseu),198420,450734,Jung-gu,Hoehyeondong,76242
3110041,Namsankeibeulka,198659,450764,Jung-gu,Myeongdong,130560
3110042,Namsangolgongwonyeop,199565,450784,Jung-gu,Pildong,72607
3110043,Chungmuchodeunghakgyo,200090,451226,Jung-gu,Jangchungdong,110058
3110044,Gwanseongmyo,200294,451298,Jung-gu,Jangchungdong,29575
3110045,Dongdaemunyeoksamunhwagongwonyeok 5Beon,200434,451428,Jung-gu,Jangchungdong,44820
3110046,Beotigogae,200514,450225,Jung-gu,Dasandong,58013
3110047,Dasanseonggwakgil,200639,450609,Jung-gu,Dasandong,85386
3110048,Jangchungdongjuminsenteo,200749,451274,Jung-gu,Jangchungdong,135606
3110049,Jangchungdan Gogae,200898,450889,Jung-gu,Dasandong,70693
3110053,Cheongguyeok 1Beon,201118,451376,Jung-gu,Sindangdong,85550
3110054,Cheongguyeok 3Beon,201174,450806,Jung-gu,Cheonggudong,69155
3110055,Hwanghakdongbyeoruksijang,201642,452260,Jung-gu,Hwanghakdong,27575
3110056,Sindangyeok 3Beon,201855,451480,Jung-gu,Sindang5Dong,129607
3110079,Huamdongjuminsenteo,198162,450065,Yongsan-gu,Huamdong,293041
3110080,Haebangchonyesulmaeul,198518,449757,Yongsan-gu,Huamdong,134562
3110081,Haebangchon Namdongcheuk,198634,449401,Yongsan-gu,Yongsan2Gadong,105010
3110050,Yaksuyeok 7Beon,200868,450316,Jung-gu,Yaksudong,34553
3110051,Hanyanggonggoap Gyocharo,200997,451576,Jung-gu,Sindangdong,44893
3110052,Jangchungchodeunghakgyo,201128,451117,Jung-gu,Dasandong,68893
3110060,Hyochanggongwonapyeok 6Beon,196339,448750,Yongsan-gu,Yongmundong,94719
3110061,Hyochangdongjuminsenteo,196409,449179,Yongsan-gu,Hyochangdong,100249
3110062,Hangangrodongttaengttaenggeori(Eunhaengnamugil),196643,447278,Yongsan-gu,Hangangrodong,132684
3110063,Hyochanggongwonapyeok 5Beon,196702,448664,Yongsan-gu,Yongmundong,110329
3110064,Hyochanggongwonapyeok 2Beon,196816,449203,Yongsan-gu,Hyochangdong,131550
3110082,Yongsangucheong,199212,448107,Yongsan-gu,Itaewon1Dong,71140
3110083,Seobinggoyeok 1Beon,199271,446786,Yongsan-gu,Seobinggodong,58652
3110084,Gyeongridangilbukcheuk,199236,449136,Yongsan-gu,Itaewon2Dong,225725
3110085,Gyeongridangilnamcheuk,199260,448806,Yongsan-gu,Itaewon2Dong,181830
3110086,Itaewonyeok Bukcheuk,199383,448588,Yongsan-gu,Itaewon1Dong,133757
3110065,Namjeongchodeunghakgyo,196844,448550,Yongsan-gu,Wonhyoro1Dong,18065
3110066,Seouryeok 15Beon,197079,450403,Yongsan-gu,Cheongpadong,133737
3110067,Baemungodeunghakgyo,197116,449954,Yongsan-gu,Cheongpadong,204936
3110068,Namyeongyeok 1Beon,197107,449013,Yongsan-gu,Wonhyoro1Dong,145312
3110069,Sukdaeipgu,197161,449524,Yongsan-gu,Cheongpadong,173542
3110070,Yongsansemuseo,197188,447141,Yongsan-gu,Hangangrodong,8437
3110071,Hangangmijumaensyeonapateu,197152,446831,Yongsan-gu,Ichon1Dong,27783
3110072,Yeoljeongdo,197247,448836,Yongsan-gu,Wonhyoro1Dong,18090
3110073,Samgakjiyeok 3Beon,197578,447973,Yongsan-gu,Hangangrodong,41421
3110074,Seouryeok 12Beon,197716,450166,Yongsan-gu,Namyeongdong,105922
3110075,Sukdaeipguyeok 1Beon,197679,449714,Yongsan-gu,Namyeongdong,128905
3110076,Samgakjiyeok 14Beon,197737,448386,Yongsan-gu,Hangangrodong,8989
3110077,Samgwangchodeunghakgyo,197919,449884,Yongsan-gu,Huamdong,45797
3110078,Ichondongjeomboapateu,198068,446532,Yongsan-gu,Ichon1Dong,14864
3110110,Sangwangsipriyeok 6Beon,202454,451618,Seongdong-gu,Wangsipri2Dong,51942
3110111,Daehyeonsanjangmiwon,202636,450338,Seongdong-gu,Eungbongdong,19485
3110087,Itaewonentikgagugeori,199502,448055,Yongsan-gu,Itaewon1Dong,52542
3110088,Osangodeunghakgyo,199685,447296,Yongsan-gu,Seobinggodong,96560
3110089,Seobinggodongjuminsenteo,199668,446947,Yongsan-gu,Seobinggodong,105979
3110090,Hangukpolritekdaehakseouljeongsukaempeoseu,199734,447571,Yongsan-gu,Bogwangdong,97059
3110091,Riummisulgwan,199856,448602,Yongsan-gu,Hannamdong,55141
3110092,Nhnonghyeobeunhaeng Bogwangdongjijeom,199990,447728,Yongsan-gu,Bogwangdong,105153
3110093,Usadangil,200024,448092,Yongsan-gu,Hannamdong,234768
3110094,Osanjunghakgyo,200102,447300,Yongsan-gu,Bogwangdong,21603
3110095,Hangangjinyeok 3Beon,200198,448658,Yongsan-gu,Hannamdong,149192
3110096,Hannamhilsaideuapateu,200260,449313,Yongsan-gu,Hannamdong,50068
3110097,Hannamchodeunghakgyo,200536,448696,Yongsan-gu,Hannamdong,7814
3110098,Seouldogilhakgyo,200952,448510,Yongsan-gu,Hannamdong,41414
3110099,Yuenbilrijigil,201076,448324,Yongsan-gu,Hannamdong,263187
3110100,Oksudongupyeonchwigeupguk,200870,449042,Seongdong-gu,Oksudong,26060
3110101,Okjeongjunghakgyo,201109,449012,Seongdong-gu,Oksudong,23818
3110102,Oksuyeok 6Beon,201423,449294,Seongdong-gu,Oksudong,34682
3110103,Oksuteoneol,201450,449586,Seongdong-gu,Geumho4Gadong,19057
3110104,Singeumhoyeok 4Beon,201782,450233,Seongdong-gu,Geumho2?3Gadong,66838
3110108,Seongdongguripgeumhodoseogwan,202208,450534,Seongdong-gu,Geumho1Gadong,11778
3110109,Geumhosamseongraemianapateu,202316,450083,Seongdong-gu,Geumho1Gadong,29788
3110129,Seongwoneorinigongwon,204438,450088,Seongdong-gu,Seongsu1Ga2Dong,70693
3110130,Dapsipriyeok 6Beon,204631,451780,Seongdong-gu,Yongdapdong,43065
3110131,Seongsudongkapegeori,204716,449234,Seongdong-gu,Seongsu2Ga1Dong,131865
3110132,Seongsu2Ga3Dongjuminsenteo,204767,449989,Seongdong-gu,Seongsu2Ga3Dong,76450
3110136,Gyeongsuchodeunghakgyo,205299,449009,Seongdong-gu,Seongsu2Ga1Dong,260628
3110105,Geumdongeorinigongwon,202076,449956,Seongdong-gu,Geumho2?3Gadong,69009
3110106,Geumbukchodeunghakgyo,202140,450763,Seongdong-gu,Geumho1Gadong,21366
3110107,Geumhosageori,202203,449734,Seongdong-gu,Geumho4Gadong,22191
3110112,Haengdangyeok 2Beon,202776,451078,Seongdong-gu,Haengdang1Dong,68591
3110113,Eungbongsan,202786,449918,Seongdong-gu,Eungbongdong,89115
3110114,Wangsipripachulso,202776,451985,Seongdong-gu,Wangsipridoseondong,27058
3110133,Seoulgyotonggongsa,205004,451461,Seongdong-gu,Yongdapdong,80187
3110134,Seongsu119Anjeonsenteo,205062,448509,Seongdong-gu,Seongsu2Ga1Dong,222826
3110135,Seongdongsemuseo,205254,449984,Seongdong-gu,Songjeongdong,136762
3110115,Sangwangsipriyeok 3Beon,202799,451762,Seongdong-gu,Wangsipridoseondong,80878
3110116,Cheonggyecheonbakmulgwan,203093,452318,Seongdong-gu,Majangdong,98083
3110117,Seongdonggubogeonso,203124,451949,Seongdong-gu,Majangdong,49735
3110118,Wangsipriyeok 9Beon,203170,450924,Seongdong-gu,Haengdang1Dong,63575
3110119,Majangjihachado,203308,451914,Seongdong-gu,Majangdong,22524
3110120,Seoulsupkapegeori,203629,449746,Seongdong-gu,Seongsu1Ga2Dong,34852
3110121,Hanyangdaeyeok 4Beon,203699,450806,Seongdong-gu,Sageundong,29267
3110122,Majangyeok 2Beon,203900,452033,Seongdong-gu,Majangdong,80335
3110123,Majangyeok 3Beon,203977,451906,Seongdong-gu,Majangdong,169553
3110124,Ttukseomyeokgyocharo,204001,450061,Seongdong-gu,Seongsu1Ga2Dong,79596
3110125,Sageundongsalgojisangjeomga,204116,451277,Seongdong-gu,Sageundong,128923
3110126,Seoulsupyeok 1Beon,204113,449554,Seongdong-gu,Seongsu1Ga1Dong,18531
3110127,Seongsu1Ga1Dongjuminsenteo,204367,449119,Seongdong-gu,Seongsu1Ga1Dong,38774
3110128,Seongwonjunghakgyo,204412,448741,Seongdong-gu,Seongsu1Ga1Dong,247340
3110157,Jayangdongucheguk,207135,447836,Gwangjin-gu,Jayang2Dong,115158
3110158,Junggok3Dongjuminsenteo,207154,452135,Gwangjin-gu,Junggok3Dong,166799
3110159,Guuiyeok 4Beon,207146,448388,Gwangjin-gu,Jayang1Dong,210895
3110160,Gwangjingyeongchalseo,207370,449364,Gwangjin-gu,Guui1Dong,47848
3110137,Seongsuchodeunghakgyo,205519,449630,Seongdong-gu,Seongsu2Ga3Dong,330983
3110138,Songjeongcheyukgongwon,205936,450143,Seongdong-gu,Songjeongdong,102074
3110139,Jayang4Dongjuminsenteo,205610,448404,Gwangjin-gu,Jayang4Dong,155861
3110140,Geondaeipguyeok 6Beon,205807,448790,Gwangjin-gu,Jayang4Dong,179746
3110141,Geondaeipguyeok 1Beon,205871,449295,Gwangjin-gu,Hwayangdong,67458
3110142,Hwayangsageori,206028,449645,Gwangjin-gu,Hwayangdong,116892
3110144,Eorinidaegongwonyeok 4Beon,206355,449631,Gwangjin-gu,Hwayangdong,42830
3110145,Janganchodeunghakgyo,206431,449938,Gwangjin-gu,Gunjadong,14956
3110146,Sinjachodeunghakgyo,206474,448005,Gwangjin-gu,Jayang3Dong,106885
3110147,Neungdongupyeonchwigeupguk,206519,450742,Gwangjin-gu,Gunjadong,157029
3110148,Eorinidaegongwonyeok 3Beon,206673,449538,Gwangjin-gu,Hwayangdong,45757
3110149,Sejongdaehakgyo,206730,450336,Gwangjin-gu,Gunjadong,45957
3110150,Junggok1Dong Maeulmadang,206780,451324,Gwangjin-gu,Junggok1Dong,159510
3110151,Jayanghangangdoseogwan,206813,447963,Gwangjin-gu,Jayang2Dong,107574
3110152,Junggogeorinigongwon,206897,451708,Gwangjin-gu,Junggok1Dong,50806
3110153,Junggok1Dongjuminsenteo,207018,451220,Gwangjin-gu,Junggok1Dong,50068
3110156,Gunjayeok 5Beon,207110,450472,Gwangjin-gu,Neungdong,153696
3110174,Achasanyeok 1Beon,208044,450658,Gwangjin-gu,Junggok4Dong,103458
3110175,Pureundongsangongwon,208057,449077,Gwangjin-gu,Guui3Dong,96115
3110178,Jangrohoesinhakdaehakgyo,209139,449838,Gwangjin-gu,Gwangjangdong,45933
3110179,Gwangnaruyeok 1Beon,209122,449629,Gwangjin-gu,Gwangjangdong,42085
3110154,Gwangjinjeongmalgongwon,206980,448178,Gwangjin-gu,Jayang1Dong,102102
3110155,Gwangjingucheong,207007,448746,Gwangjin-gu,Jayang1Dong,97314
3110161,Junggogyeok 3Beon,207394,452066,Gwangjin-gu,Junggok3Dong,141901
3110162,Gunjayeok 4Beon,207315,450952,Gwangjin-gu,Junggok2Dong,70945
3110143,Ttukseomyuwonjiyeok 1Beon,206062,448266,Gwangjin-gu,Jayang3Dong,8061
3110176,Haeoreumgongwon,208142,450925,Gwangjin-gu,Junggok4Dong,135318
3110177,Donguichodeunghakgyo,208409,450329,Gwangjin-gu,Guui2Dong,29079
3110163,Seongjachodeunghakgyo,207457,447914,Gwangjin-gu,Jayang2Dong,66483
3110164,Achasanyeok 5Beon,207531,450418,Gwangjin-gu,Neungdong,85050
3110165,Gukripjeongsingeongangsenteo,207575,451405,Gwangjin-gu,Junggok2Dong,95687
3110166,Guui1Dongjuminsenteo,207558,449057,Gwangjin-gu,Guui1Dong,131620
3110167,Yongmachodeunghakgyo,207600,450940,Gwangjin-gu,Junggok2Dong,154354
3110168,Daewongodeunghakgyo,207751,451529,Gwangjin-gu,Junggok4Dong,58514
3110169,Seongdongchodeunghakgyo,207787,448123,Gwangjin-gu,Jayang2Dong,75500
3110170,Dongdaebuyeogo,207834,449143,Gwangjin-gu,Guui1Dong,120727
3110171,Junggok4Dongjuminsenteo,207882,451145,Gwangjin-gu,Junggok4Dong,47879
3110172,Gwangjinchodeunghakgyo,207912,449734,Gwangjin-gu,Guui2Dong,95499
3110173,Gunamchodeunghakgyo,208034,448444,Gwangjin-gu,Guui3Dong,49267
3110180,Gwangjinjeongbodoseogwan,209612,449948,Gwangjin-gu,Gwangjangdong,74699
3110181,Sinseoldongyeok 9Beon,202420,452524,Dongdaemun-gu,Yongsindong,141747
3110182,Yongduhuimangeorinigongwon,202420,453440,Dongdaemun-gu,Yongsindong,59118
3110183,Hanguguiryusiheomyeonguwon,202502,453159,Dongdaemun-gu,Yongsindong,43441
3110206,Teotgolgeunringongwon,204578,453280,Dongdaemun-gu,Jeonnong1Dong,100623
3110207,Siripdaeapsageori,204615,453829,Dongdaemun-gu,Jeonnong1Dong,29327
3110208,Sijosasamgeori,204642,454283,Dongdaemun-gu,Hoegidong,42223
3110209,Dapsipri Jangryeongdanggongwon,204595,452273,Dongdaemun-gu,Dapsipri1Dong,27972
3110184,Yongdusageori,202616,453006,Dongdaemun-gu,Yongsindong,24379
3110185,Yongduchodeunghakgyo,202597,452773,Dongdaemun-gu,Yongsindong,28847
3110186,Jongamchodeunghakgyo,202689,453592,Dongdaemun-gu,Jegidong,22890
3110187,Jegidongyeok 6Beon,202876,452949,Dongdaemun-gu,Yongsindong,159981
3110188,Yongdudongsindongaapateu,202873,452509,Dongdaemun-gu,Yongsindong,152517
3110189,Jegidongyeok 1Beon,202945,453360,Dongdaemun-gu,Jegidong,88499
3110190,Godaeapsageori,203021,453940,Dongdaemun-gu,Jegidong,101416
3110195,Dongdaemungucheong,203596,452957,Dongdaemun-gu,Yongsindong,115383
3110196,Hongreunggeunringongwon,203626,454245,Dongdaemun-gu,Cheongryangridong,37314
3110197,Sejongdaewangginyeomgwangyocharo,203649,454572,Dongdaemun-gu,Cheongryangridong,24771
3110198,Dongdaemunjungangsaemaeulgeumgobonjeom,203744,453658,Dongdaemun-gu,Jegidong,16140
3110199,Hongreungsijang,203766,453910,Dongdaemun-gu,Jegidong,69877
3110200,Dongdaemungyeongchalseo,203921,453959,Dongdaemun-gu,Cheongryangridong,35357
3110201,Jeonnong119Anjeonsenteo,204076,452936,Dongdaemun-gu,Jeonnong1Dong,24149
3110202,Jeonnong1Dongjuminsenteo(Jeonnongsijang),204193,453064,Dongdaemun-gu,Jeonnong1Dong,29821
3110203,Tteokjeongyosageori,204277,453931,Dongdaemun-gu,Cheongryangridong,46180
3110191,Goryeodaeyeok 6Beon,203181,454240,Dongdaemun-gu,Jegidong,79173
3110192,Donguibogamtawo,203304,453083,Dongdaemun-gu,Yongsindong,33231
3110193,Goryeodaeyeok 4Beon,203326,454482,Dongdaemun-gu,Jegidong,67780
3110194,Hongpachodeunghakgyo,203549,453894,Dongdaemun-gu,Jegidong,87946
3110204,Gandemegongwon,204495,452665,Dongdaemun-gu,Dapsipri1Dong,122554
3110205,Gyeonghuidaesamgeori,204533,454605,Dongdaemun-gu,Hoegidong,88816
3110228,Jangangeunringongwon,206152,452923,Dongdaemun-gu,Jangan2Dong,177937
3110229,Jangpyeongjunghakgyo,206184,451672,Dongdaemun-gu,Jangan1Dong,205648
3110230,Janganhyeondaehomtaun1Chaapateu,206324,452165,Dongdaemun-gu,Jangan2Dong,79796
3110231,Jangangyo,206478,453482,Dongdaemun-gu,Jangan2Dong,8256
3110232,Dongdaebugo,206490,453086,Dongdaemun-gu,Jangan2Dong,104535
3110223,Gunjachodeunghakgyo,205576,451597,Dongdaemun-gu,Jangan1Dong,43581
3110224,Oedaeapyeok 2Beon,205611,454967,Dongdaemun-gu,Hwigyeong1Dong,45770
3110225,Chwaryeongsosageori,205617,452236,Dongdaemun-gu,Dapsipri2Dong,54806
3110210,Seoulsiripdae,204784,454008,Dongdaemun-gu,Jeonnong1Dong,110970
3110211,Jeongokmaeulmadanggongwon,204828,453365,Dongdaemun-gu,Jeonnong1Dong,126403
3110212,Dapsiprichodeunghakgyo,204987,452276,Dongdaemun-gu,Dapsipri1Dong,80982
3110213,Cheongryangchodeunghakgyo,205004,454831,Dongdaemun-gu,Imun1Dong,35455
3110214,Gyeonghuidaehumun,204987,455329,Dongdaemun-gu,Imun1Dong,79862
3110215,Hoegiyeok 1Beon,205156,454641,Dongdaemun-gu,Hwigyeong1Dong,51478
3110216,Jeonnongjunghakgyo,205156,453263,Dongdaemun-gu,Jeonnong2Dong,65069
3110217,Jadongchabupumsangga,205207,451743,Dongdaemun-gu,Dapsipri2Dong,56649
3110218,Dapsiprisageori,205138,452341,Dongdaemun-gu,Dapsipri2Dong,82160
3110219,Samyukbogeondaehakgyo,205315,454241,Dongdaemun-gu,Hwigyeong2Dong,179445
3110220,Oedaeapyeok 1Beon,205403,455074,Dongdaemun-gu,Imun1Dong,98625
3110221,Uireung,205397,456047,Seongbuk-gu,Seokgwandong,47130
3110222,Hoegiyeok 2Beon,205428,454564,Dongdaemun-gu,Hwigyeong1Dong,10334
3110226,Jangan1Dongjuminsenteo,205884,452160,Dongdaemun-gu,Jangan1Dong,285861
3110227,Dapsiprigongwon,205920,452959,Dongdaemun-gu,Dapsipri2Dong,55458
3110254,Ogeorigongwon,207331,453019,Jungnang-gu,Myeonmok7Dong,165615
3110255,Sangbongyeok 4Beon,207311,454906,Jungnang-gu,Sangbong2Dong,191245
3110233,Jungrangyeok 1Beon,206528,455158,Jungnang-gu,Junghwa2Dong,124330
3110234,Jungrangyeok 4Beon,206502,454920,Jungnang-gu,Junghwa2Dong,58421
3110235,Sehwaeorinigongwon,206594,455445,Jungnang-gu,Junghwa2Dong,32631
3110236,Sinmukchodeunghakgyo,206616,456591,Jungnang-gu,Muk2Dong,180650
3110237,Megabakseu Sangbong,206601,454652,Jungnang-gu,Myeonmok2Dong,124410
3110238,Baekkocheorinigongwon,206668,456017,Jungnang-gu,Junghwa2Dong,29174
3110239,Jungrangyeok 2Beon,206763,455188,Jungnang-gu,Junghwa2Dong,10368
3110243,Jungrangnoinjonghapbokjigwan,206888,454287,Jungnang-gu,Myeonmok2Dong,128302
3110244,Junghwayeok 4Beon,206912,455985,Jungnang-gu,Junghwa2Dong,63066
3110245,Kbgukmineunhaeng Junghwadongjijeom,206956,455282,Jungnang-gu,Junghwa2Dong,62374
3110246,Woldeusunbogeumgyohoe,206971,454832,Jungnang-gu,Sangbong2Dong,87353
3110247,Meokgoryeok 1Beon,207001,456738,Jungnang-gu,Muk1Dong,148439
3110248,Meokgolpachulso,207107,457297,Jungnang-gu,Muk1Dong,37643
3110249,Junghwayeok 1Beon,207071,456080,Jungnang-gu,Junghwa1Dong,170317
3110250,Hwarangdaeyeok 7Beon,207225,457577,Jungnang-gu,Muk1Dong,39367
3110240,Taereungsijang Teukhwageori,206782,455390,Jungnang-gu,Junghwa2Dong,45536
3110241,Meokgoryeok 5Beon,206829,456519,Jungnang-gu,Muk2Dong,99076
3110242,Myeonmok5Dongjuminsenteo,206907,453904,Jungnang-gu,Myeonmok5Dong,105010
3110251,Janganjunghakgyo,207245,455571,Jungnang-gu,Junghwa1Dong,90556
3110252,Janganjeilsijang,207210,453972,Jungnang-gu,Myeonmok5Dong,121544
3110253,Junggokchodeunghakgyo,207294,452626,Jungnang-gu,Myeonmok4Dong,86503
3110277,Reoseukeuseoulbyeongwon,209068,455483,Jungnang-gu,Mangubondong,118173
3110278,Mangubondongjuminsenteo,209142,455775,Jungnang-gu,Mangubondong,137523
3110272,Sinnae1Dongjuminsenteo,208691,456291,Jungnang-gu,Sinnae1Dong,146352
3110273,Jangseuyeoseongbyeongwon,208719,455672,Jungnang-gu,Sinnae1Dong,69230
3110256,Myeonmok2Dongcheyukgwan,207297,454482,Jungnang-gu,Myeonmok2Dong,221861
3110257,Sangbongyeok 7Beon,207583,455462,Jungnang-gu,Sangbong1Dong,114328
3110258,Myeondongchodeunghakgyo,207582,454086,Jungnang-gu,Myeonmokbondong,111432
3110259,Sagajeongyeok 1Beon,207605,453638,Jungnang-gu,Myeonmok3?8Dong,86298
3110260,Myeonmogyeok 3Beon,207615,454450,Jungnang-gu,Myeonmokbondong,65941
3110261,Sagajeongyeok 4Beon,207796,453176,Jungnang-gu,Myeonmok7Dong,109503
3110262,Sangbongyeok 3Beon,207850,454983,Jungnang-gu,Sangbong2Dong,121975
3110263,Myeonmogyeok 1Beon,207934,454695,Jungnang-gu,Myeonmokbondong,152104
3110264,Myeonmogyeok 2Beon,208090,454193,Jungnang-gu,Myeonmokbondong,216948
3110265,Manguyeok 1Beon,208182,455535,Jungnang-gu,Sangbong1Dong,164846
3110266,Myeonmokdongucheguk,208094,453739,Jungnang-gu,Myeonmok3?8Dong,114047
3110267,Manguyeok 2Beon,207896,455693,Jungnang-gu,Sangbong1Dong,125682
3110268,Mangu3Dongjuminsenteo,208341,454702,Jungnang-gu,Mangu3Dong,71237
3110269,Yongmamunhwabokjisenteo,208386,454301,Jungnang-gu,Myeonmok3?8Dong,50066
3110270,Hyewonyeogo,208593,454695,Jungnang-gu,Mangu3Dong,35644
3110271,Sinnaeyeok 1Beon,208737,457334,Jungnang-gu,Sinnae1Dong,112596
3110274,Seoildaehakgyo,208722,454449,Jungnang-gu,Myeonmok3?8Dong,164098
3110275,Hanaeunhaeng Mangudongjijeom,208807,455418,Jungnang-gu,Mangubondong,35477
3110276,Sinnaeicbukcheuk,209033,457638,Jungnang-gu,Sinnae1Dong,118914
3110320,Kbgukmineunhaeng Jongamdongjijeom,203263,455041,Seongbuk-gu,Jongamdong,52907
3110321,Dongdeogyeodae,203580,456395,Seongbuk-gu,Wolgok1Dong,8750
3110322,Jangwi1Dongjuminsenteo,203690,457290,Seongbuk-gu,Jangwi1Dong,84262
3110323,Sangwolgogyeok 1Beon,203943,456250,Seongbuk-gu,Wolgok2Dong,83644
3110279,Sinnaeyeok 2Beon,209821,457041,Jungnang-gu,Sinnae1Dong,481217
3110280,Bukjeongmaeul,199134,454845,Seongbuk-gu,Seongbukdong,151078
3110281,Gilsangsa,199476,455329,Seongbuk-gu,Seongbukdong,244583
3110282,Gukmindaehakgyoap,199894,456476,Seongbuk-gu,Jeongreung3Dong,69438
3110283,Seongbukchodeunghakgyoap,199941,454796,Seongbuk-gu,Seongbukdong,42242
3110284,Jeongreungbukhansangukripgongwonipgu,199916,457667,Seongbuk-gu,Jeongreung4Dong,57402
3110285,Hongdaebujung,200122,454958,Seongbuk-gu,Seongbukdong,90071
3110286,Hanseongdaeipguyeok 5Beon,200267,454472,Seongbuk-gu,Seongbukdong,112177
3110287,Jeongreung3Dongjuminsenteo,200322,456640,Seongbuk-gu,Jeongreung3Dong,60168
3110288,Dongguyeojung,200468,454617,Seongbuk-gu,Seongbukdong,82760
3110289,Bukhansanbogukmunyeok 2Beon,200613,456596,Seongbuk-gu,Jeongreung3Dong,162270
3110290,Bukhansanbogukmunyeok 1Beon,200797,457090,Seongbuk-gu,Jeongreung4Dong,45706
3110298,Solsupeorinigongwon,201379,456103,Seongbuk-gu,Jeongreung1Dong,37902
3110299,Jeongreungyeok 1Beon,201588,455814,Seongbuk-gu,Jeongreung1Dong,140910
3110300,Samseondongjuminsenteo,201728,454413,Seongbuk-gu,Anamdong,155662
3110301,Seongsinyeodaeipguyeok 7Beon,201622,455143,Seongbuk-gu,Dongseondong,107374
3110302,Bomunyeok 8Beon,201699,453779,Seongbuk-gu,Bomundong,67532
3110303,Seongsinyeodaeipguyeok 1Beon,201864,454954,Seongbuk-gu,Dongseondong,109299
3110304,Bomunyeok 4Beon,201853,454151,Seongbuk-gu,Anamdong,93288
3110305,Bomunyeok 5Beon,201956,453872,Seongbuk-gu,Anamdong,147424
3110306,Miachodeunghakgyo,201991,456550,Seongbuk-gu,Gireum1Dong,32625
3110307,Gireumyeok 7Beon,202044,456064,Seongbuk-gu,Gireum1Dong,55213
3110308,Gireumyeok 8Beon,202156,456410,Seongbuk-gu,Gireum2Dong,84969
3110309,Daegwangchodeunghakgyo,202174,453492,Seongbuk-gu,Anamdong,72678
3110291,Hanseongdaeipguyeok 3Beon,200879,454012,Seongbuk-gu,Samseondong,175682
3110292,Jeongreungyeok 2Beon,200997,456070,Seongbuk-gu,Jeongreung2Dong,21672
3110293,Samseonjunghakgyo,200919,454642,Seongbuk-gu,Seongbukdong,79830
3110294,Seogyeongdaehakgyo,201084,456815,Seongbuk-gu,Jeongreung4Dong,193247
3110295,Jeongreungucheguk,201097,456370,Seongbuk-gu,Jeongreung2Dong,153101
3110296,Seongsinyeodaeipguyeok 4Beon,201319,454904,Seongbuk-gu,Dongseondong,59460
3110297,Gyeongdonggodeunghakgyo,201254,454294,Seongbuk-gu,Samseondong,167263
3110310,Gireumyeok 10Beon,202327,456085,Seongbuk-gu,Gireum2Dong,21941
3110311,Jongamaipakeu2Chahumun,202513,455454,Seongbuk-gu,Jongamdong,26270
3110312,Anamyeok 2Beon,202569,454348,Seongbuk-gu,Anamdong,85118
3110313,Anamyeok 3Beon,202623,453826,Seongbuk-gu,Anamdong,82289
3110314,Jongamgyeongchalseo,202860,455730,Seongbuk-gu,Jongamdong,84094
3110315,Jongamaipakeu2Cha,202967,455307,Seongbuk-gu,Jongamdong,92801
3110316,Sunggokchodeunghakgyo,203036,456508,Seongbuk-gu,Wolgok1Dong,180619
3110317,Jongamjunghakgyo,203017,454857,Seongbuk-gu,Jongamdong,91409
3110318,Ktwolgokjisa,203090,456010,Seongbuk-gu,Wolgok1Dong,76869
3110319,Jongamdongjuminsenteo,203175,455519,Seongbuk-gu,Jongamdong,98376
3110353,Suyudongucheguk,201429,460733,Gangbuk-gu,Suyu2Dong,75187
3110354,Samgaksan119Anjeonsenteo,201493,457814,Gangbuk-gu,Samgaksandong,17571
3110347,Gusegungangbukjonghapsahoebokjigwan,201194,458466,Gangbuk-gu,Samyangdong,32980
3110348,Gangbukmunhwayesulhoegwan,201295,460283,Gangbuk-gu,Insudong,122433
3110349,Hwagyeyeok 2Beon,201298,459290,Gangbuk-gu,Suyu1Dong,26807
3110324,Wolgogyeok 4Beon,204165,456212,Seongbuk-gu,Wolgok2Dong,26587
3110325,Janggokchodeunghakgyo,204065,457480,Seongbuk-gu,Jangwi1Dong,104685
3110326,Jangwidongseongdang,204220,456971,Seongbuk-gu,Jangwi1Dong,45509
3110327,Sangwolgogyeok 2Beon,204404,456574,Seongbuk-gu,Jangwi2Dong,117350
3110328,Sangwolgogyeok 3Beon,204494,456315,Seongbuk-gu,Seokgwandong,88297
3110329,Urieunhaengcheyukgwan,204694,457411,Seongbuk-gu,Jangwi2Dong,88610
3110330,Dolgojiyeok 1Beon,204785,456784,Seongbuk-gu,Jangwi2Dong,72476
3110331,Dolgojiyeok 8Beon,205071,456537,Seongbuk-gu,Seokgwandong,105931
3110332,Dolgojiyeok 3Beon,205180,456985,Seongbuk-gu,Jangwi2Dong,34428
3110333,Dolgojiyeok 5Beon,205235,456656,Seongbuk-gu,Seokgwandong,67373
3110334,Seokgwanjunganggyohoe,205523,456497,Seongbuk-gu,Seokgwandong,84276
3110335,Seokgyeyeok 7Beon,205645,457031,Seongbuk-gu,Seokgwandong,140761
3110336,Seokgwangodeunghakgyo,205718,456720,Seongbuk-gu,Seokgwandong,62554
3110337,Akademihauseu,200625,460586,Gangbuk-gu,Insudong,120638
3110338,Insuchodeunghakgyo,200883,460186,Gangbuk-gu,Insudong,99103
3110339,Gukrip4.19Minjumyoji,200907,460881,Gangbuk-gu,Uidong,12372
3110340,Insujunghakgyo,200791,460520,Gangbuk-gu,Insudong,50149
3110341,Bukhansanuiyeok 2Beon,200835,462472,Gangbuk-gu,Uidong,140183
3110342,Gukripjaehwarwon,201078,459717,Gangbuk-gu,Insudong,62499
3110343,Muneomieorinigongwon,201054,460584,Gangbuk-gu,Uidong,105257
3110344,Hwagyejunghakgyo,201103,459244,Gangbuk-gu,Suyu1Dong,38830
3110366,Gwangsansageori,202157,460441,Gangbuk-gu,Suyu3Dong,57563
3110345,Solbatgongwonyeok 2Beon,201113,461962,Gangbuk-gu,Uidong,103855
3110346,4.19Minjumyojiyeok 2Beon,201112,461090,Gangbuk-gu,Uidong,60794
3110350,Gaoriyeok 2Beon,201343,459984,Gangbuk-gu,Insudong,75348
3110351,Suyubukbusijangyeop,201375,459629,Gangbuk-gu,Insudong,78839
3110352,Suyu1Dongjuminsenteo,201422,458947,Gangbuk-gu,Suyu1Dong,134108
3110371,Samyangipgusageori,202451,457427,Gangbuk-gu,Songcheondong,62809
3110372,Gangbukjunghakgyo,202506,460397,Gangbuk-gu,Suyu3Dong,82483
3110355,Samyangsageoriyeok 2Beon,201603,458000,Gangbuk-gu,Samyangdong,101492
3110356,Deoksugyo,201609,460954,Gangbuk-gu,Suyu2Dong,102062
3110357,Gaoriyeok 1Beon,201573,460422,Gangbuk-gu,Suyu2Dong,47879
3110360,Suyuchodeunghakgyo,201790,459211,Gangbuk-gu,Suyu1Dong,106526
3110361,Samyangsageoriyeok 1Beon,201938,457918,Gangbuk-gu,Songcheondong,74852
3110362,Uicheon Gyeseonggyo,201964,460744,Gangbuk-gu,Suyu2Dong,142902
3110363,Songcheondongjuminsenteo,202008,457606,Gangbuk-gu,Songcheondong,26098
3110364,Miayeok 8Beon,202029,458632,Gangbuk-gu,Miadong,127150
3110365,Miayeok 5Beon,202059,458234,Gangbuk-gu,Miadong,115228
3110358,Insudong Upyeonchwigeupguk,201703,459587,Gangbuk-gu,Suyu3Dong,111455
3110359,Suyusijangyeop,201763,459911,Gangbuk-gu,Suyu3Dong,135413
3110367,Gangbukgucheong,202105,460127,Gangbuk-gu,Suyu3Dong,63938
3110368,Songcheonchodeunghakgyo,202139,457232,Gangbuk-gu,Songcheondong,105075
3110369,Seongsinyeodaeunjeonggeurinkaempeoseu,202277,459283,Gangbuk-gu,Miadong,133932
3110370,Dobongsemuseo,202381,457675,Gangbuk-gu,Songcheondong,108984
3110396,Ssangmunyeok1Beon(Ssangridangil),203218,460963,Dobong-gu,Chang1Dong,52971
3110397,Dobongsanipgu,203332,464982,Dobong-gu,Dobong1Dong,542024
3110398,Ssangmun2Dongucheguk,203278,461696,Dobong-gu,Ssangmun2Dong,102318
3110399,Chang2Dongjuminsenteo,203454,460218,Dobong-gu,Chang2Dong,161205
3110390,Banghakchodeunghakgyo,202823,462590,Dobong-gu,Banghak2Dong,61821
3110391,Saemmareorinigongwon,202929,463310,Dobong-gu,Banghak2Dong,245401
3110392,Balbadakgongwon,202856,462194,Dobong-gu,Ssangmun4Dong,10355
3110393,Gukmineunhaengbanghakjijeom,202933,462499,Dobong-gu,Banghak3Dong,21358
3110373,Suyuyeok 2Beon,202534,459700,Gangbuk-gu,Beon1Dong,84732
3110374,Songjungchodeunghakgyo,202711,457804,Gangbuk-gu,Songjungdong,204374
3110375,Seoulbukbugoyongnodongjicheong,202797,459422,Gangbuk-gu,Beon2Dong,58262
3110376,Susongchodeunghakgyo,202774,459976,Gangbuk-gu,Beon1Dong,208928
3110377,Miasageoriyeok 3Beon,202936,456864,Gangbuk-gu,Songjungdong,35635
3110378,Songjungdongjuminsenteo,203052,457230,Gangbuk-gu,Songjungdong,53154
3110379,Kt&G Bukbujisa,203145,459526,Gangbuk-gu,Beon1Dong,32184
3110380,Gangbukmunhwajeongbodoseogwan,203187,458642,Gangbuk-gu,Beon2Dong,40504
3110381,Beondongjugong2Danji,203912,458714,Gangbuk-gu,Beon3Dong,50484
3110382,Solbatgongwonyeok 1Beon,201230,461803,Dobong-gu,Ssangmun1Dong,40166
3110383,Deokseongyeodaesibangeori,201215,461310,Dobong-gu,Ssangmun1Dong,43039
3110384,Munigyo,201446,462166,Dobong-gu,Ssangmun1Dong,108209
3110780,Singildaeseongyunideuapateu,191436,444742,Yeongdeungpo-gu,Singil5Dong,87225
3110781,Daerimhansinapateu,191471,443882,Yeongdeungpo-gu,Daerim1Dong,84160
3110782,Yeongdeungposijangyeok 4Beon,191491,446960,Yeongdeungpo-gu,Yeongdeungpodong,30037
3110783,Yeongdeungposijangyeok 1Beon,191527,447259,Yeongdeungpo-gu,Yeongdeungpodong,49012
3110385,Hyomungodeunghakgyo,201627,461645,Dobong-gu,Ssangmun1Dong,96072
3110386,Yeonsangunmyo,202103,462367,Dobong-gu,Banghak3Dong,16363
3110387,Ssangmunchodeunghakgyo,202159,461198,Dobong-gu,Ssangmun1Dong,143845
3110388,Dobongucheguk,202678,460881,Dobong-gu,Ssangmun3Dong,55371
3110389,Hanilbyeongwon,202647,460524,Dobong-gu,Ssangmun3Dong,52890
3110394,Banghakjunghakgyo,203106,463000,Dobong-gu,Banghak2Dong,157817
3110395,Sinhaneunhaeng Banghakdongjijeom,203218,462687,Dobong-gu,Banghak1Dong,52472
3110430,Junggyechodeunghakgyo,206575,461975,Nowon-gu,Junggye4Dong,11185
3110431,Sanggyeyeok,206556,462351,Nowon-gu,Junggye4Dong,55707
3110480,Yeonsinnaeyeok 3Beon,193392,457581,Eunpyeong-gu,Bulgwang1Dong,77808
3110481,Bulgwangyeok 7Beon,193522,456966,Eunpyeong-gu,Daejodong,88375
3110455,Yeokchonnoinbokjigwan,192271,455990,Eunpyeong-gu,Yeokchondong,155405
3110456,Gusanbogeonjiso,192317,456472,Eunpyeong-gu,Gusandong,170875
3110457,Yeiryeogo,192325,456907,Eunpyeong-gu,Gusandong,93412
3110505,Hongnamgyonamcheuk,193361,452692,Seodaemun-gu,Yeonhuidong,21259
3110506,Yeonhuiimgwangapateu,193454,451816,Seodaemun-gu,Yeonhuidong,25732
3110483,Yeoncheonchodeunghakgyo,193551,457851,Eunpyeong-gu,Bulgwang1Dong,67748
3110484,Yeokchonyeok 3Beon,193559,456301,Eunpyeong-gu,Nokbeondong,191591
3110470,Sinjingwahakgisulgodeunghakgyo,192849,455298,Eunpyeong-gu,Eungam1Dong,34929
3110471,Eungamdongucheguk,192874,454645,Eunpyeong-gu,Eungam2Dong,123744
3110517,Seodaemunsobangseo,194394,452679,Seodaemun-gu,Yeonhuidong,63408
3110518,Seodaemungucheong,194404,453061,Seodaemun-gu,Yeonhuidong,49879
3110491,Bulgwangjunghakgyo,194346,458292,Eunpyeong-gu,Bulgwang2Dong,300653
3110492,Hanagodeunghakgyo,194584,460074,Eunpyeong-gu,Jingwandong,133323
3110493,Bukgajwachodeunghakgyo,191669,452953,Seodaemun-gu,Bukgajwa1Dong,44322
3110507,Myeongjidaehakgyo,193437,453250,Seodaemun-gu,Hongeun2Dong,176999
3110508,Seoyeonjunghakgyo,193595,452248,Seodaemun-gu,Yeonhuidong,171649
3110534,Gyeonggidaehakgyo,196485,451629,Seodaemun-gu,Chunghyeondong,71787
3110535,Yeongcheonsijangipgu,196528,452201,Seodaemun-gu,Cheonyeondong,34671
3110519,Seodaemungubogeonsobyeolgwan,194442,453988,Seodaemun-gu,Hongje1Dong,115619
3110520,Gyeonguijungang Sinchonyeok,194757,450919,Seodaemun-gu,Sinchondong,60585
3110566,Gyeonguiseonchaekgeori,193685,450750,Mapo-gu,Seogyodong,156743
3110542,Mapogucheongyeok 7Beon,191345,451292,Mapo-gu,Mangwon2Dong,123656
3110543,Jungamjunghakgyo,191421,452638,Mapo-gu,Seongsan2Dong,21216
3110544,Mangridangil,191619,450607,Mapo-gu,Mangwon1Dong,311648
3110545,Mapogucheongyeok 1Beon,191544,451746,Mapo-gu,Seongsan2Dong,87346
3110584,Ahyeonyeok 4Beon,195866,450839,Mapo-gu,Ahyeondong,14177
3110553,Gajwayeok 2Beon,192127,452064,Mapo-gu,Seongsan2Dong,83965
3110554,Mangwonyeok 1Beon,192277,450762,Mapo-gu,Seogyodong,126268
3110555,Hongikjigudae,192243,450433,Mapo-gu,Seogyodong,21035
3110580,Yangwonchodeunghakgyo,195137,450415,Mapo-gu,Daeheungdong,39360
3110581,Yeomrichodeunghakgyo,195296,449319,Mapo-gu,Yonggangdong,13748
3110582,Idaeyeok 5Beon,195312,450646,Mapo-gu,Yeomridong,53599
3110583,Gongdeokraemian3Chaapateu,195817,449922,Mapo-gu,Ahyeondong,7972
3110567,Gwangheungchangyeok 6Beon,193708,449746,Mapo-gu,Seogangdong,21814
3110568,Gwangheungchangyeok 1Beon,193929,449952,Mapo-gu,Seogangdong,25225
3110421,Seokgyeyeok 1Beon,205573,457361,Nowon-gu,Wolgye1Dong,69794
3110422,Nowonyeok 9Beon,205580,462171,Nowon-gu,Sanggye10Dong,35324
3110585,Mapogyeongchalseo,195953,450143,Mapo-gu,Ahyeondong,18216
3110586,Seoulseobujibangbeobwon,196159,450001,Mapo-gu,Gongdeokdong,132139
3110587,Gongdeokdongjuminsenteo,196316,449878,Mapo-gu,Gongdeokdong,76629
3110447,Gusanchodeunghakgyo,191809,457108,Eunpyeong-gu,Gusandong,36415
3110448,Sangsinchodeunghakgyoipgu,191804,455212,Eunpyeong-gu,Sinsa2Dong,61765
3110409,Changdongyeok 2Beon,203829,461718,Dobong-gu,Chang5Dong,77642
3110410,Banghagyeok 2Beon,203939,463274,Dobong-gu,Banghak1Dong,130951
3110411,Dobongyeok 3Beon,204032,464014,Dobong-gu,Dobong2Dong,90321
3110412,Changdongjunghakgyo,204240,462445,Dobong-gu,Chang4Dong,21146
3110436,Sanggyejeiljunghakgyo,206697,462140,Nowon-gu,Junggye4Dong,41545
3110437,Danggogaeyeok 2Beon,206846,463073,Nowon-gu,Sanggye3?4Dong,83701
3110438,Gyeongchunseonsupgil Ucheuk,206924,458484,Nowon-gu,Gongreung2Dong,100071
3110423,Seokgyeyeok 2Beon,205719,457498,Nowon-gu,Wolgye1Dong,58165
3110472,Yeonsinnaeyeok 4Beon,193000,457351,Eunpyeong-gu,Daejodong,134157
3110473,Gusanyeok 1Beon,193014,457016,Eunpyeong-gu,Daejodong,185580
3110449,Jeungsanyeok 3Beon,191787,453767,Eunpyeong-gu,Jeungsandong,154127
3110494,Jeungsan3Gyonamcheuk,191718,453280,Seodaemun-gu,Bukgajwa1Dong,32244
3110495,Bukgajwa2Dongjuminsenteo,192016,453516,Seodaemun-gu,Bukgajwa2Dong,183812
3110560,Mapofm,192787,451180,Mapo-gu,Yeonnamdong,60230
3110561,Sangsuyeok 4Beon,193020,449646,Mapo-gu,Seogangdong,81410
3111078,Gubeundariyeok 4Beon,212791,449269,Gangdong-gu,Gildong,207328
3110485,Yeonsinnaeucheguk,193759,458017,Eunpyeong-gu,Bulgwang2Dong,103329
3110486,Eunpyeonggucheong,193642,455881,Eunpyeong-gu,Nokbeondong,63348
3110487,Bulgwangyeok 8Beon,193806,456935,Eunpyeong-gu,Bulgwang1Dong,23276
3110521,Hongjeyeok 4Beon,194925,454327,Seodaemun-gu,Hongje1Dong,30428
3110522,Hongjeyeok 3Beon,195088,454097,Seodaemun-gu,Hongje1Dong,37420
3110523,Hongjeseongwonapateu,195052,453807,Seodaemun-gu,Hongje1Dong,14283
3110524,Yeonhuisebeuranseubyeongwon,195078,451634,Seodaemun-gu,Sinchondong,30580
3110496,Moraenaeucheguk,192218,453273,Seodaemun-gu,Bukgajwa2Dong,69544
3110546,Yanghwadaegyobukdan,191662,450075,Mapo-gu,Hapjeongdong,102440
3110547,Kbgukmineunhaeng Mangwondongjijeom,191646,451113,Mapo-gu,Mangwon2Dong,72666
3110458,Seoniryeogo,192396,457958,Eunpyeong-gu,Galhyeon2Dong,118649
3110459,Eungamyeok 2Beon,192366,455560,Eunpyeong-gu,Sinsa1Dong,104660
3110460,Gusanyeok 4Beon,192498,457218,Eunpyeong-gu,Galhyeon2Dong,149102
3110536,Donuimunsenteurebirapateuipgu,196793,451833,Seodaemun-gu,Chunghyeondong,21586
3110537,Chungjeongrohyeondaeapateu,196781,451522,Seodaemun-gu,Chunghyeondong,52786
3110538,Chungjeongroyeok 3Beon,196883,451251,Seodaemun-gu,Chunghyeondong,16657
3110539,Migeundong,197093,451559,Seodaemun-gu,Chunghyeondong,48052
3110525,Hongeunjonghapsahoebokjigwan,195233,455053,Seodaemun-gu,Hongeun1Dong,35519
3110569,Hongdaettaengttaenggeori,193992,450570,Mapo-gu,Seogangdong,84934
3110570,Kbgukmineunhaeng Seogangjijeom,194258,449405,Mapo-gu,Sinsudong,24575
3110548,Mapogucheongyeok 4Beon,191712,451412,Mapo-gu,Seongsan1Dong,113289
3110400,Dobonggubogeonso,203457,462153,Dobong-gu,Ssangmun2Dong,123299
3110401,Dobongguminhoegwan,203483,461709,Dobong-gu,Chang5Dong,44767
3110414,Jangseokgyohoe,204615,458250,Nowon-gu,Wolgye1Dong,68483
3110415,Suraksanyeok 4Beon,204689,464016,Nowon-gu,Sanggye1Dong,197508
3110461,Saejeoryeok 2Beon,192506,454562,Eunpyeong-gu,Eungam3Dong,33922
3110588,Hangyeoresinmunsa,196474,449809,Mapo-gu,Gongdeokdong,72183
3110589,Aeogaeyeok 3Beon,196507,450469,Mapo-gu,Gongdeokdong,31214
3110571,Sinsudongjuminsenteo,194370,449562,Mapo-gu,Sinsudong,75550
3110572,Seogangdaeyeok 1Beon,194437,450111,Mapo-gu,Sinsudong,148225
3110424,Sanggyechodeunghakgyo,205957,462130,Nowon-gu,Sanggye2Dong,75911
3110402,Dobonggu Jeongbyeongwon,203471,462457,Dobong-gu,Banghak1Dong,118386
3110403,Banghak1Dongjuminsenteo,203537,462802,Dobong-gu,Banghak1Dong,153054
3110404,Sinchangchodeunghakgyo,203576,459627,Dobong-gu,Chang3Dong,297142
3110450,Siripseobukbyeongwon,191983,456211,Eunpyeong-gu,Gusandong,195983
3111084,Gildongsindongaapateu,213077,449188,Gangdong-gu,Gildong,20962
3111085,Myogokchodeunghakgyo(Godeogaipakeuapateu),213598,451279,Gangdong-gu,Godeok1Dong,144712
3111086,Hanyeongjunggo,213661,449837,Gangdong-gu,Myeongil2Dong,75463
3111087,Godeokjunghakgyo(Godeok2Dongjuminsenteo),214375,451335,Gangdong-gu,Godeok2Dong,63497
3111088,Godeokdongseongdang,215015,451172,Gangdong-gu,Godeok2Dong,71669
3110439,Danggogaeyeok 5Beon,206942,463518,Nowon-gu,Sanggye3?4Dong,99026
3110440,Sanggye3Dong4Dongjuminsenteo,207404,463610,Nowon-gu,Sanggye3?4Dong,54632
3110441,Yeongsinyeogo,207291,461205,Nowon-gu,Junggyebondong,54737
3110442,Hwarangdaecheoldogongwon,207943,458309,Nowon-gu,Gongreung2Dong,20050
3110425,Gyesangchodeunghakgyo,206006,462411,Nowon-gu,Sanggye5Dong,104277
3110474,Semyeongkeompyuteogodeunghakgyo,193094,458463,Eunpyeong-gu,Bulgwang2Dong,125765
3110451,Jeungsanyeok 4Beon,192207,454149,Eunpyeong-gu,Jeungsandong,178167
3110497,Gajwayeok 3Beon,192369,452344,Seodaemun-gu,Namgajwa1Dong,27096
3110509,Yeonhuidaeuapateuap,193678,451158,Seodaemun-gu,Sinchondong,117804
3110510,Hongyeonsijang,193904,453009,Seodaemun-gu,Yeonhuidong,42513
3110556,Jeoldusansungyoseongji,192375,449482,Mapo-gu,Hapjeongdong,41215
3110488,Urieunhaengeungamdongjijeom,193806,455674,Eunpyeong-gu,Eungam1Dong,93490
3110489,Bulgwangyeok 3Beon,193908,456402,Eunpyeong-gu,Nokbeondong,31324
3110490,Nokbeondonggeunringongwon,193973,456174,Eunpyeong-gu,Nokbeondong,128235
3110475,Baekryeonsanhaemoroapateu,193130,455354,Eunpyeong-gu,Eungam1Dong,70709
3110476,Yeokchonyeok 2Beon,193193,456536,Eunpyeong-gu,Daejodong,31638
3110526,Bongwonsa,195306,452138,Seodaemun-gu,Sinchondong,112347
3110498,Jeungsanyeok 1Beon,192362,454070,Seodaemun-gu,Bukgajwa2Dong,115165
3110499,Yeongachodeunghakgyo,192836,453604,Seodaemun-gu,Bukgajwa2Dong,122136
3110500,Namgajwadonghyeondaeapateu,192917,452686,Seodaemun-gu,Namgajwa2Dong,26069
3110462,Galhyeongeonyeongapateu,192582,458461,Eunpyeong-gu,Galhyeon1Dong,155714
3110463,Eungam3Dongjuminsenteo,192604,454716,Eunpyeong-gu,Eungam3Dong,53976
3110464,Yeonsinnaeyeok 5Beon,192658,457512,Eunpyeong-gu,Galhyeon2Dong,99182
3110540,Mangwonnadeulmokcheyukgwan,191170,450546,Mapo-gu,Mangwon1Dong,61616
3110541,Donggyochodeunghakgyo,191287,450928,Mapo-gu,Mangwon2Dong,101027
3110527,Hongjeyeok 2Beon,195323,454390,Seodaemun-gu,Hongje3Dong,106073
3110528,Seouryeojaganhodaehakgyo,195385,455125,Seodaemun-gu,Hongje3Dong,59337
3110573,Sinchonyeok 6Beon,194527,450416,Mapo-gu,Daeheungdong,9367
3110574,Seogangdaehakgyo,194699,449975,Mapo-gu,Daeheungdong,16304
3110549,Saeteosan,191929,451850,Mapo-gu,Seongsan2Dong,101078
3110550,Hapjeongyeok 8Beon,191993,450196,Mapo-gu,Hapjeongdong,173803
3111079,Dunchongodeunghakgyo(Dunchonjunghakgyo),212802,447928,Gangdong-gu,Dunchon2Dong,66695
3111080,Gubeundariyeok 3Beon,212907,449841,Gangdong-gu,Myeongil1Dong,83549
3111081,Dunchonpureujioapateu,212915,448408,Gangdong-gu,Dunchon2Dong,17651
3111082,Jungangbohunbyeongwon,213045,448204,Gangdong-gu,Dunchon2Dong,21834
3111083,Gsgangdongjaiapateu,213004,448764,Gangdong-gu,Gildong,81524
3110593,Sinwol3Dongjuminsenteo,184691,448235,Yangcheon-gu,Sinwol3Dong,177705
3110594,Sinwoljunghakgyo,184761,449104,Yangcheon-gu,Sinwol5Dong,77868
3110595,Medihilbyeongwon,184977,448713,Yangcheon-gu,Sinwol5Dong,187236
3110443,Susaegyeok 1Beon,190793,453820,Eunpyeong-gu,Susaekdong,39392
3110575,Daeheungdongjuminsenteo,194807,450616,Mapo-gu,Daeheungdong,71531
3110576,Daeheungyeok 3Beon,195036,449638,Mapo-gu,Daeheungdong,76040
3110426,Sanggye2Dongjuminsenteo,206148,461865,Nowon-gu,Sanggye2Dong,130017
3110405,Banghagyeok 1Beon,203619,463278,Dobong-gu,Banghak1Dong,185625
3110452,Saejeoryeok 3Beon,192273,454515,Eunpyeong-gu,Sinsa2Dong,112690
3110557,Hongdaebusogyeojunggoap,192530,450970,Mapo-gu,Seogyodong,112569
3110558,Gyeongseonggodeunghakgyo,192565,451651,Mapo-gu,Seongsan1Dong,321532
3110559,Seongsanjunghakgyo,192688,449683,Mapo-gu,Hapjeongdong,100801
3110413,Nuwongodeunghakgyo,204198,464883,Dobong-gu,Dobong2Dong,74353
3110444,Susaekseongdang,191453,453224,Eunpyeong-gu,Jeungsandong,73705
3110445,Deoksanjunghakgyo,191769,455726,Eunpyeong-gu,Sinsa1Dong,41323
3110446,Naereulgeonneoseosupeurodoseogwan,191796,454593,Eunpyeong-gu,Sinsa2Dong,59764
3110427,Nowon Euljidaehakgyobyeongwon,206268,459433,Nowon-gu,Hagye1Dong,30640
3110428,Sanggye5Dongjuminsenteo,206276,462728,Nowon-gu,Sanggye5Dong,217725
3110477,Eunpyeongsemuseo,193336,455907,Eunpyeong-gu,Nokbeondong,101732
3110478,Eungam1Dongjuminsenteo,193406,455584,Eunpyeong-gu,Eungam1Dong,61196
3110453,Sinsa1Dongjuminsenteo,192303,455136,Eunpyeong-gu,Sinsa1Dong,209465
3110454,Seonjeongjunghakgyo,192299,457526,Eunpyeong-gu,Galhyeon2Dong,117225
3110511,Yeonhuichodeunghakgyo,194055,451806,Seodaemun-gu,Yeonhuidong,200962
3110512,Yeonhuijihachado,194158,453091,Seodaemun-gu,Yeonhuidong,112524
3110513,Yeonhuipachulso,194116,452409,Seodaemun-gu,Yeonhuidong,81070
3110515,Hongeunjunghakgyo,194180,454791,Seodaemun-gu,Hongeun2Dong,64938
3110516,Jeongwonyeojung,194259,453935,Seodaemun-gu,Hongeun2Dong,65332
3110564,Hongdaeipguyeok 3Beon,193428,451158,Mapo-gu,Seogyodong,49371
3110479,Yeonsinnaeyeok 2Beon,193382,458068,Eunpyeong-gu,Bulgwang2Dong,102295
3110529,Hongje3Dongjuminsenteo,195418,454778,Seodaemun-gu,Hongje3Dong,113498
3110501,Yeonhuieorinigongwon,193028,452001,Seodaemun-gu,Yeonhuidong,123377
3110502,Namgajwapachulso,193174,452938,Seodaemun-gu,Namgajwa2Dong,125757
3110503,Myeongjidaehakgyogyohoe,193247,453681,Seodaemun-gu,Namgajwa2Dong,154746
3110504,Myeongjijeonmundae,193319,454064,Seodaemun-gu,Hongeun2Dong,34484
3110482,Yeonsinchodeunghakgyo,193583,458450,Eunpyeong-gu,Bulgwang2Dong,35348
3110532,Ahyeonyeok 2Beon,196252,451127,Seodaemun-gu,Bugahyeondong,61152
3110533,Chungjeongroyeok 7Beon,196504,451105,Seodaemun-gu,Bugahyeondong,39228
3110565,Hongikdae,193630,450369,Mapo-gu,Seogangdong,43573
3110419,Suraksandijaingeori,205038,464087,Nowon-gu,Sanggye1Dong,125994
3110530,Ahyeonyeok 1Beon,195903,450890,Seodaemun-gu,Bugahyeondong,17473
3110531,Hongjimun,196095,455335,Jongno-gu,Buamdong,78118
3110577,Yonggangdongjuminsenteo,195056,449322,Mapo-gu,Yonggangdong,26040
3110578,Daeheungyeok 2Beon,195146,449859,Mapo-gu,Yeomridong,111950
3110551,Seongseochodeunghakgyo,192011,451116,Mapo-gu,Seongsan1Dong,102638
3110552,Seongmisancheyukgwan,192075,451621,Mapo-gu,Seongsan1Dong,97940
3110590,Manrijae,196687,450062,Mapo-gu,Gongdeokdong,59702
3110591,Chungjeongroyeok 6Beon,196681,450974,Jung-gu,Jungrimdong,51038
3110592,Seoulgeumyunggodeunghakgyo,184589,448509,Yangcheon-gu,Sinwol3Dong,42118
3110420,Gwangundaeyeok 1Beon,205266,457942,Nowon-gu,Wolgye1Dong,50431
3110468,Eungamyeok 3Beon,192780,455968,Eunpyeong-gu,Yeokchondong,243033
3110469,Eungamjeongbodoseogwan,192812,454074,Eunpyeong-gu,Eungam3Dong,197026
3110579,Mapoyeok 4Beon,195146,448511,Mapo-gu,Dohwadong,55046
3110429,Gongreungdong Guksugeori,206455,457940,Nowon-gu,Gongreung1Dong,160554
3110406,Dobongsanyeok 1Beon,203718,465573,Dobong-gu,Dobong1Dong,247532
3110407,Dobongyeok 2Beon,203614,463983,Dobong-gu,Dobong1Dong,454340
3110408,Gainchodeunghakgyo,203661,462129,Dobong-gu,Chang5Dong,53197
3110432,Daejingodeunghakgyo,206468,459617,Nowon-gu,Hagye1Dong,69099
3110433,Gongreungyeok 2Beon,206692,458322,Nowon-gu,Gongreung1Dong,95309
3110434,Taereungipguyeok 4Beon,206724,457916,Nowon-gu,Gongreung1Dong,38090
3110435,Seoulgwahakgisuldae,206727,458887,Nowon-gu,Gongreung2Dong,17818
3110692,Keunguldari,186407,444470,Guro-gu,Gaebong1Dong,68249
3110693,Oryudongyeok 4Beon,186407,444108,Guro-gu,Oryu1Dong,9129
3110694,Segokchodeunghakgyo,186504,445043,Guro-gu,Gocheok2Dong,196285
3110695,Gaebong1Dongjuminsenteo,186895,444572,Guro-gu,Gocheok2Dong,191612
3110696,Oryudongyeok 1Beon,186908,443849,Guro-gu,Gaebong2Dong,87977
3110663,Ujangsanrotdekaeseurapateuap,186697,450527,Gangseo-gu,Hwagok6Dong,38550
3110664,Gangseogucheongyeop,186927,450211,Gangseo-gu,Hwagok6Dong,22736
3110665,Gomdalraedoseogwan,186976,447805,Gangseo-gu,Hwagok2Dong,205223
3110666,Kcdaehakgyo,186979,449983,Gangseo-gu,Hwagok6Dong,48432
3110667,Gayangyeok 10Beon,187021,451363,Gangseo-gu,Deungchon3Dong,29342
3110749,Geumsanchodeunghakgyo(Geumcheongodeunghakgyo),191606,438077,Geumcheon-gu,Siheung3Dong,145627
3110750,Siheung4Dongjuminsenteo(Seoulsinheungchodeunghakgyo),191736,439818,Geumcheon-gu,Siheung4Dong,113692
3110681,Onsuyeok 1Beon,184516,443619,Guro-gu,Sugungdong,82313
3110682,Onsuyeok 8Beon,184527,444083,Guro-gu,Sugungdong,32907
3110683,Oryugodeunghakgyo,184751,444388,Guro-gu,Sugungdong,41660
3110703,Gaebongyeok,187529,443979,Guro-gu,Gaebong1Dong,119182
3110704,Gocheokjunghakgyo,187951,444448,Guro-gu,Gocheok1Dong,15243
3110705,Gosanchodeunghakgyo,188048,444505,Guro-gu,Gocheok1Dong,20963
3110706,Geuraundeu Gocheok,188121,444651,Guro-gu,Gocheok1Dong,44173
3110722,Gtawo,190905,442315,Guro-gu,Guro3Dong,84987
3110723,Gasandijiteoldanjiyeok 1Beon Churipgu,189704,442648,Geumcheon-gu,Gasandong,42837
3110724,Geumcheonguripgasandoseogwan,190323,441521,Geumcheon-gu,Gasandong,64563
3110725,Gasandongjuminsenteo,190311,442041,Geumcheon-gu,Gasandong,39903
3110803,Singil2Dongupyeonchwigeupguk,192220,445910,Yeongdeungpo-gu,Yeongdeungpobondong,97248
3110804,Sinpungyeok 1Beon,192291,444455,Yeongdeungpo-gu,Singil6Dong,83571
3110805,Singilsaemaeulgeumgosingil4Dongjijeom,192281,445152,Yeongdeungpo-gu,Singil4Dong,27917
3110806,Seoulsiribyeongdeungpojangaeinbokjigwan,192318,446855,Yeongdeungpo-gu,Yeongdeungpodong,14104
3110733,Geumcheoneoulrimbokjisenteo,190931,439912,Geumcheon-gu,Siheung1Dong,36821
3110734,Geumcheonpachulso,191062,439366,Geumcheon-gu,Siheung1Dong,16742
3110735,Malmigogae,191078,440370,Geumcheon-gu,Doksan2Dong,180092
3110736,Doksan119Anjeonsenteo,191226,440910,Geumcheon-gu,Doksan4Dong,124454
3110755,Dongiryeojagodeunghakgyo,192287,439057,Geumcheon-gu,Siheung2Dong,59664
3110756,Munraejunghakgyo,189708,447052,Yeongdeungpo-gu,Yangpyeong1Dong,49828
3110757,Yangpyeongyeok 2Beon,189756,447266,Yeongdeungpo-gu,Yangpyeong1Dong,73590
3110758,Munraesogongwon,189992,446829,Yeongdeungpo-gu,Munraedong,38867
3110807,Singiryeok 3Beon,192385,446482,Yeongdeungpo-gu,Yeongdeungpodong,44675
3110774,Dangsanbandoyuborapaelriseuapateu,191142,447658,Yeongdeungpo-gu,Dangsan2Dong,35052
3110775,Daedongchodeunghakgyo,191264,443608,Yeongdeungpo-gu,Daerim2Dong,35075
3110776,Dosinchodeunghakgyo,191374,444236,Yeongdeungpo-gu,Daerim3Dong,113740
3110643,Gangseogudasolmaeul,183982,450681,Gangseo-gu,Gonghangdong,127210
3110644,Singwangmyeongmaeul,184449,449781,Gangseo-gu,Balsan1Dong,121040
3110645,Ujangsanyeok 4Beon,185289,450314,Gangseo-gu,Balsan1Dong,180103
3110790,Daerim1Dongjuminsenteo,191730,444244,Yeongdeungpo-gu,Singil5Dong,115306
3110791,Sinpungyeok 3Beon,191799,444488,Yeongdeungpo-gu,Singil5Dong,21697
3110792,Yeongdeungpoyeok 2Beon,191832,445827,Yeongdeungpo-gu,Dorimdong,129915
3110793,Daerimsseonpeuraja,191840,444066,Yeongdeungpo-gu,Daerim1Dong,9883
3110808,Singiryeok 1Beon,192419,446351,Yeongdeungpo-gu,Yeongdeungpobondong,31907
3110809,Janghungodeunghakgyo,192541,445881,Yeongdeungpo-gu,Yeongdeungpobondong,31824
3110653,Hwagogyeok 2Beon,185990,449471,Gangseo-gu,Ujangsandong,122821
3110608,Sinwol2Dongjuminsenteo,186375,447299,Yangcheon-gu,Sinwol2Dong,199259
3110609,Sinjeongnegeoriyeok 2Beon,186656,446922,Yangcheon-gu,Sinjeong3Dong,48181
3110610,Gyenamgeunringongwon,186751,446350,Yangcheon-gu,Sinjeong3Dong,70654
3110699,Deoguichodeunghakgyo,187204,445195,Guro-gu,Gocheok2Dong,55364
3110700,Gocheokchodeunghakgyo,187387,444733,Guro-gu,Gocheok1Dong,131905
3110623,Galsangongwon,188487,445288,Yangcheon-gu,Sinjeong7Dong,156540
3110624,Mokdongmunhwacheyuksenteo,188603,449088,Yangcheon-gu,Mok2Dong,43801
3110625,Sinjeong2Dongjuminsenteo,188656,446559,Yangcheon-gu,Sinjeong2Dong,100874
3110626,Yanghwachodeunghakgyo,188812,449453,Yangcheon-gu,Mok2Dong,127884
3110654,Kkachisanyeok 4Beon,185968,448182,Gangseo-gu,Hwagok1Dong,276225
3110655,Balsanyeok 5Beon,186090,450860,Gangseo-gu,Ujangsandong,121172
3110562,Yeonteureolpakeu(Yeonnamdongjuminsenteo),193227,451584,Mapo-gu,Yeonnamdong,96104
3110563,Sangsuyeok 3Beon,193303,449582,Mapo-gu,Seogangdong,37381
3110751,Nangokjunghakgyo,191767,442077,Geumcheon-gu,Doksan3Dong,142894
3110752,Hanuljunghakgyo,191944,440258,Geumcheon-gu,Siheung4Dong,160859
3110684,Seoulgongyeonyesulgodeunghakgyo,184965,444368,Guro-gu,Sugungdong,56085
3110685,Geumgangsumogwonapateu,185185,443424,Guro-gu,Oryu2Dong,33067
3110686,Sugungdongjuminsenteo,185334,443922,Guro-gu,Sugungdong,191258
3110707,Gurochangeopjiwonsenteo,189343,445600,Guro-gu,Sindorimdong,185688
3110708,Hwawoneorinigongwon,189501,444279,Guro-gu,Guro2Dong,50397
3110709,Guro119Anjeonsenteo,189526,443837,Guro-gu,Guro2Dong,88217
3110710,Namguroyeok 3Beon,189736,443055,Guro-gu,Guro2Dong,224117
3110711,Gurochodeunghakgyo,189750,444136,Guro-gu,Guro2Dong,157006
3110712,Namguroyeok 5Beon,189968,443117,Guro-gu,Guro4Dong,83115
3110668,Hwagok2Dongjuminsenteo,187035,448118,Gangseo-gu,Hwagok2Dong,178678
3110669,Hwagokboram2Chaapateu,187100,450388,Gangseo-gu,Hwagok6Dong,15189
3110670,Singokchodeunghakgyo,187264,448458,Gangseo-gu,Hwagok4Dong,146128
3110726,Geumcheoncheoljjugeorinigongwon(Geumhamaeul),190327,439326,Geumcheon-gu,Doksan1Dong,44361
3110815,Gonggunhotel,193118,445802,Yeongdeungpo-gu,Singil1Dong,182950
3110816,Daebangyeok 6Beon,193249,446149,Yeongdeungpo-gu,Singil1Dong,92336
3110737,Geumcheonsemuseo,191235,441904,Geumcheon-gu,Doksan3Dong,84015
3110738,Munseongchodeunghakgyo,191269,441435,Geumcheon-gu,Doksan3Dong,114069
3110739,Siheung3Dong Upyeonchwigeupguk,191402,437977,Geumcheon-gu,Siheung3Dong,20887
3110713,Gurobogeonso,190029,444650,Guro-gu,Guro5Dong,250966
3110759,Munraeyesulchon(Munraechangjakchon),190404,446148,Yeongdeungpo-gu,Munraedong,299716
3110760,Seonyudoyeok 6Beon,190490,448546,Yeongdeungpo-gu,Yangpyeong2Dong,153365
3110761,Munraedongnamseongmaensyeon,190472,445802,Yeongdeungpo-gu,Munraedong,31681
3110762,Seonyudoyeok 1Beon,190523,448983,Yeongdeungpo-gu,Yangpyeong2Dong,342694
3110612,Sinjeongyeok 5Beon,187264,447115,Yangcheon-gu,Sinjeong4Dong,167833
3110613,Sinjeongnegeoriyeok 4Beon,187307,446653,Yangcheon-gu,Sinjeong1Dong,23861
3110614,Mokdongrodeogeori,187652,447633,Yangcheon-gu,Sinjeong4Dong,77332
3110615,Sinseochodeunghakgyo,187732,446840,Yangcheon-gu,Sinjeong1Dong,31057
3110616,Yangmokchodeunghakgyo,187814,447073,Yangcheon-gu,Sinjeong4Dong,15723
3110646,Pureundeulcheongsonyeondoseogwan,185451,449406,Gangseo-gu,Hwagok3Dong,203547
3110647,Hwagogyeok 5Beon,185643,448807,Gangseo-gu,Hwagok1Dong,210252
3110648,Yangcheonhyanggyoyeok 7Beon,185683,451946,Gangseo-gu,Gayang1Dong,283983
3110794,Yeongdongchodeunghakgyo,191894,447582,Yeongdeungpo-gu,Dangsan2Dong,81298
3110795,Dorimchodeunghakgyo,191968,445494,Yeongdeungpo-gu,Singil3Dong,68722
3110796,Hanrimdaehakgyohangangseongsimbyeongwon,191951,447139,Yeongdeungpo-gu,Yeongdeungpodong,24293
3110797,Ktdaebangbilding,191953,444056,Yeongdeungpo-gu,Singil6Dong,8947
3110596,Seoseoulhosugongwon,185107,447773,Yangcheon-gu,Sinwol3Dong,118222
3110597,Sinwol1Dongjuminsenteo,185143,448358,Yangcheon-gu,Sinwol1Dong,181005
3110598,Sinwolmunhwacheyuksenteo,185267,446690,Yangcheon-gu,Sinwol7Dong,105945
3110599,Sinwol1Pachulso,185318,447959,Yangcheon-gu,Sinwol1Dong,105116
3110416,Nowonchodeunghakgyo,205046,463673,Nowon-gu,Sanggye1Dong,92687
3110417,Wolgyeyeok 3Beon,205127,459237,Nowon-gu,Wolgye2Dong,29842
3110418,Gwangundaehakgyo Namdan,205120,457577,Nowon-gu,Wolgye1Dong,88266
3110465,Yeonsinnaeyeok 7Beon,192719,457984,Eunpyeong-gu,Galhyeon1Dong,72295
3110701,Gocheokdongseongdang,187600,445118,Guro-gu,Gocheok2Dong,44097
3110702,Gaebongchodeunghakgyo,187521,443242,Guro-gu,Gaebong3Dong,91947
3110627,Sinjeongrotdekaeseurapateu,188832,446731,Yangcheon-gu,Sinjeong2Dong,80881
3110628,Sinmokdongyeok,189379,449524,Yangcheon-gu,Mok2Dong,95041
3110629,Songjeongyeok 4Beon,183092,451129,Gangseo-gu,Gonghangdong,37678
3110630,Gonghangsijangyeok 1Beon,183081,451771,Gangseo-gu,Banghwa2Dong,187213
3110631,Banghwachodeunghakgyo,183212,452183,Gangseo-gu,Banghwa2Dong,91895
3110656,Kkachisanyeok 3Beon,186119,447708,Gangseo-gu,Hwagok1Dong,201889
3110657,Yangcheonhyanggyoyeok 5Beon,186180,451900,Gangseo-gu,Gayang1Dong,124877
3110658,Hwagokchodeunghakgyo,186389,449541,Gangseo-gu,Hwagokbondong,65816
3110659,Hwagogyeok 4Beon,186429,449017,Gangseo-gu,Hwagokbondong,372788
3110714,Guro4Dongjuminsenteo,190201,443547,Guro-gu,Guro4Dong,140331
3110727,Doksanyeok 1Beon Churipgu,190387,440588,Geumcheon-gu,Doksan1Dong,106562
3110728,Dusanchodeunghakgyo,190428,440885,Geumcheon-gu,Doksan1Dong,50102
3110729,Gasandongucheguk,190558,442071,Geumcheon-gu,Gasandong,85219
3110777,Gurosemuseo,191290,446070,Yeongdeungpo-gu,Munraedong,45358
3110753,Siheungdong Eunhaengnamusageori,191899,438831,Geumcheon-gu,Siheung5Dong,177282
3110754,Samseongsanjayeongongwon(Seoulgeumcheonchodeunghakgyo),191973,439318,Geumcheon-gu,Siheung5Dong,134370
3110687,"Cheonwangyeok 3Beon(Oryu2Dongjuminsenteo, Seouroryunamchodeunghakgyo)",185673,443204,Guro-gu,Oryu2Dong,42464
3110688,Oryujigudae,185730,444002,Guro-gu,Oryu1Dong,79928
3110715,Guroguminhoegwan,190138,444205,Guro-gu,Guro5Dong,40106
3110716,Guronanumgil,190166,443834,Guro-gu,Guro2Dong,50788
3110717,Namguroyeok 2Beon,190184,442766,Guro-gu,Garibongdong,206144
3110763,Yeongdeungpogucheongyeok 2Beon,190681,447439,Yeongdeungpo-gu,Dangsan1Dong,33508
3110764,Munraeyeok 3Beon,190693,446831,Yeongdeungpo-gu,Dangsan1Dong,18152
3110671,Deungchon1Dongjuminsenteo,187561,450691,Gangseo-gu,Deungchon1Dong,231350
3110672,Baekseokjunghakgyo,187594,449689,Gangseo-gu,Deungchon2Dong,69786
3110673,Tteumbugieorinigongwon,187599,447889,Gangseo-gu,Hwagok4Dong,145209
3110674,Gangseogucheonggayangdongbyeolgwan,187645,451282,Gangseo-gu,Gayang3Dong,10388
3110813,Boramaeyeok 6Beon,192848,444620,Yeongdeungpo-gu,Singil6Dong,100264
3110814,Seouljibangbyeongmucheong,193077,445339,Yeongdeungpo-gu,Singil7Dong,141531
3110649,Ujangsanyeok 1Beon,185667,450397,Gangseo-gu,Ujangsandong,70187
3110740,Geumcheonhaetaegongwon,191288,439917,Geumcheon-gu,Siheung1Dong,148638
3110741,Doksan2Dongjuminsenteo,191304,440495,Geumcheon-gu,Doksan2Dong,96407
3110742,Ktgeumcheonbilding(Geumcheongusiseolgwanrigongdan),191404,438635,Geumcheon-gu,Siheung1Dong,35970
3110798,Sinpungyeok 2Beon,191968,444354,Yeongdeungpo-gu,Singil6Dong,21568
3110765,Munraedongsageori,190762,445778,Yeongdeungpo-gu,Munraedong,81024
3110766,Daerimyeok 5Beon,190843,444085,Yeongdeungpo-gu,Daerim3Dong,94929
3110767,Dorimdongjuminsenteo,190819,445634,Yeongdeungpo-gu,Dorimdong,27268
3110600,Sinwol7Dongjuminsenteo,185402,447045,Yangcheon-gu,Sinwol7Dong,158307
3110466,Gusanyeok 2Beon,192764,456543,Eunpyeong-gu,Yeokchondong,102377
3110467,Eunpyeongyoyangbyeongwon,192861,458363,Eunpyeong-gu,Galhyeon1Dong,59339
3110514,Seodaemunucheguk,194063,451114,Seodaemun-gu,Sinchondong,91935
3110650,Ujangsanhilseuteiteu,185747,450632,Gangseo-gu,Ujangsandong,18832
3110651,Hwawonjunghakgyo,185784,448561,Gangseo-gu,Hwagok1Dong,142874
3110652,Yangcheonhyanggyoyeok 2Beon,185848,452384,Gangseo-gu,Gayang1Dong,98467
3110799,Yeongdeungpobondongjuminsenteo,192045,445993,Yeongdeungpo-gu,Yeongdeungpobondong,29319
3110800,Yeongdeungpodongseongdang,192062,446868,Yeongdeungpo-gu,Yeongdeungpodong,33962
3110801,Sinpungyeok 6Beon(Singil6Donggongyeongjuchajang),192138,444787,Yeongdeungpo-gu,Singil6Dong,14185
3110802,Singildonghongeogeori,192263,445659,Yeongdeungpo-gu,Singil4Dong,44973
3110601,Sinwol1Dongupyeonchwigeupguk,185551,447619,Yangcheon-gu,Sinwol1Dong,220158
3110602,Sinwolsiyeongapateujungmun,185660,446618,Yangcheon-gu,Sinwol7Dong,61404
3110603,Jihyangchodeunghakgyo,185868,445909,Yangcheon-gu,Sinjeong3Dong,60198
3110660,Deungchon3Dongjuminsenteo,186507,450988,Gangseo-gu,Deungchon3Dong,151533
3110778,Gurodijiteoldanjiyeok 4Beon,191373,443246,Yeongdeungpo-gu,Daerim2Dong,204978
3110779,Daerimgabeulmyeonggaapateu,191416,444092,Yeongdeungpo-gu,Daerim1Dong,13131
3110611,Sinjeongyeok 1Beon,187335,447451,Yangcheon-gu,Sinjeong4Dong,105248
3110784,Sindaerimchodeunghakgyo,191504,443609,Yeongdeungpo-gu,Daerim1Dong,37357
3110785,Yeongdeungpopureujioapateu,191520,445527,Yeongdeungpo-gu,Dorimdong,109702
3110617,Deungchonyeok 4Beon,188071,449651,Yangcheon-gu,Mok3Dong,57686
3110618,Gangseogodeunghakgyo,188103,448419,Yangcheon-gu,Mok4Dong,123264
3110619,Mok4Dongjuminsenteo,188148,448006,Yangcheon-gu,Mok4Dong,39755
3110632,Banghwayeok 3Beon,183317,452821,Gangseo-gu,Banghwa1Dong,70905
3110633,Gaehwasanyeok 1Beon,183234,452598,Gangseo-gu,Banghwa2Dong,21731
3110634,Songjeongyeok 3Beon,183513,450893,Gangseo-gu,Gonghangdong,238960
3110661,Gangseosaemareorinigongwon,186545,450313,Gangseo-gu,Hwagok6Dong,38920
3110662,Kkachisanyeok 1Beon,186666,448383,Gangseo-gu,Hwagok8Dong,230187
3110718,Hanguksgibonbu,190345,444894,Guro-gu,Guro5Dong,113693
3110745,Doksandongjeonghundanji,191510,440729,Geumcheon-gu,Doksan2Dong,79548
3110746,Geumcheongeumbitgongwon(Eunhaengnamusageoriseocheuk),191548,439156,Geumcheon-gu,Siheung1Dong,57787
3110747,Seoksuyeok 1Beon Churipgu,191566,437249,Geumcheon-gu,Siheung3Dong,72218
3110675,Hwagok4Dongjuminsenteo,187674,448535,Gangseo-gu,Hwagok4Dong,164488
3110676,Deungchonyeok 7Beon,187709,450057,Gangseo-gu,Deungchon2Dong,73721
3110677,Deungchonyeok 1Beon,188138,450469,Gangseo-gu,Deungchon1Dong,46900
3110678,Yeomchangmuhagapateu,189066,450086,Gangseo-gu,Yeomchangdong,27977
3110679,Yeomchangyeok 2Beon,189142,449876,Gangseo-gu,Yeomchangdong,69101
3110680,Onsuyeok 5Beon(Onsusaneopdanji),183950,443756,Guro-gu,Sugungdong,136117
3110689,Oryudongyeok 3Beon,186094,444250,Guro-gu,Oryu1Dong,115792
3110690,Oryu2Dongbeodeulsijang,186120,443658,Guro-gu,Oryu2Dong,163596
3110691,Gaebongjunghakgyo,186250,444792,Guro-gu,Gaebong1Dong,78095
3110719,Yeongseojunghakgyo,190505,443253,Guro-gu,Guro3Dong,12156
3110720,Daerimyeok 2Beon,190545,443726,Guro-gu,Guro4Dong,111299
3110721,Garibongpachulso,190534,442240,Guro-gu,Garibongdong,71977
3110768,Dorim2Dongyusujinaecheyuksiseol,190898,445288,Yeongdeungpo-gu,Dorimdong,51407
3110817,Daebangyeok 4Beon,193183,446027,Yeongdeungpo-gu,Singil1Dong,51645
3110818,Sindaebangyeok 3Beon,192054,443037,Dongjak-gu,Sindaebang1Dong,49264
3110819,Sindaebangyeok 4Beon,192134,443262,Dongjak-gu,Sindaebang1Dong,181264
3110820,Seongnamgodeunghakgyo,193252,444990,Dongjak-gu,Daebangdong,100016
3110730,Seoulchuksannonghyeop Doksanyeokjijeom(Doksanpachulso),190703,440614,Geumcheon-gu,Doksan1Dong,115670
3110731,Geumcheongucheongyeok 1Beon Churipgu,190837,439525,Geumcheon-gu,Siheung1Dong,161006
3110732,Gasanchodeunghakgyo(Seiljunghakgyo),190933,441835,Geumcheon-gu,Doksan1Dong,134081
3110743,Siheungchodeunghakgyo(Siheung1Dongucheguk),191533,439560,Geumcheon-gu,Siheung1Dong,121078
3110744,Doksandongseongdang,191524,441254,Geumcheon-gu,Doksan4Dong,207152
3110769,Daerimchainataun(Daerimyeok 12Beon),190902,443500,Yeongdeungpo-gu,Daerim2Dong,35768
3110770,Yeongdeungpogucheongyeok 6Beon,190958,447050,Yeongdeungpo-gu,Dangsan1Dong,47293
3110771,Daerimyeok 11Beon,191056,443667,Yeongdeungpo-gu,Daerim2Dong,24375
3110772,Sinueorinigongwon,191051,444852,Yeongdeungpo-gu,Daerim3Dong,40126
3110773,Dangsanyeok 13Beon,191087,448516,Yeongdeungpo-gu,Yangpyeong2Dong,9756
3110639,Sinbanghwayeok 8Beon,183627,451855,Gangseo-gu,Banghwa1Dong,97165
3110640,Banghwayeok 1Beon,183716,453166,Gangseo-gu,Banghwa3Dong,79681
3110641,Gonghanggodeunghakgyo,183939,452510,Gangseo-gu,Banghwa1Dong,67482
3110642,Jeonggokchodeunghakgyo,183978,453168,Gangseo-gu,Banghwa3Dong,19884
3110786,Dangsanyeok 8Beon,191584,448284,Yeongdeungpo-gu,Dangsan2Dong,54674
3110787,Singil3Dongjuminsenteo,191661,445257,Yeongdeungpo-gu,Singil3Dong,95882
3110788,Yeongdeungposijangyeok 3Beon,191702,446987,Yeongdeungpo-gu,Yeongdeungpodong,10464
3110789,Daerimseongmobyeongwon,191713,443474,Yeongdeungpo-gu,Daerim1Dong,86491
3110810,Yeongsinchodeunghakgyo,192632,445721,Yeongdeungpo-gu,Singil1Dong,117632
3110811,Boramaeyeok 4Beon,192689,444412,Yeongdeungpo-gu,Singil6Dong,44661
3110812,Singil6Dongjuminsenteo,192681,444264,Yeongdeungpo-gu,Singil6Dong,59185
3110604,Sinwol4Dongjuminsenteo,185801,447110,Yangcheon-gu,Sinwol4Dong,150486
3110605,Mokdongsenteureoraipakeuap,185913,446276,Yangcheon-gu,Sinwol6Dong,38129
3110606,Sinhaneunhaeng Sinwoldongjijeom,185964,446724,Yangcheon-gu,Sinwol4Dong,158709
3110607,Geumbitsaemaeulgeumgobonjeom,186338,446751,Yangcheon-gu,Sinwol2Dong,36823
3110697,Gaebong3Dongjuminsenteo,187085,442783,Guro-gu,Gaebong3Dong,81457
3110698,Gaeungchodeunghakgyo(Gaeungjunghakgyo),187021,443233,Guro-gu,Gaebong3Dong,131201
3110748,Baeksanchodeunghakgyo,191556,438797,Geumcheon-gu,Siheung5Dong,70150
3110620,Mokdongbogeonjiso,188258,448850,Yangcheon-gu,Mok4Dong,177925
3110621,Mokdongyeok 5Beon,188298,447305,Yangcheon-gu,Mok1Dong,34475
3110622,Dalmaeulgongwon,188467,449542,Yangcheon-gu,Mok2Dong,90372
3110635,Gonghangsijangyeok 3Beon,183536,451639,Gangseo-gu,Gonghangdong,95722
3110636,Banghwayeok 2Beon,183479,452754,Gangseo-gu,Banghwa1Dong,44808
3110637,Songjeongyeok 2Beon,183536,451403,Gangseo-gu,Gonghangdong,86547
3110638,Sinbanghwayeok 2Beon,183578,452151,Gangseo-gu,Banghwa1Dong,180870
3111026,Munjeongyeok 2Beon,211145,442739,Songpa-gu,Munjeong1Dong,123212
3111027,Munjeongchodeunghakgyo,211186,443249,Songpa-gu,Munjeong1Dong,124929
3111025,Gyeongchalbyeongwonyeok 3Beon,211131,443863,Songpa-gu,Garak2Dong,59147
3110830,Sangdochodeunghakgyo,194593,444510,Dongjak-gu,Sangdo4Dong,126620
3110831,Sangdo4Dongjuminsenteo,194748,444356,Dongjak-gu,Sangdo4Dong,56494
3110880,Sinrimyeok 1Beon,194115,442727,Gwanak-gu,Seowondong,38288
3110881,Guripdaehakgyeongrodang(Gwanaksansaemmalgongwon),194358,440921,Gwanak-gu,Daehakdong,234224
3110882,Sinseongchodeunghakgyo,194361,441512,Gwanak-gu,Seorimdong,147004
3110942,Yeomgokdong Guryongsa(Poidongseongdang),204060,441129,Seocho-gu,Yangjae2Dong,252432
3110943,Beopjegyoyuksenteo(Beodeureorinigongwon),204103,441561,Seocho-gu,Yangjae2Dong,57521
3110944,Seoulnaraehakgyo(Yeomgogeorinigongwon),204555,440360,Seocho-gu,Naegokdong,70228
3110968,Gangnamgucheongyeok 2Beon,203552,446131,Gangnam-gu,Nonhyeon2Dong,43750
3110969,Bereusaiyu1Apateu,203564,444383,Gangnam-gu,Yeoksam2Dong,55302
3110970,Hakdongchodeunghakgyo,203644,445789,Gangnam-gu,Nonhyeon2Dong,50014
3110971,Seonjeongreungyeok 4Beon,203791,445313,Gangnam-gu,Yeoksam1Dong,133222
3110972,Gangnamsebeuranseubyeongwonmiraeuihagyeongusenteo,203759,443901,Gangnam-gu,Yeoksam2Dong,46603
3110973,Gangnamgucheongyeok 4Beon,203850,446594,Gangnam-gu,Cheongdamdong,66136
3111037,Shsuhyeobeunhaeng Ogeumdonggeumyungsenteo(Araetmareorinigongwon),212170,445014,Songpa-gu,Ogeumdong,27617
3111017,Songpanaruyeok 3Beon,210209,445524,Songpa-gu,Bangi2Dong,32806
3111018,Pungnapchodeunghakgyo(Pungnapbaekjemunhwagongwon),210296,448588,Songpa-gu,Pungnap1Dong,27101
3111041,Geoyeoyeok 8Beon,212496,443841,Songpa-gu,Geoyeo1Dong,12895
3111042,Geoyeoyeok 1Beon(Geoyeogongwon),212696,444196,Songpa-gu,Geoyeo1Dong,146365
3110848,Yangjieorinigongwon,197855,442468,Dongjak-gu,Sadang1Dong,116036
3111077,Gildongjuminsenteo(Gangdongdoseogwan),212662,448642,Gangdong-gu,Gildong,247203
3111028,Munhyeonjunghakgyo(Jangjiyeok 1Beon),211262,442494,Songpa-gu,Jangjidong,53688
3111050,Gangdonggucheong(Gangdonggucheongyeok 2Beon),211002,447924,Gangdong-gu,Seongnae1Dong,19565
3111051,Cheonhoyeok 6Beon,210995,448365,Gangdong-gu,Seongnae2Dong,159647
3111052,Amsayeok 3Beon(Cheonhodongjajeongeogeori),211055,449828,Gangdong-gu,Cheonho2Dong,129295
3111053,Seongnaecheoneorinigongwon(Hanisaranggil),211079,447418,Gangdong-gu,Seongnae1Dong,139845
3110823,Sindaebangsamgeoriyeok 3Beon,193495,443992,Dongjak-gu,Sindaebang2Dong,88509
3110824,Daebangyeok 3Beon,193544,445834,Dongjak-gu,Daebangdong,46862
3110825,Sindaebangsamgeoriyeok 1Beon,193977,444086,Dongjak-gu,Sangdo3Dong,182490
3110871,Sinwondongjuminsenteo,193568,442344,Gwanak-gu,Sinwondong,49950
3110849,Isuyeok 10Beon,197978,442939,Dongjak-gu,Sadang3Dong,119168
3110898,Cheongrimdongjuminsenteo(Sangdojunghakgyo),196323,443504,Gwanak-gu,Cheongrimdong,57942
3110899,Nakseongdaeyeok 5Beon(Gwanakjunghakgyo),196737,442198,Gwanak-gu,Haengundong,73363
3111029,Ogeumyeok 4Beon,211264,444277,Songpa-gu,Garak2Dong,43089
3111030,Bangiyeok 2Beon,211448,445215,Songpa-gu,Ogeumdong,50911
3110856,Miseongchodeunghakgyo,192319,442269,Gwanak-gu,Miseongdong,127503
3110857,Miseongdongjuminsenteo,192423,441763,Gwanak-gu,Miseongdong,113505
3110858,Sindaebangyeok 1Beon,192456,443061,Gwanak-gu,Sinsadong,23709
3110859,Nanhyangchodeunghakgyo,192625,440416,Gwanak-gu,Nanhyangdong,77274
3110872,Sinrimchodeunghakgyo,193607,442092,Gwanak-gu,Sinwondong,53857
3110873,Danggokjunghakgyo,193763,443532,Gwanak-gu,Boramaedong,132683
3110926,Sinjungchodeunghakgyo,200709,442463,Seocho-gu,Seocho3Dong,98883
3110900,Nakseongdaeyeok 1Beon(Gwanakgumin Jonghapcheyuksenteo),196764,441656,Gwanak-gu,Inheondong,111817
3110983,Gukripgugakgodeunghakgyo,204448,442053,Gangnam-gu,Gaepo4Dong,56042
3110984,Poichodeunghakgyo(Gaepomokryeoneorinigongwon),204610,441598,Gangnam-gu,Gaepo4Dong,137098
3110985,Cheongdamgeunringongwon,204605,447083,Gangnam-gu,Cheongdamdong,43265
3110986,Samseongjungangyeok 7Beon,204629,445676,Gangnam-gu,Samseong2Dong,15944
3110987,Yeongdongdaegyonamdan,204745,447403,Gangnam-gu,Cheongdamdong,31393
3110832,Noryangjinchodeunghakgyo,194858,445646,Dongjak-gu,Noryangjin1Dong,100857
3110833,Sangdoyeok 2Beon,195157,444896,Dongjak-gu,Sangdo2Dong,54544
3110834,Dongjakgujawonbongsasenteo,195216,445472,Dongjak-gu,Noryangjin1Dong,33607
3110909,Namtaeryeongyeok(Seouljeonjagodeunghakgyo),199023,440767,Seocho-gu,Bangbae2Dong,73654
3110910,Naebangyeok 5Beon,199070,443205,Seocho-gu,Bangbae4Dong,60073
3110911,Bangbaebaesujicheyukgongwon,199100,441477,Seocho-gu,Bangbae3Dong,282743
3110912,Bangbaedongsaigil,199133,443860,Seocho-gu,Bangbaebondong,26478
3111002,Hangukgyotonganjeongongdan Gangnamjadongchageomsaso,210568,441126,Gangnam-gu,Segokdong,59241
3110927,Jamwonyeok,200988,445925,Seocho-gu,Jamwondong,60236
3110928,Seochoubangyuswerapateu,201045,443283,Seocho-gu,Seocho3Dong,22283
3110929,Nambuteomineoryeok 1Beon,201821,443233,Seocho-gu,Seocho1Dong,186714
3110988,Cheongdamyeok 3Beon,204796,446536,Gangnam-gu,Samseong1Dong,79185
3110989,Daechidongaupyeonchwigeupguk,204819,444825,Gangnam-gu,Daechi4Dong,40587
3110990,Cheongdamyeok 12Beon,204869,446787,Gangnam-gu,Cheongdamdong,10107
3110991,Samseongjungangyeok 5Beon,204965,445889,Gangnam-gu,Samseong1Dong,26622
3111054,Amsayeok 4Beon(Samseonggwangnaruapateu),211333,450498,Gangdong-gu,Amsa2Dong,15538
3111055,Seonsachodeunghakgyo,211367,450633,Gangdong-gu,Amsa2Dong,11026
3111056,Cheonhotaeyeongapateu,211384,448701,Gangdong-gu,Cheonho3Dong,31985
3111057,Cheonhogongwon(Haegongcheyukmunhwasenteo),211478,449321,Gangdong-gu,Cheonho2Dong,116161
3110883,Euncheonchodeunghakgyo(Euncheongyoap),194431,443088,Gwanak-gu,Boramaedong,111515
3110884,Bongcheonyeok 4Beon(Bongcheon110Anjeonsenteo),194626,442864,Gwanak-gu,Euncheondong,43849
3111003,Samjeonyeok 4Beon,207293,444982,Songpa-gu,Jamsilbondong,272855
3111004,Samjeonyeok 1Beon,207529,445253,Songpa-gu,Jamsilbondong,245561
3111005,Samjeonyeok 3Beon,207842,444670,Songpa-gu,Samjeondong,193689
3111006,Seokchongobunyeok 1Beon,208309,445053,Songpa-gu,Samjeondong,182032
3111059,Gangdongyeok 4Beon(Gangpulmanhwageori),211519,448272,Gangdong-gu,Seongnae2Dong,282300
3110829,Jangseungbaegiyeok 5Beon,194538,445369,Dongjak-gu,Noryangjin2Dong,92311
3110877,Sinrimyeok 8Beon,194080,442990,Gwanak-gu,Sinrimdong,103978
3111058,Seongnaejunghakgyo,211510,447825,Gangdong-gu,Seongnae1Dong,39694
3110850,Sadangyeok 10Beon,198068,442220,Dongjak-gu,Sadang1Dong,202958
3110851,Gyeongmungodeunghakgyo(Dongjakdongseongdang),198202,443594,Dongjak-gu,Sadang2Dong,115412
3110945,Bonmaeulnoinbokjisenteo(Seochoguripnaegokdoseogwan),204653,439500,Seocho-gu,Naegokdong,104024
3110946,Cheonggyesanwonteogol,204990,438236,Seocho-gu,Yangjae2Dong,17189
3110947,Cheonggyesanipguyeok 2Beon(Naegokdongjuminsenteo),205203,438567,Seocho-gu,Naegokdong,84941
3111060,Amsayeok 2Beon(Seoulgangdongchodeunghakgyo),211503,449728,Gangdong-gu,Cheonho2Dong,219221
3110860,Horimbakmulgwan(Seongbogodeunghakgyo),192858,442483,Gwanak-gu,Miseongdong,69058
3110861,Gwanakgusinsadongjuminsenteo,192729,442721,Gwanak-gu,Sinsadong,200822
3111019,Hanseongbaekjeyeok 3Beon,210404,446016,Songpa-gu,Bangi2Dong,182798
3111020,Bangidonggobungun(Bangsangodeunghakgyo),210664,445286,Songpa-gu,Bangi1Dong,28997
3110901,Inheongodeunghakgyo(Inheonjunghakgyo),197183,441216,Gwanak-gu,Inheondong,92180
3110902,Sadangyeok 4Beon,198001,441642,Gwanak-gu,Namhyeondong,250733
3110903,Bangbaeaipakeuapateu,198645,443636,Seocho-gu,Bangbaebondong,92803
3111031,Jangjidongjuminsenteo(Hanrimyeonyeyesulgogyo),211550,442964,Songpa-gu,Jangjidong,83345
3111032,Bangiyeok 1Beon,211513,445488,Songpa-gu,Ogeumdong,77913
3110862,Nangokchodeunghakgyo(Nangokdongbyeokhwamaeul),192771,441384,Gwanak-gu,Nangokdong,58047
3110913,Banghyeonchodeunghakgyo(Bangbae119Anjeonsenteo),198951,441910,Seocho-gu,Bangbae3Dong,148771
3110914,Naebangyeok 6Beon,199218,443346,Seocho-gu,Bangbae4Dong,16286
3110930,Seochodongseongdang,201869,443675,Seocho-gu,Seocho1Dong,98532
3110931,Samseongjeonjaseoulr&D(Seourumyeonchodeunghakgyo),201846,440746,Seocho-gu,Yangjae1Dong,44205
3110932,Seoulsiinjaegaebarwon,202047,442729,Seocho-gu,Seocho1Dong,40038
3110933,Hanguksangdamdaehagwondaehakgyo,202095,443011,Seocho-gu,Seocho1Dong,24916
3110934,Umyeonjugongapateu,202315,441057,Seocho-gu,Yangjae1Dong,80617
3110935,Hanjeonateusenteo,202358,442988,Seocho-gu,Seocho2Dong,32304
3110992,Dogokchodeunghakgyo,205007,444509,Gangnam-gu,Daechi4Dong,138866
3110993,Gaepojihachado Bukcheuk,205172,442045,Gangnam-gu,Gaepo1Dong,37865
3110994,Gaepogodeunghakgyo,205433,442662,Gangnam-gu,Gaepo2Dong,61589
3110995,Bongeunsayeok 4Beon,205554,446410,Gangnam-gu,Samseong1Dong,122757
3110996,Daechi2Dongjuminsenteo,205656,444713,Gangnam-gu,Daechi2Dong,112841
3110835,Sangdoyeok 1Beon,195387,444723,Dongjak-gu,Sangdo1Dong,39906
3110836,Sangdoyeok 5Beon,195705,444812,Dongjak-gu,Sangdo1Dong,239852
3110915,Seoraechodeunghakgyo,199372,443950,Seocho-gu,Bangbaebondong,76657
3111007,Seokchongobunyeok 4Beon,208301,444502,Songpa-gu,Samjeondong,163064
3111008,Seokchongobunyeok 3Beon,208871,444507,Songpa-gu,Seokchondong,104883
3110878,Mirimyeogo,194051,440617,Gwanak-gu,Samseongdong,45308
3110879,Sinrimhyeondaeapateu,194114,441623,Gwanak-gu,Samseongdong,51568
3110936,Deokeihotel(Yangjaeribontawo2Danjiapateu),203096,440710,Seocho-gu,Yangjae2Dong,43233
3110937,Bangadarigeunringongwon(Hwaetbulteurinitisinhakdaehagwondaehakgyo),203216,442094,Seocho-gu,Yangjae1Dong,40444
3110938,Baumoegongwon,203215,441748,Seocho-gu,Yangjae1Dong,38156
3111043,Macheongongwon,212869,444598,Songpa-gu,Macheon2Dong,67894
3111044,Namcheonchodeunghakgyo,213170,444431,Songpa-gu,Macheon2Dong,129883
3110885,Yeongrakgodeunghakgyo,194629,441770,Gwanak-gu,Seorimdong,138911
3110886,Gwanakhaetaeeorinigongwon,194687,441400,Gwanak-gu,Seorimdong,78673
3110887,Seoulsaneopjeongbohakgyo(Seoulsamseongchodeunghakgyo),194840,441125,Gwanak-gu,Daehakdong,56397
3110948,Heoningagudanji,207939,439987,Seocho-gu,Naegokdong,198674
3111009,Songpachaekbakmulgwan,208954,444377,Songpa-gu,Seokchondong,34040
3111010,Seokchonyeok 7Beon,208985,445109,Songpa-gu,Seokchondong,200178
3111011,Jamsilnaruyeok,209225,446847,Songpa-gu,Jamsil4Dong,25839
3111012,Seokchonyeok 6Beon,209339,444753,Songpa-gu,Seokchondong,120754
3111013,Songpanaruyeok 1Beon(Songridangil),209567,445551,Songpa-gu,Songpa1Dong,191523
3111045,Gaemieorinigongwon,213176,443573,Songpa-gu,Geoyeo2Dong,42008
3111046,Macheonyeok(Macheonchodeunghakgyo),213476,444071,Songpa-gu,Macheon1Dong,209850
3111047,Macheon1Chiansenteo,213853,444135,Songpa-gu,Macheon1Dong,131215
3110826,Jangseungbaegiyeok 4Beon,194212,444888,Dongjak-gu,Sangdo2Dong,115676
3110827,Nhnonghyeobeunhaeng Sangdodongjijeom,194245,444648,Dongjak-gu,Sangdo4Dong,68956
3110828,Noryangjinyeok 6Beon,194358,445728,Dongjak-gu,Noryangjin2Dong,236972
3110852,Isuyeok 9Beon,198205,442660,Dongjak-gu,Sadang1Dong,44183
3110853,Ktgurojisa,191353,442391,Gwanak-gu,Jowondong,80033
3110854,Jowondongjuminsenteo,191838,442556,Gwanak-gu,Jowondong,47109
3110855,Sindaebangyeok 2Beon,192238,442777,Gwanak-gu,Jowondong,155155
3110949,Hannamic,201701,446824,Gangnam-gu,Sinsadong,62126
3110950,Nonhyeonyeok 7Beon,202115,446018,Gangnam-gu,Nonhyeon1Dong,46164
3110951,Sinsaeunhaengnamugongwon,202237,446807,Gangnam-gu,Sinsadong,29000
3110952,Nonhyeonmokryeongongwon,202337,445761,Gangnam-gu,Nonhyeon1Dong,21629
3110953,Hakdonggeunringongwon,202401,446272,Gangnam-gu,Nonhyeon1Dong,92947
3110954,Gukgiwon,202530,444776,Gangnam-gu,Yeoksam1Dong,39799
3110955,Nonhyeonchodeunghakgyo,202603,445503,Gangnam-gu,Nonhyeon1Dong,190913
3110956,Eonjuyeok 8Beon,202762,445017,Gangnam-gu,Yeoksam1Dong,71587
3111048,Cheonhoyeok 1Beon(Cheonhomunguwangugeori),210722,449052,Gangdong-gu,Cheonho2Dong,69265
3111049,Cheonhojigudae(Cheonhodongjajeongeogeori),210912,449349,Gangdong-gu,Cheonho2Dong,110424
3110863,Nanuchodeunghakgyo,192760,441872,Gwanak-gu,Miseongdong,109345
3111021,Bangiyeok 4Beon,210857,445756,Songpa-gu,Bangi1Dong,324278
3111022,Seokchonjunghakgyo(Bangiyukgyo),211018,444834,Songpa-gu,Garakbondong,80535
3111023,Munjeongyeok 1Beon,210889,443165,Songpa-gu,Munjeong1Dong,61838
3110904,Isuyeok 5Beon,198658,442868,Seocho-gu,Bangbae2Dong,47127
3110905,Bangbaenoinjonghapbokjigwan(Isujunghakgyo),198767,442486,Seocho-gu,Bangbae2Dong,76869
3110906,Seomunyeogo,198789,443409,Seocho-gu,Bangbae4Dong,37319
3110907,Bangbaechodeunghakgyo,198700,443064,Seocho-gu,Bangbae4Dong,103888
3110908,Gubanpoyeok,198833,444737,Seocho-gu,Banpobondong,28724
3111033,Munjeongdongseongdang,211788,443156,Songpa-gu,Jangjidong,23375
3111034,Odongnamugongwon(Songpareminiseu1Danji),211895,445248,Songpa-gu,Ogeumdong,139482
3110864,Sinrimubangapateu,192874,443085,Gwanak-gu,Sinsadong,106563
3110865,Namganggodeunghakgyo(Namgangjunghakgyo),193005,441570,Gwanak-gu,Nangokdong,181632
3110916,Naebangyeok 4Beon,199314,442867,Seocho-gu,Bangbae1Dong,103116
3110939,Yangjaeyeok 8Beon(Yangjaedongucheguk),203504,442512,Seocho-gu,Yangjae1Dong,218114
3110940,Yangjaegeunringongwon(Yangjae2Dongjuminsenteo),203594,441388,Seocho-gu,Yangjae2Dong,32454
3110941,Eonnamgodeunghakgyo,203702,441596,Seocho-gu,Yangjae2Dong,23167
3111024,Gyeongchalbyeongwonyeok 4Beon(Geonneomalgongwon),210919,443695,Songpa-gu,Garakbondong,34910
3110997,Daecheongchodeunghakgyo,207481,443569,Gangnam-gu,Irwon1Dong,236964
3110998,Eungokmaeul(Eungokmaeulgongwon),208665,440810,Gangnam-gu,Segokdong,116896
3110999,Witbangjukmaeulgongwon,209190,441356,Gangnam-gu,Segokdong,239797
3111000,Daewangchodeunghakgyo(Segokdongsageoriseonamcheuk),209464,440465,Gangnam-gu,Segokdong,52892
3111001,Araebangjukmaeulgongwon(Yulhyeonchodeunghakgyo),209611,441303,Gangnam-gu,Segokdong,159591
3110837,Sungsildaeipguyeok 1Beon,195884,443947,Dongjak-gu,Sangdo1Dong,148274
3110838,Sangdo1Dongjuminsenteoap,195911,444210,Dongjak-gu,Sangdo1Dong,13134
3110839,Sungsildaeipguyeok 4Beon,196190,443894,Dongjak-gu,Sangdo1Dong,68786
3110888,Cheongryongdongjuminsenteo,195012,442181,Gwanak-gu,Cheongryongdong,38688
3110917,Seochosobangseo,199357,444216,Seocho-gu,Banpo4Dong,48294
3110918,Bangbaeyeok 3Beon,199432,442516,Seocho-gu,Bangbae1Dong,62846
3110919,Naebangyeok 8Beon,199552,443466,Seocho-gu,Bangbae4Dong,88173
3110920,Bangbaeyeok 2Beon(Baekseogyesuldaehakgyo),199665,442337,Seocho-gu,Bangbae3Dong,15874
3110874,Wonsinchodeunghakgyo(Gusegungwanagyeongmungyohoe),193872,440965,Gwanak-gu,Samseongdong,110847
3110875,Boramaedongjuminsenteo(Danggokgodeunghakgyo),194004,443276,Gwanak-gu,Boramaedong,62226
3110876,Seowondongjuminsenteo(Singwanjunghakgyo),194029,442218,Gwanak-gu,Seowondong,59122
3111089,Sangiryeogo(Sangilchodeunghakgyo),215142,449858,Gangdong-gu,Sangildong,126943
3111090,Gangildongjuminsenteo,215352,451742,Gangdong-gu,Gangildong,29486
3111061,Amsayeok 1Beon,211593,450267,Gangdong-gu,Amsa1Dong,175331
3111062,Dunchondongyeok 3Beon(Seongnae3Dongjuminsenteo),211636,447220,Gangdong-gu,Seongnae3Dong,106811
3110889,Bongcheonyeok 6Beon,195155,442768,Gwanak-gu,Euncheondong,42797
3110890,Bongcheonyeok 1Beon(Gwanakchodeunghakgyo),195190,442296,Gwanak-gu,Cheongryongdong,53715
3110891,Guamchodeunghakgyo,195414,443215,Gwanak-gu,Seonghyeondong,40509
3110957,Eonbukjunghakgyo,202797,446468,Gangnam-gu,Nonhyeon2Dong,94815
3110958,Yeoksamyeok 4Beon,202887,444846,Gangnam-gu,Yeoksam1Dong,73119
3110959,Singujunghakgyo,202859,447326,Gangnam-gu,Apgujeongdong,35960
3110960,Eungwangyeogo,203027,443113,Gangnam-gu,Dogok1Dong,25543
3111014,Songpanaruyeok 2Beon,209833,445902,Songpa-gu,Bangi2Dong,72714
3111015,Seokchonyeok 3Beon,209895,445180,Songpa-gu,Songpa1Dong,226584
3111016,Songpayeok 2Beon,210199,444586,Songpa-gu,Songpa2Dong,99527
3111038,Boinjunghakgyo,212297,444483,Songpa-gu,Ogeumdong,83602
3111039,Beolmareorinigongwon,212262,444754,Songpa-gu,Ogeumdong,63272
3110843,Sadang5Dongjuminsenteo,197095,442986,Dongjak-gu,Sadang5Dong,42412
3110844,Heukseok2Chiansenteo,197209,445122,Dongjak-gu,Heukseokdong,25007
3111063,Gangdonggurip Cheonhodoseogwan,211691,448962,Gangdong-gu,Cheonho3Dong,150522
3111064,Dunchondongyeok 4Beon,211697,447577,Gangdong-gu,Seongnae3Dong,51128
3111065,Cheonilchodeunghakgyo,211843,449114,Gangdong-gu,Cheonho3Dong,62233
3110961,Eonjuyeok 3Beon,203028,445716,Gangnam-gu,Nonhyeon2Dong,63031
3110962,Dosangongwonbukcheuk,203103,447371,Gangnam-gu,Apgujeongdong,10044
3110963,Yeoksamwoldeumereudiangapateu,203282,443673,Gangnam-gu,Yeoksam1Dong,40391
3110964,Ssarigogaegeunringongwon,203329,443418,Gangnam-gu,Dogok1Dong,21894
3110965,Eonjuyeok 6Beon,203346,445193,Gangnam-gu,Yeoksam1Dong,65108
3111035,Ogeumgongwon(Ojujunghakgyo),211906,444832,Songpa-gu,Ogeumdong,95041
3110821,Boramaeyeok 2Beon,193222,444165,Dongjak-gu,Sindaebang2Dong,128484
3110822,Sindaebangsamgeoriyeok 4Beon(Daerimchodeunghakgyo),193481,444719,Dongjak-gu,Daebangdong,91041
3110866,Nanujunghakgyo,193145,441089,Gwanak-gu,Nangokdong,139406
3110845,Sadangjonghapcheyukgwan,197367,443492,Dongjak-gu,Sadang3Dong,33058
3110846,Namseongyeok 1Beon,197550,442407,Dongjak-gu,Sadang4Dong,212396
3110847,Yesurinmaeul,197545,441956,Dongjak-gu,Sadang1Dong,104588
3110895,Syarosugil,196117,441883,Gwanak-gu,Nakseongdaedong,315417
3111066,Amsadongseongdang(Hyojeonghanapeulreoseuapateu),211877,449977,Gangdong-gu,Amsa1Dong,106562
3111067,Gangdongguripseongnaedoseogwan,211931,448063,Gangdong-gu,Seongnae3Dong,203966
3111068,Gangdongseongsimbyeongwon,211962,448499,Gangdong-gu,Gildong,19646
3111069,Cheonho1Dongjuminsenteo,212044,449449,Gangdong-gu,Cheonho1Dong,110491
3111036,Tugubongeorinigongwon,212118,443829,Songpa-gu,Garak2Dong,31938
3110840,Jungangdaehakgyo,196335,445395,Dongjak-gu,Heukseokdong,107472
3110867,Gukjesinhakdaehagwondaehakgyo(Namseouljunghakgyo),193263,442535,Gwanak-gu,Sinwondong,95938
3110868,Nambuchodeunghakgyo,193212,442810,Gwanak-gu,Sinsadong,87679
3110869,"Sinrimyeok 5Beon(Sinrimdongjuminsenteo, Sinrimdongbyeolbitgeori)",193410,443070,Gwanak-gu,Sinrimdong,194701
3110870,Sinrimjugong2Danji(Gwangsingodeunghakgyo),193495,440449,Gwanak-gu,Samseongdong,26565
3110896,Gwanaguseongapateu,196226,442968,Gwanak-gu,Haengundong,23731
3110897,Seouldaeipguyeok 8Beon,196233,442468,Gwanak-gu,Haengundong,115911
3110974,Eonjujunghakgyo,203972,446014,Gangnam-gu,Samseong2Dong,35151
3110975,Maebongyeok 1Beon,203984,443063,Gangnam-gu,Dogok1Dong,52363
3110976,Eonbukchodeunghakgyo,204115,446924,Gangnam-gu,Cheongdamdong,55724
3110977,Nonhyeonro18Gil,204154,442000,Gangnam-gu,Gaepo4Dong,17288
3111070,Cheonhochodeunghakgyo,212144,449775,Gangdong-gu,Cheonho1Dong,59080
3111071,Cheondongchodeunghakgyo,212285,448978,Gangdong-gu,Gildong,35500
3111072,Gubeundariyeok 1Beon(Sipjaseongmaeul),212306,449281,Gangdong-gu,Cheonho1Dong,153254
3111073,Dunchondongyeok 1Beon(Hansanjunghakgyo),212348,447971,Gangdong-gu,Dunchon2Dong,179874
3110841,Jungdaebujung,196769,445000,Dongjak-gu,Heukseokdong,60861
3110842,Heukridangil,196906,445314,Dongjak-gu,Heukseokdong,29278
3110921,Seoulpeurangseuhakgyo,199704,444220,Seocho-gu,Banpo4Dong,35625
3110922,Naebangyeok 1Beon,199733,442978,Seocho-gu,Bangbae1Dong,62116
3110923,Bangbaeyeok 1Beon,199982,442335,Seocho-gu,Bangbae3Dong,14707
3110924,Banpo4Dongjuminsenteo(Mongmareutteugongwon),200061,444151,Seocho-gu,Banpo4Dong,75392
3110925,Seochojunghakgyo,200617,443038,Seocho-gu,Seocho3Dong,71878
3110978,Dogok2Dongjuminsenteo(Daechijunghakgyo),204135,442692,Gangnam-gu,Dogok2Dong,14234
3110979,Cheongdamchodeunghakgyo,204205,447539,Gangnam-gu,Cheongdamdong,63403
3110980,Gaepojigudaeyeop,204236,442346,Gangnam-gu,Gaepo4Dong,85828
3110981,Gugakgogyosageori,204328,441797,Gangnam-gu,Gaepo4Dong,67409
3110982,Gangnamgubohunhoegwan,204400,446173,Gangnam-gu,Samseong2Dong,19865
3111040,Geoyeochodeunghakgyo,212430,444869,Songpa-gu,Ogeumdong,57097
3111074,Myeongiryeok 1Beon,212387,450205,Gangdong-gu,Amsa1Dong,49436
3111075,Gubeundariyeok 2Beon,212465,449915,Gangdong-gu,Cheonho1Dong,87782
3111076,Dunchon2Dongjuminsenteo,212654,448239,Gangdong-gu,Dunchon2Dong,60068
3110892,Gwanakgu Junganggil,195677,442761,Gwanak-gu,Jungangdong,259916
3110893,Gwanaksobangseo(Munyeongyeogo),195802,441665,Gwanak-gu,Cheongryongdong,16048
3110894,Gwanakdongbusenteurebirapateu(Euncheonro35Ragil),195881,443185,Gwanak-gu,Seonghyeondong,30920
3110966,Nonhyeon2Dongjuminsenteo,203386,446575,Gangnam-gu,Nonhyeon2Dong,93545
3110967,Yeoksamyeok 8Beon,203374,445011,Gangnam-gu,Yeoksam1Dong,68672
3120044,Samgakjiyeok,197638,448269,Yongsan-gu,Hangangrodong,134419
3120045,Namyeongdong Meokjagolmok,197641,449262,Yongsan-gu,Namyeongdong,66870
3120046,Itaewon(Itaewonyeok),199539,448381,Yongsan-gu,Itaewon1Dong,283429
3120100,Mangwonyeok,192088,450652,Mapo-gu,Mangwon1Dong,67876
3120101,Hapjeongyeok,192355,449998,Mapo-gu,Seogyodong,251511
3120158,Nokdugeori(Daehakdong),194428,441211,Gwanak-gu,Daehakdong,117372
3120047,Hannamogeori,200669,448168,Yongsan-gu,Hannamdong,156210
3120048,Geumhoyeok,201735,449865,Seongdong-gu,Geumho4Gadong,61031
3120105,Sangsuyeok(Hongdae),193209,449875,Mapo-gu,Seogangdong,102057
3120102,Seogyodong(Hongdae),192713,450597,Mapo-gu,Seogyodong,246429
3120103,Hongdaeipguyeok(Hongdae),192825,450117,Mapo-gu,Seogyodong,461923
3120104,Yeonnamdong(Hongdae),193150,451174,Mapo-gu,Yeonnamdong,437447
3120157,Sinrimyeok(Sinrim),193830,442811,Gwanak-gu,Sinrimdong,237915
3120154,Jangseungbaegiyeok,194741,444997,Dongjak-gu,Sangdo2Dong,84828
3120155,Chongsindaehakgyo,196863,443233,Dongjak-gu,Sadang5Dong,46691
3120156,"Chongsindaeipguyeok(Isu, Chongsindae)",198382,442950,Dongjak-gu,Sadang2Dong,246965
3120042,"Sukdaeipguyeok(Namyeongyeok, Namyeongdong)",197505,449194,Yongsan-gu,Namyeongdong,87154
3120043,Seouryeok,197609,450759,Jung-gu,Hoehyeondong,435455
3120001,Seodaemunyeok,197004,451905,Jongno-gu,Gyonamdong,148292
3120049,Wangsipriyeok(Wangsipri),203287,451265,Seongdong-gu,Haengdang1Dong,193725
3120050,Seoulsupyeok,204150,449189,Seongdong-gu,Seongsu1Ga1Dong,58913
3120051,Ttukseomyeok,204279,449686,Seongdong-gu,Seongsu1Ga2Dong,218163
3120052,Seongsuyeok,205008,449464,Seongdong-gu,Seongsu2Ga3Dong,298939
3120053,Geondaeipguyeok(Geondae),206135,449004,Gwangjin-gu,Hwayangdong,275082
3120054,Eorinidaegongwonyeok,206380,449814,Gwangjin-gu,Gunjadong,145202
3120055,Gunjayeok,207011,450848,Gwangjin-gu,Gunjadong,288693
3120056,Guuiyeok,207505,448675,Gwangjin-gu,Guui1Dong,158734
3120108,Sinjeongnegeoriyeok,186973,446939,Yangcheon-gu,Sinjeong4Dong,184201
3120109,Seoulnambujibangbeobwon,187627,446919,Yangcheon-gu,Sinjeong1Dong,112835
3120162,Bangbaedongkapegolmok,198745,444033,Seocho-gu,Bangbaebondong,95526
3120163,Sadangyeok 11Beon(Sadangyeokmeokjagolmok),198745,442219,Seocho-gu,Bangbae2Dong,87254
3120164,Naebangyeok,199436,443193,Seocho-gu,Bangbae4Dong,212543
3120002,Seochon(Gyeongbokgungyeok),197511,453304,Jongno-gu,Sajikdong,176637
3120003,Gwanghwamunyeok,197756,452492,Jongno-gu,Sajikdong,394522
3120004,Jongrogucheong,198330,452729,Jongno-gu,Jongro1?2?3?4Gadong,124067
3120005,Samcheongdong,198327,453771,Jongno-gu,Samcheongdong,251643
3120057,Achasanyeok,207685,450529,Gwangjin-gu,Junggok2Dong,201257
3120058,Guuisageori,207770,449446,Gwangjin-gu,Guui1Dong,92657
3120110,Mokdongyeok 8Beonchulgu,187758,447371,Yangcheon-gu,Sinjeong4Dong,126667
3120111,Mokdongsageori,187899,448051,Gangseo-gu,Hwagok4Dong,126109
3120112,Deungchonyeok,188046,450164,Yangcheon-gu,Mok3Dong,183773
3120106,Mapoyeok,195229,448938,Mapo-gu,Yonggangdong,136724
3120107,Gongdeogyeok(Gongdeogogeori),195756,449256,Mapo-gu,Dohwadong,192218
3120159,Seouldaeipguyeok,195747,442391,Gwanak-gu,Cheongryongdong,235418
3120160,Sadangyeok(Sadang),198414,442010,Seocho-gu,Bangbae2Dong,254257
3120161,Bangbaedonggagugeori(Sadangdonggagugeori),198539,443946,Seocho-gu,Bangbaebondong,51195
3120006,Jonggagyeok,198542,452315,Jongno-gu,Jongro1?2?3?4Gadong,270326
3120007,Bukchon(Angugyeok),198741,453290,Jongno-gu,Gahoedong,197675
3120008,Insadong,198695,452707,Jongno-gu,Jongro1?2?3?4Gadong,182319
3120059,Gusamgangbyeonmatgil,208190,448825,Gwangjin-gu,Guui3Dong,108961
3120060,Gangbyeonyeok(Tekeunomateu),208364,448372,Gwangjin-gu,Guui3Dong,127108
3120061,Olrimpikdaegyobukdan,208468,449028,Gwangjin-gu,Guui3Dong,47188
3120062,Sinseoldongyeok,202164,452823,Dongdaemun-gu,Yongsindong,271900
3120063,Cheongryangriyeok(Cheongryangri),204223,453496,Dongdaemun-gu,Jeonnong1Dong,316933
3120113,Omokgyoyeok,188859,447176,Yangcheon-gu,Mok1Dong,140753
3120114,Mokdongsinsigaji,188989,447968,Yangcheon-gu,Mok1Dong,421429
3120115,Gimpogonghangyeok(Gimpogonghang),182509,451952,Gangseo-gu,Banghwa2Dong,700542
3120175,Nambuteomineoryeok,201602,442852,Seocho-gu,Seocho1Dong,259951
3120010,Wonnamdongsageori,199800,452831,Jongno-gu,Jongro1?2?3?4Gadong,99120
3120064,Gyeonghuidaehakgyo(Gyeonghuidae),204632,454773,Dongdaemun-gu,Hoegidong,48567
3120065,Hoegiyeok,205089,454430,Dongdaemun-gu,Hwigyeong1Dong,127203
3120116,Songjeongyeok,183179,451334,Gangseo-gu,Gonghangdong,61122
3120176,Nonhyeonyeok 4Beon,201666,445438,Seocho-gu,Banpo1Dong,130507
3120177,Sinnonhyeonyeok 1Beon,201758,445107,Seocho-gu,Banpo1Dong,140535
3120009,Jongro3Gayeok,199178,452457,Jongno-gu,Jongro1?2?3?4Gadong,401520
3120165,Seoraemaeulkapegeori(Seoraemaeul),199830,444291,Seocho-gu,Banpo4Dong,108614
3120166,Bangbaeyeok,199758,442469,Seocho-gu,Bangbae1Dong,193617
3120167,Gosokteomineol(Gosokteomineoryeok),200465,445065,Seocho-gu,Banpo4Dong,320815
3120168,Seoulgogyogyocharo,200389,442559,Seocho-gu,Seocho3Dong,49689
3120013,Ihwasageori,200140,452821,Jongno-gu,Jongro5?6Gadong,134283
3120066,Janghanpyeongyeok(Janghanpyeong),205699,451402,Dongdaemun-gu,Jangan1Dong,450074
3120067,Jangandongsageori,206315,452490,Dongdaemun-gu,Jangan2Dong,219588
3120068,Sagajeongyeok,207784,453510,Jungnang-gu,Myeonmok3?8Dong,35712
3120069,Sangbongyeok,207750,455204,Jungnang-gu,Sangbong2Dong,205828
3120070,Hanseongdaeipguyeok,200722,454401,Seongbuk-gu,Samseondong,80065
3120120,Hwagogyeok,185754,449079,Gangseo-gu,Hwagok1Dong,136057
3120121,Kkachisanyeok,186514,447863,Gangseo-gu,Hwagok1Dong,104596
3120122,Gangseogucheong,186817,450350,Gangseo-gu,Hwagok6Dong,224516
3120169,Seochoyeok,200760,443557,Seocho-gu,Seocho3Dong,242820
3120170,Samhogadeunsageori,200968,444742,Seocho-gu,Banpo4Dong,100858
3120171,Seocho3Dongsageori,201041,442583,Seocho-gu,Seocho3Dong,235083
3120014,Jongro5Gayeok,200205,452485,Jongno-gu,Jongro5?6Gadong,136026
3120015,Jongro6Ga,200621,452507,Jongno-gu,Jongro5?6Gadong,53940
3120016,Dongdaemunyeok,201005,452410,Jongno-gu,Changsin1Dong,58788
3120071,Seongbukgucheong,201404,454424,Seongbuk-gu,Samseondong,50039
3120072,Seongsinyeodae,201545,454756,Seongbuk-gu,Dongseondong,197286
3120073,Miasageori,202573,456478,Seongbuk-gu,Gireum2Dong,90503
3120074,Anamyeok,202609,454032,Seongbuk-gu,Anamdong,27617
3120075,Wolgogyeok,203715,455955,Seongbuk-gu,Wolgok2Dong,94516
3120076,Suyuyeok,202206,459794,Gangbuk-gu,Suyu3Dong,297339
3120077,Miayeok,202289,458452,Gangbuk-gu,Miadong,93348
3120123,Oryudongyeok,186274,443987,Guro-gu,Oryu1Dong,209639
3120117,Gangseonongsanmuldomaesijang,184207,450391,Gangseo-gu,Balsan1Dong,402585
3120118,Magogyeok(Magok),184704,451174,Gangseo-gu,Gayang1Dong,232166
3120119,Balsanyeok(Magok),185482,451168,Gangseo-gu,Gayang1Dong,417076
3120184,Poisageori(Samhomulsan),203986,441948,Seocho-gu,Yangjae2Dong,351949
3120185,Nonhyeonyeok,201936,445730,Gangnam-gu,Nonhyeon1Dong,321182
3120186,Garosugil,201996,446810,Gangnam-gu,Sinsadong,256688
3120011,Jongro4Ga,199787,452401,Jongno-gu,Jongro1?2?3?4Gadong,115988
3120012,Daehakro(Hyehwayeok),200117,453688,Jongno-gu,Hyehwadong,256888
3120182,"Yangjaesiminuisupyeok(Yangjaedongkkotsijang, Atsenteo)",203571,441107,Seocho-gu,Yangjae2Dong,301253
3120183,Yangjaecheonkapegeori,203846,442351,Seocho-gu,Yangjae1Dong,119809
3120017,Dongmyoapyeok(Dongmyo),201294,452578,Jongno-gu,Changsin1Dong,71198
3120018,Jungrimdong,197143,451108,Jung-gu,Jungrimdong,144683
3120019,Gyeongchalcheongapgyocharo,197338,451460,Jung-gu,Sogongdong,90827
3120020,Sicheongyeok_1Beon,197752,451623,Jung-gu,Sogongdong,58426
3120021,Sicheongyeok_8Beon,197724,451359,Jung-gu,Sogongdong,132689
3120078,Miasageoriyeok,202731,457002,Gangbuk-gu,Songjungdong,94178
3120079,Changdongyeok,204208,461419,Dobong-gu,Chang5Dong,96097
3120178,Sinsayeok,201729,446276,Seocho-gu,Jamwondong,353066
3120179,Yangjaeyeok,203010,442784,Seocho-gu,Dogok1Dong,348405
3120180,Yangjaehwamulteureokteomineorap,203255,440496,Seocho-gu,Yangjae2Dong,184060
3120022,Bukchangdong(Sicheongyeok_6Beon),198025,451499,Jung-gu,Sogongdong,108517
3120023,Seoulsicheong,198049,452055,Jung-gu,Myeongdong,88816
3120080,Madeuryeok,205070,462922,Nowon-gu,Sanggye9Dong,38976
3120126,Dijiteoldanjiogeori,190133,442413,Guro-gu,Garibongdong,51996
3120127,Gurogucheong,190351,444133,Guro-gu,Guro5Dong,84927
3120124,Gaebongdong Hyeondaeapateu,187258,443281,Guro-gu,Gaebong3Dong,150870
3120125,Guroyeok,189215,444765,Guro-gu,Guro2Dong,657519
3120181,Gyoyukgaebarwonipgusageori,203394,441974,Seocho-gu,Yangjae1Dong,120183
3120172,Gyodaeipgugyocharo,201112,443144,Seocho-gu,Seocho3Dong,222734
3120173,Gyodaeyeok(Beobwon.Geomchalcheong),201307,443806,Seocho-gu,Seocho1Dong,396531
3120174,Nonhyeonyeok 5Beon,201472,445681,Seocho-gu,Jamwondong,70278
3120024,Hoehyeonyeok,198144,450868,Jung-gu,Hoehyeondong,106867
3120025,Rotdebaekhwajeom(Sicheonggwangjang Jihasyopingsenteo),198298,451719,Jung-gu,Sogongdong,75261
3120084,Gongreungyeok,206501,458455,Nowon-gu,Gongreung1Dong,81040
3120085,Eunhaengsageori,206780,461180,Nowon-gu,Junggyebondong,61587
3120086,Taereungipguyeok,206799,457730,Nowon-gu,Gongreung1Dong,72480
3120087,Eungamyeok,192572,455461,Eunpyeong-gu,Eungam1Dong,58470
3120133,Seoulsiheungdongucheguk(Hompeulreoseusiheungjeom),191269,439239,Geumcheon-gu,Siheung1Dong,56376
3120134,Gurojeonhwaguk,191634,442281,Geumcheon-gu,Doksan3Dong,169662
3120135,Yangpyeongyeok,190179,447330,Yeongdeungpo-gu,Yangpyeong1Dong,36584
3120026,Euljiroipguyeok,198533,451986,Jung-gu,Myeongdong,200306
3120027,Myeongdongyeok(Myeongdongjaemiro),198568,451138,Jung-gu,Myeongdong,157156
3120028,Myeongdong(Myeongdonggeori),198560,451473,Jung-gu,Myeongdong,221515
3120088,Gusanyeok,192675,456931,Eunpyeong-gu,Galhyeon2Dong,59372
3120089,Gupabaryeok,192798,459742,Eunpyeong-gu,Jingwandong,130434
3120090,Yeonsinnaeyeok,193120,457722,Eunpyeong-gu,Bulgwang1Dong,134415
3120136,Yeongdeungpogucheongyeok,190525,447328,Yeongdeungpo-gu,Dangsan1Dong,208631
3120081,Nowonyeok,205487,461761,Nowon-gu,Sanggye2Dong,267693
3120082,Sanggyebaekbyeongwon,205497,460926,Nowon-gu,Sanggye6?7Dong,38882
3120083,Deungnamugeunringongwon,205863,460036,Nowon-gu,Junggye2?3Dong,125820
3120128,Sindorimyeok,190308,445419,Guro-gu,Guro5Dong,251389
3120129,Gurodijiteoldanji,190727,442738,Guro-gu,Guro3Dong,460289
3120130,Gurodijiteoldanjiyeok,191249,442646,Guro-gu,Guro3Dong,168688
3120131,Gasandijiteoldanji,189641,441969,Geumcheon-gu,Gasandong,1713620
3120132,Doksandong,190614,441262,Geumcheon-gu,Doksan1Dong,530021
3120030,Jungbugyeongchalseo(Yeonghwainuigeori),199144,451473,Jung-gu,Myeongdong,137954
3120091,Bonseobubyeongwon,193119,455668,Eunpyeong-gu,Eungam1Dong,113175
3120092,Bulgwangyeok,193770,456561,Eunpyeong-gu,Daejodong,61492
3120093,Yeonhuidong,193815,451927,Seodaemun-gu,Yeonhuidong,111829
3120094,"Sinchonyeok(Sinchonyeok, Sinchonroteori)",194382,450780,Seodaemun-gu,Sinchondong,343829
3120140,Munraedongjuminsenteo,190952,446141,Yeongdeungpo-gu,Munraedong,101046
3120141,Yeongdeungpocheonggwasijanggyocharo,190996,446852,Yeongdeungpo-gu,Dangsan1Dong,80055
3120142,Daerimyeok,190958,443850,Yeongdeungpo-gu,Daerim3Dong,142571
3120143,Dangsanyeok,191262,448366,Yeongdeungpo-gu,Dangsan2Dong,155541
3120031,Euljiro3Gayeok,199259,451855,Jung-gu,Euljirodong,254774
3120032,Chungmuroyeok,199553,451319,Jung-gu,Pildong,236516
3120096,"Ihwayeodae(Idaeyeok, Idae)",194941,450990,Seodaemun-gu,Sinchondong,151417
3120144,Yeongjungro,191608,447515,Yeongdeungpo-gu,Yeongdeungpodong,92713
3120145,Yeongdeungpoyeok(Yeongdeungpo),191662,446554,Yeongdeungpo-gu,Yeongdeungpodong,404780
3120146,Hangangseongsimbyeongwon,192123,447061,Yeongdeungpo-gu,Yeongdeungpodong,140562
3120147,Boramaeyeok,193019,444434,Dongjak-gu,Daebangdong,93027
3120033,Euljiro4Gayeok,199709,451926,Jung-gu,Euljirodong,85528
3120095,Hongjeyeok,195120,454298,Seodaemun-gu,Hongje1Dong,100614
3120137,Munraeyeok(Munraerodeogeori),190815,446495,Yeongdeungpo-gu,Munraedong,43658
3120138,Dangsan2Dong(Yeongdeungpoucheguk),190924,447794,Yeongdeungpo-gu,Dangsan2Dong,94477
3120139,Daerim3Dongsageori,190957,444527,Yeongdeungpo-gu,Daerim3Dong,191427
3120029,Euljiro2Ga,198759,451740,Jung-gu,Myeongdong,56876
3120149,Yeouidoyeok(Yeouido),193481,447024,Yeongdeungpo-gu,Yeouidong,598658
3120150,63Bilding,194670,446691,Yeongdeungpo-gu,Yeouidong,40709
3120151,Boramaegongwon,193370,443533,Dongjak-gu,Sindaebang2Dong,119689
3120152,Sindaebangsamgeoriyeok,193572,444444,Dongjak-gu,Daebangdong,112198
3120153,Noryangjinyeok(Noryangjin),194719,446060,Dongjak-gu,Noryangjin1Dong,443826
3120036,Jangchungdongjokbalgeori(Namsoyeonggil),200486,451165,Jung-gu,Jangchungdong,88202
3120037,Dongdaemunyeoksamunhwagongwonyeok,200652,451769,Jung-gu,Gwanghuidong,370638
3120038,Yaksuyeok,200886,450529,Jung-gu,Dasandong,136837
3120039,Sindangyeok,201389,451766,Jung-gu,Sindangdong,198976
3120040,Yongsanjeonjasangga(Yongsanyeok),196602,448198,Yongsan-gu,Hangangrodong,365025
3120041,Sinyongsanyeok(Yongsanyeok),196759,447723,Yongsan-gu,Hangangrodong,1031423
3120208,Cheongdamsageori(Cheongdamdongmyeongpumgeori),204217,447261,Gangnam-gu,Cheongdamdong,331337
3120209,"Gangnamgucheong(Cheongdamyeok_8Beon, Gangnamsemuseo)",204377,446586,Gangnam-gu,Cheongdamdong,134148
3120210,Seonreungyeok,204364,445017,Gangnam-gu,Daechi4Dong,360434
3120211,Doseongchodeunghakgyo,204639,444576,Gangnam-gu,Daechi4Dong,72437
3120212,Hantiyeok,204740,444220,Gangnam-gu,Daechi4Dong,112734
3120213,Samseongjungangyeok,204752,445788,Gangnam-gu,Samseong2Dong,228925
3120214,Yeongdongdaegyonamdangyocharo,204844,447175,Gangnam-gu,Cheongdamdong,89136
3120215,Poseukosageori,204975,445263,Gangnam-gu,Samseong2Dong,318626
3120216,Gyeonggigogyosageori(Gyeonggigogyoapsageori),205005,446809,Gangnam-gu,Cheongdamdong,71695
3120217,Daechisageori,205165,444843,Gangnam-gu,Daechi4Dong,159411
3120218,Koekseu,205226,445856,Gangnam-gu,Samseong1Dong,145396
3120219,Eunmaapateu,205359,444378,Gangnam-gu,Daechi4Dong,149660
3120220,Daechiyeok,205508,443861,Gangnam-gu,Daechi1Dong,163253
3120221,Bongeunsayeok,205516,446111,Gangnam-gu,Samseong1Dong,124926
3120222,Samseongyeok,205584,445468,Gangnam-gu,Daechi2Dong,356337
3120223,Hwimungogyosageori,205806,444988,Gangnam-gu,Daechi2Dong,133570
3120224,Suseoyeok,209112,443153,Gangnam-gu,Suseodong,60183
3120225,Jamsilsaenaeyeok(Sincheon),207301,445671,Songpa-gu,Jamsilbondong,238047
3120226,Seokchongobunyeok,208581,444877,Songpa-gu,Seokchondong,129121
3120227,Jamsiryeok,208953,446061,Songpa-gu,Jamsil6Dong,526867
3120228,Seokchonyeok(Seokchonhosu),209420,445178,Songpa-gu,Songpa1Dong,228150
3120034,Junggucheong(Toegyero4Ga),199832,451557,Jung-gu,Gwanghuidong,95213
3120035,Toegyero5Ga,200172,451544,Jung-gu,Gwanghuidong,48951
3120097,Chungjeongroyeok,196738,451218,Seodaemun-gu,Chunghyeondong,59549
3120098,Dmc(Dijiteolmidieositi),190266,453378,Mapo-gu,Sangamdong,347758
3120099,Woldeukeopgyeonggijangyeok(Woldeukeopgyeonggijang),190957,452186,Mapo-gu,Seongsan2Dong,269851
3120148,Gukhoeuisadangyeok(Gukhoeuisadang),192994,447676,Yeongdeungpo-gu,Yeouidong,353915
3120232,Songpanaruyeok,209906,445634,Songpa-gu,Songpa1Dong,60912
3120233,Mongchontoseongyeok,210030,446282,Songpa-gu,Bangi2Dong,115003
3120234,Garaksijangyeok,210499,443922,Songpa-gu,Garakbondong,165196
3120235,Munjeongyeok,210608,442903,Songpa-gu,Munjeong2Dong,333436
3120236,Jangjiyeok(Gadeunpaibeu),210906,442074,Songpa-gu,Munjeong2Dong,211338
3120237,Gyeongchalbyeongwonyeok,210683,444197,Songpa-gu,Garakbondong,198351
3120238,Bangiyeok,211087,445537,Songpa-gu,Bangi1Dong,45610
3120239,Ogeumyeok,211154,444709,Songpa-gu,Garakbondong,151650
3120240,Gaerongyeok,211903,444074,Songpa-gu,Garak2Dong,107416
3120241,Geoyeoyeok,212871,443719,Songpa-gu,Geoyeo2Dong,94954
3120242,Gangdonggucheongyeok,210844,447756,Gangdong-gu,Seongnae1Dong,205710
3120246,Gildongyeok,212223,448561,Gangdong-gu,Gildong,242674
3120247,Gubeundariyeok,212606,449599,Gangdong-gu,Cheonho1Dong,94552
3120248,Myeongiryeok,212758,450202,Gangdong-gu,Myeongil1Dong,143099
3120249,Godeogyeok,213696,450444,Gangdong-gu,Myeongil2Dong,92407
3120187,Sinnonhyeonyeok,202235,445062,Gangnam-gu,Nonhyeon1Dong,382392
3120188,Apgujeongyeok,202482,447331,Gangnam-gu,Sinsadong,251746
3120189,Gangnamyeok,202454,444235,Seocho-gu,Seocho2Dong,617547
3120243,Cheonhoyeok,210998,448898,Gangdong-gu,Cheonho2Dong,215270
3120244,Amsayeok,211298,450214,Gangdong-gu,Amsa2Dong,80605
3120245,Dunchonyeok,211926,447436,Gangdong-gu,Seongnae3Dong,165420
3120229,Bangidongmeokjagolmok,209657,446106,Songpa-gu,Bangi2Dong,146694
3120230,Songpasageori(Songpayeok),209754,444634,Songpa-gu,Seokchondong,102341
3120231,Garaksijang,209881,443794,Songpa-gu,Garak1Dong,615953
3120199,Gyeongbogapateugyocharo,203449,445392,Gangnam-gu,Yeoksam1Dong,112742
3120200,Hakdongsageori,203460,447067,Gangnam-gu,Cheongdamdong,266597
3120201,Dogok1Dong,203531,443680,Gangnam-gu,Yeoksam1Dong,169293
3120202,Apgujeongrodeoyeok(Apgujeongrodeo),203548,447476,Gangnam-gu,Apgujeongdong,265702
3120203,Gangnamgucheongyeok,203597,446308,Gangnam-gu,Nonhyeon2Dong,173252
3120204,Reunesangseuhotelsageori,203786,444848,Gangnam-gu,Yeoksam1Dong,160960
3120205,Maebongyeok,203882,442769,Gangnam-gu,Dogok2Dong,122443
3120206,Gaenariapateu,203905,444200,Gangnam-gu,Yeoksam2Dong,148412
3120207,Seonjeongreungyeok,204022,445778,Gangnam-gu,Samseong2Dong,323475
3120190,Gangnameuljibyeongwon,202498,446725,Gangnam-gu,Apgujeongdong,295195
3120191,Hakdongyeok,202659,446009,Gangnam-gu,Nonhyeon1Dong,366287
3120192,Baengbaengsageori,202785,443423,Gangnam-gu,Yeoksam1Dong,317600
3120193,Dosangongwongyocharo,202968,446898,Gangnam-gu,Apgujeongdong,185023
3120194,Eonjuyeok(Chabyeongwon),203009,445326,Gangnam-gu,Nonhyeon2Dong,242446
3120195,Seongsudaegyonamdan,203046,447576,Gangnam-gu,Apgujeongdong,126830
3120196,Seoulsegwan,203125,446206,Gangnam-gu,Nonhyeon2Dong,185480
3120197,Yeoksamyeok,203179,444549,Gangnam-gu,Yeoksam1Dong,562807
3120198,Guyeoksamsemuseo,203290,444009,Gangnam-gu,Yeoksam1Dong,291470
3130293,Bongcheonjungangsijang,195973,442762,Gwanak-gu,Jungangdong,17101
3130294,Gwanakjungbusijang,196125,442778,Gwanak-gu,Haengundong,27900
3130295,Inheonsijang(Wondangjonghapsijang),196979,441661,Gwanak-gu,Inheondong,42171
3130296,Nambujonghapsijang,198664,443924,Seocho-gu,Bangbaebondong,6658
3130301,Yangjaesijang,203426,442741,Seocho-gu,Yangjae1Dong,8409
3130302,Gangnamsijang(Gangnamgu Gangnamsijang),201828,446589,Gangnam-gu,Sinsadong,3961
3130303,Yeongdongjeontongsijang,202138,445525,Gangnam-gu,Nonhyeon1Dong,39097
3130304,Sinsasangga,202510,448092,Gangnam-gu,Apgujeongdong,2739
3130305,Nonhyeonjonghapsijang,203038,445603,Gangnam-gu,Nonhyeon2Dong,6787
3130306,Gangnameonjuro,203794,445045,Gangnam-gu,Yeoksam1Dong,22922
3130307,Dogoksijang,204573,444284,Gangnam-gu,Yeoksam2Dong,7462
3130308,Cheongdamsamiksijang,205090,446987,Gangnam-gu,Cheongdamdong,7529
3130314,Pungnapsijang,210613,448663,Songpa-gu,Pungnap1Dong,120813
3130315,Munjeongdong Rodeogeori Sangjeomga(Munjeongdong Rodeogeori),210897,443396,Songpa-gu,Garakbondong,75829
3130316,Macheonsijang,213305,444320,Songpa-gu,Macheon2Dong,9557
3130317,Macheonjungangsijang,213364,444298,Songpa-gu,Macheon2Dong,33745
3130318,Rodeogeorisangjeomga,211228,448860,Gangdong-gu,Cheonho2Dong,56564
3130319,Seongnaejeontongsijang,211269,448247,Gangdong-gu,Seongnae2Dong,31651
3130320,Amsajonghapsijang,211408,450161,Gangdong-gu,Amsa1Dong,37201
3130321,Jangsingu Teukhwageori Sangjeomga,211418,447594,Gangdong-gu,Seongnae1Dong,38487
3130322,Gobundarijeontongsijang,211771,449208,Gangdong-gu,Cheonho3Dong,20499
3130323,Dunchonyeokjeontongsijang,211868,447599,Gangdong-gu,Seongnae3Dong,36613
3130215,Daewonjonghapsijang,185545,449460,Gangseo-gu,Hwagok3Dong,3092
3130309,Eunmajonghapsangjeomga,205628,444032,Gangnam-gu,Daechi2Dong,30661
3130310,Gangnamgaeposijang,205978,443274,Gangnam-gu,Gaepo2Dong,25364
3130311,Saemaeulsijang,207534,445500,Songpa-gu,Jamsilbondong,79375
3130312,Seokchonsijang,209466,444551,Songpa-gu,Seokchondong,46711
3130313,Bangisijang,210214,445738,Songpa-gu,Bangi2Dong,143645
3130324,Gildongbokjorisijang,212690,448844,Gangdong-gu,Gildong,29464
3130325,Myeongiljeontongsijang,212839,449976,Gangdong-gu,Myeongil1Dong,27547
3130326,Godeok Golmokhyeongsangjeomga,215010,450928,Gangdong-gu,Godeok2Dong,29082
3130327,"Pyeonghwasijang(Nampyeonghwasijang, Jeilpyeonghwasijang, Sinpyeonghwapaesyeontaun)",200994,452152,Jung-gu,Sindangdong,36213
3130289,Bongilsijang,194553,442944,Gwanak-gu,Euncheondong,4844
3130290,Yeongrimsijang,194966,442472,Gwanak-gu,Cheongryongdong,72197
3130291,Bongcheonjeiljonghapsijang,195085,442420,Gwanak-gu,Cheongryongdong,3079
3130292,Bongcheonhyeondaesijang,195277,443011,Gwanak-gu,Euncheondong,5418
3130131,Dongbukpeuraja,201694,457845,Gangbuk-gu,Samyangdong,8454
3130132,Samyanggolmoksijang(Samyangsijang),201680,458392,Gangbuk-gu,Samyangdong,47564
3130133,Uigolmoksijang(Uisijang),201751,460755,Gangbuk-gu,Suyu2Dong,54278
3130134,"Solsaemsijang(Mia6,7Donggolmoksijang)",201740,457759,Gangbuk-gu,Samgaksandong,21168
3130223,Gocheokgeunrinsijang,186721,444751,Guro-gu,Gocheok2Dong,29145
3130224,Gaebongpeuraja(Gocheokgeunrinsijang),186837,444739,Guro-gu,Gocheok2Dong,2954
3130225,Gaebongjungangsijang,187149,443562,Guro-gu,Gaebong2Dong,79713
3130226,Gocheokpeuraja,187873,444929,Guro-gu,Gocheok1Dong,6013
3130227,Gocheokgolmoksijangsangjeomga(Geuraundeu Gocheok),187952,444881,Guro-gu,Gocheok1Dong,17693
3130228,Gurosijang,189872,443283,Guro-gu,Guro4Dong,13770
3130053,Baekhaksijang,201732,451624,Jung-gu,Sindang5Dong,42212
3130054,Hwanghakdongjubanggagugeorisangjeomga,201822,452134,Jung-gu,Hwanghakdong,72884
3130055,"Hwanghaksijang(Seouljungangsijang, Sinjungangsijang)",201889,451973,Jung-gu,Hwanghakdong,39709
3130056,Yongsanyongmunsijang,196483,448549,Yongsan-gu,Yongmundong,40246
3130057,Manrisijang,196790,450199,Yongsan-gu,Cheongpadong,6775
3130135,Suyujunganggolmoksijang(Suyujungangsijang),201872,460117,Gangbuk-gu,Suyu3Dong,30758
3130136,Suyujaeraesijang,201913,459134,Gangbuk-gu,Suyu1Dong,10960
3130137,"Suyujeontongsijang(Suyusijang, Suyugolmoksijang)",201998,459062,Gangbuk-gu,Suyu1Dong,37023
3130138,Suyupeuraja,202081,459124,Gangbuk-gu,Suyu1Dong,2065
3130139,Gangbukjonghapjeontongsijang(Gangbukjonghapgolmoksijang),202329,460268,Gangbuk-gu,Suyu3Dong,74901
3130229,Namgurosijang,189966,443409,Guro-gu,Guro4Dong,45490
3130230,Garibongsijang,190201,442473,Guro-gu,Garibongdong,20139
3130231,Doksandong Usijang,190847,440814,Geumcheon-gu,Doksan1Dong,63392
3130232,Doksandong Matnaneungeorisangjeomga(Doksandong Matnaneungeori),191176,441096,Geumcheon-gu,Doksan4Dong,29410
3130058,Ichonjonghapsijang,197769,446792,Yongsan-gu,Ichon1Dong,7486
3130059,Huamsijang,197903,450066,Yongsan-gu,Huamdong,33290
3130060,Sinheungsijang,198682,449528,Yongsan-gu,Yongsan2Gadong,3810
3130061,Itaewonsijang,199066,448264,Yongsan-gu,Itaewon1Dong,10573
3130062,Bogwangsijang,200001,447575,Yongsan-gu,Bogwangdong,10506
3130063,Singeumhoyeok Golmokhyeongsangjeomga,201778,450475,Seongdong-gu,Geumho2?3Gadong,15024
3130064,Geumnamsijang,201970,449892,Seongdong-gu,Geumho2?3Gadong,11274
3130065,Muhakbongsangjeomga,202706,451363,Seongdong-gu,Wangsipri2Dong,69338
3130216,Hwagokjungangsijang,185783,448352,Gangseo-gu,Hwagok1Dong,34409
3130217,Hwagokbondongsijang,186203,449328,Gangseo-gu,Hwagokbondong,21265
3130218,Sinwoljungangsijang,186245,451048,Gangseo-gu,Deungchon3Dong,6449
3130219,Kkachisansijang,186491,448139,Gangseo-gu,Hwagok8Dong,39544
3130220,Deungmarusijang,187585,450820,Gangseo-gu,Deungchon1Dong,14496
3130221,"Nambugolmoksijang(Nambuhwagoksijang, Nambusijang)",187694,448184,Gangseo-gu,Hwagok4Dong,81027
3130222,Oryusijang,186135,444133,Guro-gu,Oryu1Dong,20163
3130049,Sindang Miraeyusan Meokgeori Golmokhyeongsangjeomga,201309,451478,Jung-gu,Sindangdong,10196
3130050,Cheongpyeonghwasijang,201330,452194,Jung-gu,Sindangdong,14440
3130051,Donghwadong Golmokhyeongsangjeomga,201543,451430,Jung-gu,Donghwadong,60206
3130052,Seouljungangsijang(Sinjungangsijang),201683,451934,Jung-gu,Hwanghakdong,70002
3130234,Pureunteosijang(Gineungsangsil),191277,442035,Geumcheon-gu,Doksan3Dong,6342
3130235,Daemyeongyeoulbitgeorisijang(Daemyeongsijang),191342,439355,Geumcheon-gu,Siheung1Dong,51350
3130236,Bidangilhyeondaesijang(Hyeondaesijang),191404,439747,Geumcheon-gu,Siheung1Dong,71349
3130237,Bakmisijang(Gineungsangsil),191603,437869,Geumcheon-gu,Siheung3Dong,7798
3130238,Eunhaengnamusijang,192025,439150,Geumcheon-gu,Siheung5Dong,36517
3130239,Yangnamsijang,190381,447047,Yeongdeungpo-gu,Yangpyeong1Dong,2975
3130066,Haengdangsijangsangjeomga,202943,451296,Seongdong-gu,Haengdang1Dong,81008
3130067,Wangsipridoseondongsangjeomga,203030,451634,Seongdong-gu,Wangsipridoseondong,86695
3130144,Baegunsijang,201378,461769,Dobong-gu,Ssangmun1Dong,16119
3130145,Ssangmunyeokdulrisangjeomga,202849,460721,Dobong-gu,Ssangmun3Dong,32420
3130146,Ssangmunsijang(Ssangmunyeokgolmoksijang),202853,460960,Dobong-gu,Ssangmun3Dong,108994
3130147,Ssangmunyeokdongcheuksangjeomga,203089,460798,Dobong-gu,Chang1Dong,33857
3130240,Yeongdeungpoyutongsangga,190643,447018,Yeongdeungpo-gu,Dangsan1Dong,47667
3130241,Seonyudoyeok Golmokhyeongsangjeomga,190776,448469,Yeongdeungpo-gu,Yangpyeong2Dong,73950
3130242,Daerimjungang Golmokhyeongsangjeomga,191020,443257,Yeongdeungpo-gu,Daerim2Dong,19474
3130070,Ttukseomyeoksangjeomga,204339,449882,Seongdong-gu,Seongsu1Ga2Dong,56166
3130148,Banghakdongdokkaebisijang,203111,462837,Dobong-gu,Banghak2Dong,42546
3130149,Changdongsinchangsijang,203283,460012,Dobong-gu,Chang2Dong,58415
3130245,Yeongilsijang,191222,446445,Yeongdeungpo-gu,Munraedong,60601
3130246,Yeongdeungpocheonggwasijang(Jogwangsijang),191260,446913,Yeongdeungpo-gu,Dangsan1Dong,96522
3130243,Dorimsijang,191026,445598,Yeongdeungpo-gu,Dorimdong,5598
3130244,Daerimjungangsijang,191108,443509,Yeongdeungpo-gu,Daerim2Dong,47326
3130068,Majangchuksanmulsijang,203467,452337,Seongdong-gu,Majangdong,218303
3130069,"Hanyangdaeapsangjeomga(Hanyangsijang, Wangsiprimatgolmok)",203578,451118,Seongdong-gu,Sageundong,23243
3130140,Sunginsijang,202587,457096,Gangbuk-gu,Songcheondong,32450
3130141,Gangbukbukbugolmoksijang,202637,459570,Gangbuk-gu,Beon1Dong,30294
3130142,Gangbukbukbusijang,202680,459624,Gangbuk-gu,Beon1Dong,4209
3130143,Bangcheongolmoksijang,202925,457018,Gangbuk-gu,Songjungdong,20242
3130233,Nammunsijang,191247,441612,Geumcheon-gu,Doksan3Dong,48355
3130151,Sindobongsijang,203672,463403,Dobong-gu,Dobong1Dong,8485
3130152,O!Dobonggeori Sangjeomga,204052,463707,Dobong-gu,Dobong2Dong,24434
3130153,Changdongyeoksangjeomga,204350,461477,Dobong-gu,Chang4Dong,33628
3130154,Sanggyejugong1Danji(Ga)Sangga,205249,460811,Nowon-gu,Sanggye6?7Dong,6758
3130274,Sadang1Dongmeokjagolmoksangjeomga(Sadang1Dongmeokjagolmok),198283,442093,Dongjak-gu,Sadang1Dong,40304
3130275,Gangnamgolmoksijang,191590,442605,Gwanak-gu,Jowondong,14823
3130276,Sinrimjungangsijang(Jowondong Penggwinsijang),192184,442657,Gwanak-gu,Jowondong,7150
3130277,Jowondong Penggwinsijang(Sinrimjungangsijang),192141,442580,Gwanak-gu,Jowondong,32672
3130278,Miseongdong Dokkaebisijang Golmokhyeongsangjeomga,192599,441665,Gwanak-gu,Miseongdong,24874
3130279,Gwanaksinsasijang,192640,442964,Gwanak-gu,Sinsadong,49986
3130280,Sinrimjonghapsijang,192702,442782,Gwanak-gu,Sinsadong,8761
3130077,Joyangsijang,205965,448824,Gwangjin-gu,Jayang4Dong,5328
3130078,Hwayangjeilgolmoksijang,206085,449309,Gwangjin-gu,Hwayangdong,18616
3130079,Hanareumsijang,206170,449309,Gwangjin-gu,Hwayangdong,11040
3130080,Jayangjonghapsijang(Gineungsangsil),206753,448042,Gwangjin-gu,Jayang2Dong,6160
3130081,Jayanggolmokjeontongsijang(Jayanggolmoksijang),207041,448310,Gwangjin-gu,Jayang1Dong,43688
3130082,Myeongokgolmoksijang,207179,452397,Gwangjin-gu,Junggok3Dong,7793
3130083,"Junggokjeilsijang(Junggokjeilgolmoksijang, Gwangseongsijang)",207176,451590,Gwangjin-gu,Junggok1Dong,41751
3130155,Siyeongbsangga(Junggye Geurinapateu B Sangga),205667,460390,Nowon-gu,Junggye2?3Dong,8516
3130156,Siyeong2Danji Mujigaejonghapsangga(Junggye Mujigae2Danjiapateusangga),205794,460391,Nowon-gu,Junggye2?3Dong,15764
3130157,Sanggyejungangsijang,206204,462218,Nowon-gu,Sanggye5Dong,52463
3130158,Sanggyeyeokjeonjonghapsangga,206452,462381,Nowon-gu,Sanggye5Dong,11940
3130159,Gongreungdong Dokkaebisijang,206706,458084,Nowon-gu,Gongreung1Dong,57720
3130160,Suilsijang,190733,453738,Eunpyeong-gu,Susaekdong,11753
3130161,Jeungsanjonghapsijang,191631,453575,Eunpyeong-gu,Jeungsandong,8072
3130162,Jeungsangolmoksijang,192205,454342,Eunpyeong-gu,Jeungsandong,7969
3130255,Yeongdeungpojeontongsijang,191885,446846,Yeongdeungpo-gu,Yeongdeungpodong,55174
3130256,Sindongsijang,191932,445186,Yeongdeungpo-gu,Singil3Dong,4593
3130257,Yeongdeungposijanggigyegonggusangga,192049,446670,Yeongdeungpo-gu,Yeongdeungpodong,39289
3130258,Yeongjinsijangadong,192568,444551,Yeongdeungpo-gu,Singil6Dong,6326
3130259,Daesinsijang,192707,445752,Yeongdeungpo-gu,Singil1Dong,8116
3130260,Sindaebang1Donggolmoksanggwon,191941,443427,Dongjak-gu,Sindaebang1Dong,21868
3130261,Seongdaejeontongsijang(Seongdaesijang),193904,444409,Dongjak-gu,Sangdo3Dong,53092
3130084,Sinseongsijang(Sinseonggolmoksijang),207823,450945,Gwangjin-gu,Junggok4Dong,16181
3130085,Yongdusijang,202630,453217,Dongdaemun-gu,Yongsindong,5527
3130086,Seouryakryeongsijang,203314,453617,Dongdaemun-gu,Jegidong,165313
3130087,Gyeongdonggwangseongsangga(Gyeongdongsijang),203445,453527,Dongdaemun-gu,Jegidong,20976
3130088,Gyeongdongsijang,203454,453277,Dongdaemun-gu,Jegidong,21323
3130089,Cheongryangrisusansijang,203592,453168,Dongdaemun-gu,Yongsindong,30328
3130090,Cheongryangrijonghapsijang,203585,453348,Dongdaemun-gu,Jegidong,24349
3130163,Eungamogeorisangjeomga,192561,454386,Eunpyeong-gu,Eungam3Dong,53602
3130164,Yeokchonjungangsijang,192605,457088,Eunpyeong-gu,Galhyeon2Dong,5144
3130247,Urisijang,191589,444148,Yeongdeungpo-gu,Daerim1Dong,16285
3130248,Yeongdeungpoyeokjihadosangjeomga,191565,446096,Yeongdeungpo-gu,Yeongdeungpobondong,154926
3130249,Dongnamsangga,191659,446794,Yeongdeungpo-gu,Yeongdeungpodong,1854
3130250,Samgusijang(Rotarisangga),191658,446738,Yeongdeungpo-gu,Yeongdeungpodong,5729
3130253,Yeongsinsangga(Jeilsangga),191746,446714,Yeongdeungpo-gu,Yeongdeungpodong,5196
3130254,Namseoulsangga,191773,446763,Yeongdeungpo-gu,Yeongdeungpodong,3391
3130071,Seongsuyeok Golmokhyeongsangjeomga,204684,449660,Seongdong-gu,Seongsu2Ga3Dong,10659
3130072,Seongdongyongdapsanggasijang,204691,451606,Seongdong-gu,Yongdapdong,118065
3130073,Ttukdosijang,204817,448747,Seongdong-gu,Seongsu2Ga1Dong,21456
3130074,Yeongdonggyogolmoksijang,205643,448742,Gwangjin-gu,Jayang4Dong,14261
3130075,Norunsansijang(Norunsangolmoksijang),205724,448577,Gwangjin-gu,Jayang4Dong,10816
3130076,Neungdongrogolmoksijang,205916,448409,Gwangjin-gu,Jayang4Dong,28990
3130150,Changdonggolmoksijang,203458,459884,Dobong-gu,Chang3Dong,39982
3130269,Gangnamsijang(Dongjakgu Gangnamsijang),195879,444165,Dongjak-gu,Sangdo1Dong,2889
3130270,Heukseoksijang,196718,445267,Dongjak-gu,Heukseokdong,2989
3130271,Namseongyeokgolmoksijang,197564,442670,Dongjak-gu,Sadang4Dong,29047
3130272,Sadangsijang,197803,442619,Dongjak-gu,Sadang4Dong,5844
3130273,Namseongsagyesijang(Namseongsijang),198271,443197,Dongjak-gu,Sadang2Dong,43008
3130091,Cheongryangjonghapdomaesijang,203592,453624,Dongdaemun-gu,Jegidong,45678
3130092,Cheongryangrinongsusanmulsijang,203589,453469,Dongdaemun-gu,Jegidong,32477
3130093,Dongseosijang,203663,453370,Dongdaemun-gu,Jegidong,4579
3130094,Cheongryangricheonggwamulsijang,203780,453376,Dongdaemun-gu,Jegidong,28297
3130095,Cheongryangrijeontongsijang,203840,453595,Dongdaemun-gu,Jegidong,30889
3130096,Dongbusijang,204647,451974,Dongdaemun-gu,Dapsipri1Dong,6617
3130097,Dapsipri Geonchukjajaesijang,204773,452043,Dongdaemun-gu,Dapsipri1Dong,51943
3130169,Daejosijang,193520,456658,Eunpyeong-gu,Daejodong,54016
3130170,Jeilsijang,193757,456715,Eunpyeong-gu,Daejodong,21253
3130171,Bulgwangmeokjagolmok Golmokhyeongsangjeomga,193917,456762,Eunpyeong-gu,Bulgwang1Dong,45981
3130172,Moraenaesijang(Seojungsijang),192506,452283,Seodaemun-gu,Namgajwa1Dong,24841
3130173,Baekryeonsijang,193207,453049,Seodaemun-gu,Namgajwa2Dong,2130
3130174,Yeonhuisareoga,193787,451957,Seodaemun-gu,Yeonhuidong,4763
3130175,Sinchon Sanginhoe(Sinchonsangjeomga),194450,450775,Seodaemun-gu,Sinchondong,6147
3130281,Urimsijang,192959,441201,Gwanak-gu,Nangokdong,6466
3130282,Nangok Golmokhyeongsangjeomga,192987,441112,Gwanak-gu,Nangokdong,11565
3130283,Sinwonsijang,193546,442582,Gwanak-gu,Sinwondong,26568
3130284,Gwanakjonghapsijang(Sinwonsijang),193636,442462,Gwanak-gu,Sinwondong,2721
3130100,Dapsiprisijang,205141,452676,Dongdaemun-gu,Dapsipri2Dong,22189
3130101,Dapsiprihyeondaesijang,205160,451944,Dongdaemun-gu,Dapsipri2Dong,18344
3130102,Imunjeilsijang,205511,456109,Dongdaemun-gu,Imun2Dong,7291
3130176,Yujinsangga,194956,454672,Seodaemun-gu,Hongeun1Dong,18531
3130177,Inwangsijang(Hongjegolmokhyeongsangjeomga),194989,454592,Seodaemun-gu,Hongje3Dong,22776
3130178,Idae Ap Seutateueop Sangjeomga,195118,451097,Seodaemun-gu,Sinchondong,7526
3130179,"Ihwayeodae 3,5,7Gil Sangjeomga",195141,450967,Seodaemun-gu,Sinchondong,55638
3130180,Pobangteosijang,195483,455484,Seodaemun-gu,Hongeun1Dong,28614
3130262,Sangdodokkaebi Golmokhyeongsangjeomga,194442,444884,Dongjak-gu,Sangdo2Dong,23166
3130263,Sinnoryangjinsijang(Gineungsangsil),194649,445465,Dongjak-gu,Noryangjin2Dong,13242
3130285,Seowondongsangjeomga,193691,442612,Gwanak-gu,Seowondong,60026
3130286,Sinsinrimsijang(Samseongdongsijang),194000,441260,Gwanak-gu,Samseongdong,4126
3130287,Samseongdong Sijang(Samseongdongsijang),194010,441203,Gwanak-gu,Samseongdong,13340
3130288,Sinrimhyeondaejonghapsangga,194165,441693,Gwanak-gu,Seorimdong,3964
3130098,Hoegisijang,204907,454615,Dongdaemun-gu,Hoegidong,32212
3130099,Jeonnongroteorisijang,205012,453131,Dongdaemun-gu,Jeonnong1Dong,21809
3130165,"Daerimgolmoksijang(Daerimsijang, Yangjisijang)",192702,454159,Eunpyeong-gu,Eungam3Dong,25330
3130166,Eungamsijang(Sineungamsijang),192811,454967,Eunpyeong-gu,Eungam2Dong,8255
3130167,Yeonsinnaesangjeomga(Yeonbitgeori),192841,457827,Eunpyeong-gu,Galhyeon1Dong,100156
3130168,Yeonseosijang,193102,457788,Eunpyeong-gu,Bulgwang2Dong,21658
3130267,Bondonginjeongsijang(Gineungsangsil),195675,445816,Dongjak-gu,Noryangjin1Dong,24321
3130268,Sangdojeontongsijang,195763,444418,Dongjak-gu,Sangdo1Dong,48100
3130182,Yeongcheonsijang,196546,452358,Seodaemun-gu,Cheonyeondong,41803
3130183,Sangamdongsangjeomga,190781,453048,Mapo-gu,Sangamdong,127514
3130004,Nagwonsijang(Nagwonjihasijang(Daeilsangga)),198930,452581,Jongno-gu,Jongro1?2?3?4Gadong,8689
3130005,Seunsanggagadong,199597,452205,Jongno-gu,Jongro1?2?3?4Gadong,17110
3130007,Gwangjangsijang(Gwangjangjeontongsijang),199984,452276,Jongno-gu,Jongro1?2?3?4Gadong,66373
3130009,Majeongyojihasyopingsenteo(Gu Hanilsangga),200267,452276,Jongno-gu,Jongro5?6Gadong,4469
3130010,Jongrosinjinsijang,200454,452308,Jongno-gu,Jongro5?6Gadong,45117
3130011,Chungsinsijang,200496,452735,Jongno-gu,Jongro5?6Gadong,17934
3130012,"Dongdaemunjonghapsijang(Dongdaemunjonghapsijang Singwan, Dongdaemunjonghapsijangddongsangga)",200717,452318,Jongno-gu,Jongro5?6Gadong,39355
3130013,Dongdaemunsanggaadong,200943,452267,Jongno-gu,Changsin1Dong,4486
3130014,Dongmunsijang,200970,452324,Jongno-gu,Changsin1Dong,8177
3130109,Muk1Dongdokkaebisijang,207110,457444,Jungnang-gu,Muk1Dong,29000
3130110,Myeonmokgolmoksijang(Myeonmoksijang),207544,453238,Jungnang-gu,Myeonmok7Dong,60053
3130111,"Dongwonjeontongjonghapsijang(Dongwonsijang, Dongwonjeontongsijang Sangjeomga)",208009,454485,Jungnang-gu,Myeonmokbondong,90850
3130184,Maponongsusanmulsijang,190895,451575,Mapo-gu,Seongsan2Dong,217669
3130185,Mangwonwoldeukeopsijang,191644,450958,Mapo-gu,Mangwon2Dong,30025
3130186,Mangwonsijang,191763,450761,Mapo-gu,Mangwon1Dong,42916
3130187,Yeongjinsijang,192299,450437,Mapo-gu,Seogyodong,6512
3130188,Hapjeongsijang,192324,449864,Mapo-gu,Hapjeongdong,1869
3130189,Seogyosijang,193066,450432,Mapo-gu,Seogyodong,5460
3130015,Changsingolmoksijang,200998,452635,Jongno-gu,Changsin2Dong,24588
3130016,Dongdaemunsanggabdong,201060,452267,Jongno-gu,Changsin1Dong,4841
3130017,Dongdaemunsanggacdong,201180,452268,Jongno-gu,Changsin1Dong,6896
3130018,Dongdaemunmunguwangugeori(Dongdaemunmunguwangusijang),201224,452431,Jongno-gu,Changsin1Dong,38586
3130019,Dongdaemunsanggaddong,201322,452269,Jongno-gu,Changsin1Dong,8494
3130020,Dongmyosijang(Dongmyobyeoruksijang),201471,452424,Jongno-gu,Sungin2Dong,31213
3130112,Sagajeongsijang,208001,453529,Jungnang-gu,Myeonmok3?8Dong,59114
3130113,Sinataun,208347,456318,Jungnang-gu,Sinnae2Dong,5817
3130114,Yuyeongsijang,208554,454672,Jungnang-gu,Mangu3Dong,5784
3130115,Urimgolmoksijang,208640,455380,Jungnang-gu,Mangubondong,78310
3130116,Dongseongtawopeuraja,208594,456497,Jungnang-gu,Sinnae1Dong,4108
3130117,Jeongreungsijang,200788,456537,Seongbuk-gu,Jeongreung3Dong,53318
3130190,Hongdaesosanggonginsangjeomga,193084,450375,Mapo-gu,Seogyodong,35891
3130264,Sangdoyaksugolmokhyeongsangjeomga,195047,444141,Dongjak-gu,Sangdo4Dong,15512
3130265,Noryangjinjungangsijang,195104,445890,Dongjak-gu,Noryangjin1Dong,10864
3130266,Manyangrosangjeomga,195116,445792,Dongjak-gu,Noryangjin1Dong,4662
3130001,Tonginsijang,197351,453449,Jongno-gu,Cheongunhyojadong,38280
3130002,Sejongmaeureumsikmunhwageori(Geumcheongyosijang),197423,453030,Jongno-gu,Sajikdong,49557
3130103,Igyeongsijang,205838,455017,Dongdaemun-gu,Hwigyeong1Dong,11622
3130104,Jeongoksijang,206069,453113,Dongdaemun-gu,Jangan2Dong,26448
3130105,Jangmijeilsijang(Junghwadongjeilsijang),206703,456124,Jungnang-gu,Junghwa2Dong,26867
3130106,Jungrangdongbusijang,206787,454757,Jungnang-gu,Myeonmok2Dong,50468
3130107,Jungrangdongbusijang(Jungranggyojonghapsangga),206823,454827,Jungnang-gu,Sangbong2Dong,7887
3130108,Taeneungenteopia(Taereungsijang),206854,455524,Jungnang-gu,Junghwa2Dong,4443
3130181,Ahyeongagugeorisangjeomga,196352,450951,Seodaemun-gu,Bugahyeondong,45816
3130025,Samikpaesyeontaun(Namdaemunsijang),198170,451158,Jung-gu,Hoehyeondong,17829
3130031,Cheonggyecheongonggusangga,199234,452011,Jung-gu,Euljirodong,29341
3130118,Jeongreunggol Golmokhyeongsangjeomga,200875,456986,Seongbuk-gu,Jeongreung4Dong,26683
3130119,Jeongreungarirangsijang,201059,455924,Seongbuk-gu,Jeongreung2Dong,23266
3130194,Yonggangdong Sangjeomga,194876,449054,Mapo-gu,Yonggangdong,54198
3130195,Dohwadong Sangjeomga,195525,448962,Mapo-gu,Dohwadong,101880
3130196,Gongdeoksijang,195839,449451,Mapo-gu,Gongdeokdong,7426
3130197,Maposijang,195890,449503,Mapo-gu,Gongdeokdong,9701
3130198,Ahyeonsijang,195969,450765,Mapo-gu,Ahyeondong,27671
3130199,Sinwol3Dong Golmoksijang,184634,448266,Yangcheon-gu,Sinwol3Dong,21147
3130200,"Sinwol7Dong Golmoksijang(Yaksusijang, Useongsangga)",185253,447069,Yangcheon-gu,Sinwol7Dong,13685
3130032,Inhyeonsijang,199564,451524,Jung-gu,Gwanghuidong,19722
3130033,Daerimsangga(Cheonggyesangga),199596,452001,Jung-gu,Euljirodong,11005
3130034,Pildong Golmokhyeongsangjeomga,199682,451157,Jung-gu,Pildong,2212
3130123,Kkumuisup Janggok Golmokhyeongsangjeomga,204112,457600,Seongbuk-gu,Jangwi1Dong,12762
3130201,Woljeongrosijang,185340,448178,Yangcheon-gu,Sinwol1Dong,34925
3130202,Sinyeongsijang,185484,448177,Yangcheon-gu,Sinwol1Dong,45406
3130203,Seoseoul Golmokhyeongsangjeomga,185608,447927,Yangcheon-gu,Sinwol1Dong,20663
3130204,Gyeongchangsijang,186037,447238,Yangcheon-gu,Sinwol2Dong,31087
3130205,Singokjonghapsijang(Sinwol6Dong Golmoksijang),186079,446521,Yangcheon-gu,Sinwol6Dong,20768
3130206,Sinjeong3Dong Golmoksijang,187022,446574,Yangcheon-gu,Sinjeong3Dong,4699
3130207,Sinjeong1Dong Golmoksijang(Sinjeongjeilsijang),187121,446835,Yangcheon-gu,Sinjeong1Dong,15853
3130208,Mokdongkkaebisijang(Mok3Dongsijang),188063,449908,Yangcheon-gu,Mok3Dong,52508
3130036,Jungbusijang(Sinjungbusijang),200023,451787,Jung-gu,Gwanghuidong,92243
3130038,"Pyeonghwasijang(Tongilsangga, Donghwasangga)",200712,452140,Jung-gu,Gwanghuidong,133610
3130042,Yaksusijang,200969,450370,Jung-gu,Yaksudong,28173
3130046,Team204(Tim204),201168,452028,Jung-gu,Sindangdong,4222
3130035,Bangsanjonghapsijang(Bangsansijang),200015,452052,Jung-gu,Euljirodong,99727
3130120,Donamsijang(Donamjeilsijang),201401,454697,Seongbuk-gu,Samseondong,20332
3130121,Gireumsijang,201933,455901,Seongbuk-gu,Gireum1Dong,7946
3130122,Bamnamugolsijang,203140,456580,Seongbuk-gu,Wolgok1Dong,6751
3130191,Hongdae Geotgosipeun Geori,193388,450714,Mapo-gu,Seogyodong,58130
3130192,Dongjinsijang,193538,451420,Mapo-gu,Yeonnamdong,4091
3130193,Sinsusijang,194286,449527,Mapo-gu,Sinsudong,6691
3130021,Sinseoljonghapsijang,201854,452569,Jongno-gu,Sungin2Dong,9800
3130022,Sungryemunsuipsangga(Namdaemunsijang),197893,451101,Jung-gu,Hoehyeondong,7685
3130024,Namdaemunsijang(Jayusangga),198022,451117,Jung-gu,Hoehyeondong,78068
3130212,Gonghangsijang,183093,451520,Gangseo-gu,Banghwa2Dong,25563
3130213,Bangsinjeontongsijang,183423,452471,Gangseo-gu,Banghwa1Dong,18960
3130214,Songhwabyeokhwasijang(Songhwagolmoksijang),185468,449994,Gangseo-gu,Balsan1Dong,30423
3130047,Tekeunosangga(Elrisium),201143,452157,Jung-gu,Sindangdong,10175
3130048,Dongpyeonghwasijang,201165,452217,Jung-gu,Sindangdong,8633
3130124,Beondongsijang,204237,457971,Seongbuk-gu,Jangwi3Dong,7426
3130125,Jangwijeontongsijang,204520,456886,Seongbuk-gu,Jangwi2Dong,58889
3130126,Saeseokgwansijang,204666,456526,Seongbuk-gu,Seokgwandong,7327
3130127,Seokgwansijang,205334,456601,Seongbuk-gu,Seokgwandong,7879
3130128,Dolgojisijang(Seokgwanhwanggeumsijang),205475,456688,Seongbuk-gu,Seokgwandong,48175
3130129,Jangmiwongolmoksijang,201264,460597,Gangbuk-gu,Uidong,43525
3130130,Suyubukbugolmoksijang,201421,459635,Gangbuk-gu,Insudong,4552
3130209,Moksarangsijang(Mok4Dongsijang),188196,448723,Yangcheon-gu,Mok4Dong,35003
3130210,Mok2Dongsijang,188802,449649,Yangcheon-gu,Mok2Dong,42782
3130211,Sinjeong2Dong Golmoksijang(Omokgyojungangsijang),189057,446789,Yangcheon-gu,Sinjeong2Dong,21996
3001491,Itaewon Gwangwangteukgu,199498,448311,Yongsan-gu,Itaewon1Dong,372565
3001492,Myeongdong Namdaemun Bukchangdong Dadong Mugyodong Gwangwangteukgu,198397,451614,Jung-gu,Sogongdong,983618
3001493,Dongdaemunpaesyeontaun Gwangwangteukgu,200996,451976,Jung-gu,Gwanghuidong,606058
3001494,Jongro?Cheonggye Gwangwangteukgu,199796,452274,Jongno-gu,Jongro1?2?3?4Gadong,653127
3001495,Jamsil Gwangwangteukgu,210188,446334,Songpa-gu,Bangi2Dong,2462734
3001496,Gangnam Maiseu Gwangwangteukgu,205282,445736,Gangnam-gu,Samseong1Dong,237892
