year_quarter,zone_code,total_workplace_pop
20254,3111090,143
20254,3111089,1291
20254,3111088,828
20254,3111087,348
20254,3111086,523
20254,3111085,845
20254,3111084,731
20254,3111083,2061
20254,3111082,327
20254,3111081,1370
20254,3111080,3164
20254,3111079,994
20254,3111078,4815
20254,3111077,7801
20254,3111076,2912
20254,3111075,2944
20254,3111074,1798
20254,3111073,4066
20254,3111072,2590
20254,3111071,1774
20254,3111070,1028
20254,3111069,1141
20254,3111068,3390
20254,3111067,5619
20254,3111066,1249
20254,3111065,432
20254,3111064,2442
20254,3111063,590
20254,3111062,3082
20254,3111061,3864
20254,3111060,3190
20254,3111059,4371
20254,3111058,2315
20254,3111057,665
20254,3111056,1427
20254,3111055,921
20254,3111054,1824
20254,3111053,9910
20254,3111052,1940
20254,3111051,3113
20254,3111050,4405
20254,3111049,1221
20254,3111048,1245
20254,3111047,407
20254,3111046,1871
20254,3111045,883
20254,3111044,1731
20254,3111043,1206
20254,3111042,4875
20254,3111041,1109
20254,3111040,1859
20254,3111039,4332
20254,3111038,3596
20254,3111037,2536
20254,3111036,1761
20254,3111035,4806
20254,3111034,4899
20254,3111033,1355
20254,3111032,12832
20254,3111031,4056
20254,3111030,11083
20254,3111029,5881
20254,3111028,3987
20254,3111027,21637
20254,3111026,42049
20254,3111025,9655
20254,3111024,15990
20254,3111023,26775
20254,3111022,10088
20254,3111021,8300
20254,3111020,549
20254,3111019,14930
20254,3111018,156
20254,3111017,4249
20254,3111016,4868
20254,3111015,9817
20254,3111014,15881
20254,3111013,19249
20254,3111012,4306
20254,3111011,4438
20254,3111010,9972
20254,3111009,985
20254,3111008,3598
20254,3111007,3148
20254,3111006,4888
20254,3111005,3073
20254,3111004,8820
20254,3111003,4767
20254,3111002,102
20254,3111001,92
20254,3111000,19
20254,3110999,213
20254,3110998,101
20254,3110997,1822
20254,3110996,16606
20254,3110995,22329
20254,3110994,3211
20254,3110993,3433
20254,3110992,23841
20254,3110991,67063
20254,3110990,10422
20254,3110989,20071
20254,3110988,10080
20254,3110987,6886
20254,3110986,15131
20254,3110985,14518
20254,3110984,3797
20254,3110983,4357
20254,3110982,4232
20254,3110981,6747
20254,3110980,17662
20254,3110979,8722
20254,3110978,42630
20254,3110977,11872
20254,3110976,12486
20254,3110975,35686
20254,3110974,12757
20254,3110973,13838
20254,3110972,15775
20254,3110971,33623
20254,3110970,12739
20254,3110969,39784
20254,3110968,17981
20254,3110967,31760
20254,3110966,24612
20254,3110965,18626
20254,3110964,11763
20254,3110963,25481
20254,3110962,13334
20254,3110961,20081
20254,3110960,22463
20254,3110959,11923
20254,3110958,26931
20254,3110957,23328
20254,3110956,11918
20254,3110955,20514
20254,3110954,12927
20254,3110953,19089
20254,3110952,8227
20254,3110951,12664
20254,3110950,15027
20254,3110949,9409
20254,3110948,104
20254,3110947,782
20254,3110946,603
20254,3110945,250
20254,3110944,538
20254,3110943,6441
20254,3110942,11309
20254,3110941,6059
20254,3110940,9788
20254,3110939,58015
20254,3110938,5096
20254,3110937,6970
20254,3110936,5134
20254,3110935,10174
20254,3110934,681
20254,3110933,6097
20254,3110932,5713
20254,3110931,165
20254,3110930,12480
20254,3110929,31245
20254,3110928,11526
20254,3110927,152
20254,3110926,9463
20254,3110925,6208
20254,3110924,11347
20254,3110923,7260
20254,3110922,10988
20254,3110921,12865
20254,3110920,7822
20254,3110919,9427
20254,3110918,7414
20254,3110917,5144
20254,3110916,16570
20254,3110915,4839
20254,3110914,7298
20254,3110913,9640
20254,3110912,2818
20254,3110911,9269
20254,3110910,12314
20254,3110909,450
20254,3110908,5670
20254,3110907,15092
20254,3110906,4439
20254,3110905,3730
20254,3110904,7310
20254,3110903,10170
20254,3110902,4668
20254,3110901,949
20254,3110900,1625
20254,3110899,1072
20254,3110898,404
20254,3110897,4458
20254,3110896,1116
20254,3110895,8853
20254,3110894,114
20254,3110893,1296
20254,3110892,6012
20254,3110891,1373
20254,3110890,2153
20254,3110889,424
20254,3110888,1163
20254,3110887,425
20254,3110886,793
20254,3110885,894
20254,3110884,1550
20254,3110883,1439
20254,3110882,1982
20254,3110881,1195
20254,3110880,1797
20254,3110879,1453
20254,3110878,182
20254,3110877,2222
20254,3110876,539
20254,3110875,576
20254,3110874,685
20254,3110873,3742
20254,3110872,100
20254,3110871,921
20254,3110870,64
20254,3110869,4284
20254,3110868,1902
20254,3110867,1919
20254,3110866,735
20254,3110865,1774
20254,3110864,1213
20254,3110863,1782
20254,3110862,1315
20254,3110861,4315
20254,3110860,2882
20254,3110859,344
20254,3110858,1424
20254,3110857,1612
20254,3110856,2581
20254,3110855,4593
20254,3110854,1452
20254,3110853,3703
20254,3110852,4771
20254,3110851,2857
20254,3110850,7812
20254,3110849,2897
20254,3110848,2026
20254,3110847,1513
20254,3110846,2141
20254,3110845,210
20254,3110844,7
20254,3110843,1253
20254,3110842,29
20254,3110841,9
20254,3110840,64
20254,3110839,1185
20254,3110838,1139
20254,3110837,2409
20254,3110836,2165
20254,3110835,1325
20254,3110834,186
20254,3110833,858
20254,3110832,3697
20254,3110831,371
20254,3110830,676
20254,3110829,1415
20254,3110828,3934
20254,3110827,1456
20254,3110826,1456
20254,3110825,2629
20254,3110824,1886
20254,3110823,11061
20254,3110822,3755
20254,3110821,5973
20254,3110820,2212
20254,3110819,4463
20254,3110818,2886
20254,3110817,2652
20254,3110816,2136
20254,3110815,3630
20254,3110814,3119
20254,3110813,3989
20254,3110812,2517
20254,3110811,2806
20254,3110810,1791
20254,3110809,1339
20254,3110808,528
20254,3110807,487
20254,3110806,3527
20254,3110805,239
20254,3110804,1347
20254,3110803,1669
20254,3110802,1124
20254,3110801,77
20254,3110800,5113
20254,3110799,816
20254,3110798,763
20254,3110797,307
20254,3110796,3261
20254,3110795,1104
20254,3110794,4841
20254,3110793,510
20254,3110792,3640
20254,3110791,653
20254,3110790,1249
20254,3110789,2287
20254,3110788,1526
20254,3110787,593
20254,3110786,2363
20254,3110785,591
20254,3110784,1260
20254,3110783,2941
20254,3110782,2250
20254,3110781,2237
20254,3110780,869
20254,3110779,333
20254,3110778,8567
20254,3110777,28563
20254,3110776,2695
20254,3110775,2561
20254,3110774,10113
20254,3110773,3719
20254,3110772,1248
20254,3110771,2916
20254,3110770,5027
20254,3110769,1696
20254,3110768,279
20254,3110767,3241
20254,3110766,3589
20254,3110765,12732
20254,3110764,1705
20254,3110763,10343
20254,3110762,12897
20254,3110761,5073
20254,3110760,10919
20254,3110759,47722
20254,3110758,1475
20254,3110757,2914
20254,3110756,2509
20254,3110755,1564
20254,3110754,1234
20254,3110753,1635
20254,3110752,1341
20254,3110751,2055
20254,3110750,1434
20254,3110749,1457
20254,3110748,861
20254,3110747,664
20254,3110746,1460
20254,3110745,844
20254,3110744,1522
20254,3110743,2561
20254,3110742,748
20254,3110741,1398
20254,3110740,2986
20254,3110739,1110
20254,3110738,2509
20254,3110737,2168
20254,3110736,2909
20254,3110735,2614
20254,3110734,1789
20254,3110733,1677
20254,3110732,6182
20254,3110731,2945
20254,3110730,2797
20254,3110729,6493
20254,3110728,3007
20254,3110727,1226
20254,3110726,177
20254,3110725,1978
20254,3110724,12498
20254,3110723,8882
20254,3110722,26456
20254,3110721,17534
20254,3110720,1429
20254,3110719,9552
20254,3110718,5949
20254,3110717,19886
20254,3110716,1774
20254,3110715,2375
20254,3110714,1413
20254,3110713,5402
20254,3110712,1238
20254,3110711,2794
20254,3110710,14098
20254,3110709,757
20254,3110708,1383
20254,3110707,2454
20254,3110706,1561
20254,3110705,942
20254,3110704,406
20254,3110703,3358
20254,3110702,6025
20254,3110701,1128
20254,3110700,1780
20254,3110699,820
20254,3110698,5952
20254,3110697,388
20254,3110696,3336
20254,3110695,2538
20254,3110694,2866
20254,3110693,2004
20254,3110692,2211
20254,3110691,1827
20254,3110690,3040
20254,3110689,3691
20254,3110688,1513
20254,3110687,246
20254,3110686,904
20254,3110685,87
20254,3110684,295
20254,3110683,285
20254,3110682,243
20254,3110681,484
20254,3110680,873
20254,3110679,2547
20254,3110678,1503
20254,3110677,1921
20254,3110676,3288
20254,3110675,2801
20254,3110674,633
20254,3110673,3062
20254,3110672,640
20254,3110671,5751
20254,3110670,1175
20254,3110669,3864
20254,3110668,3027
20254,3110667,580
20254,3110666,868
20254,3110665,3609
20254,3110664,3573
20254,3110663,5023
20254,3110662,2641
20254,3110661,3314
20254,3110660,8956
20254,3110659,2568
20254,3110658,1577
20254,3110657,5241
20254,3110656,2793
20254,3110655,5555
20254,3110654,3337
20254,3110653,2413
20254,3110652,2962
20254,3110651,1717
20254,3110650,1093
20254,3110649,1664
20254,3110648,5209
20254,3110647,3908
20254,3110646,3444
20254,3110645,1818
20254,3110644,151
20254,3110643,1931
20254,3110642,344
20254,3110641,1079
20254,3110640,2116
20254,3110639,1559
20254,3110638,4010
20254,3110637,2300
20254,3110636,2136
20254,3110635,2060
20254,3110634,4247
20254,3110633,1846
20254,3110632,2640
20254,3110631,1228
20254,3110630,1706
20254,3110629,1497
20254,3110628,1421
20254,3110627,12605
20254,3110626,2836
20254,3110625,12374
20254,3110624,354
20254,3110623,391
20254,3110622,1795
20254,3110621,1163
20254,3110620,1683
20254,3110619,1259
20254,3110618,3169
20254,3110617,1477
20254,3110616,8663
20254,3110615,11337
20254,3110614,2688
20254,3110613,7367
20254,3110612,12300
20254,3110611,2890
20254,3110610,635
20254,3110609,1736
20254,3110608,2342
20254,3110607,796
20254,3110606,2369
20254,3110605,1014
20254,3110604,2030
20254,3110603,1012
20254,3110602,1947
20254,3110601,1857
20254,3110600,2669
20254,3110599,1662
20254,3110598,2486
20254,3110597,2710
20254,3110596,1173
20254,3110595,2077
20254,3110594,413
20254,3110593,1868
20254,3110592,1644
20254,3110591,2531
20254,3110590,1123
20254,3110589,644
20254,3110588,2099
20254,3110587,4704
20254,3110586,8248
20254,3110585,1254
20254,3110584,1172
20254,3110583,4725
20254,3110582,1019
20254,3110581,11488
20254,3110580,669
20254,3110579,7432
20254,3110578,2939
20254,3110577,8740
20254,3110576,3232
20254,3110575,1451
20254,3110574,1073
20254,3110573,1382
20254,3110572,3431
20254,3110571,2813
20254,3110570,2408
20254,3110569,3504
20254,3110568,430
20254,3110567,459
20254,3110566,5782
20254,3110565,1582
20254,3110564,4446
20254,3110563,1674
20254,3110562,3730
20254,3110561,3021
20254,3110560,4033
20254,3110559,3813
20254,3110558,5116
20254,3110557,4935
20254,3110556,729
20254,3110555,4737
20254,3110554,6347
20254,3110553,1305
20254,3110552,2690
20254,3110551,3137
20254,3110550,6123
20254,3110549,2172
20254,3110548,4080
20254,3110547,5073
20254,3110546,1235
20254,3110545,1807
20254,3110544,7093
20254,3110543,4
20254,3110542,3595
20254,3110541,2625
20254,3110540,769
20254,3110539,13238
20254,3110538,7751
20254,3110537,7338
20254,3110536,3274
20254,3110535,859
20254,3110534,3341
20254,3110533,4380
20254,3110532,1318
20254,3110531,707
20254,3110530,1195
20254,3110529,2158
20254,3110528,2209
20254,3110527,1610
20254,3110526,34
20254,3110525,2104
20254,3110524,82
20254,3110523,296
20254,3110522,1352
20254,3110521,1476
20254,3110520,1079
20254,3110519,866
20254,3110518,2204
20254,3110517,1997
20254,3110516,841
20254,3110515,184
20254,3110514,1685
20254,3110513,2939
20254,3110512,2738
20254,3110511,4050
20254,3110510,1203
20254,3110509,3591
20254,3110508,3491
20254,3110507,1964
20254,3110506,1894
20254,3110505,273
20254,3110504,497
20254,3110503,1689
20254,3110502,833
20254,3110501,984
20254,3110500,279
20254,3110499,269
20254,3110498,1740
20254,3110497,1514
20254,3110496,716
20254,3110495,1734
20254,3110494,509
20254,3110493,450
20254,3110492,109
20254,3110491,149
20254,3110490,3179
20254,3110489,853
20254,3110488,1819
20254,3110487,1580
20254,3110486,3715
20254,3110485,923
20254,3110484,2510
20254,3110483,1220
20254,3110482,440
20254,3110481,1777
20254,3110480,1323
20254,3110479,2280
20254,3110478,2193
20254,3110477,3026
20254,3110476,224
20254,3110475,913
20254,3110474,1127
20254,3110473,2463
20254,3110472,2420
20254,3110471,1135
20254,3110470,867
20254,3110469,2047
20254,3110468,3473
20254,3110467,1381
20254,3110466,1550
20254,3110465,3065
20254,3110464,2832
20254,3110463,1152
20254,3110462,803
20254,3110461,1312
20254,3110460,3179
20254,3110459,2065
20254,3110458,1329
20254,3110457,2451
20254,3110456,2173
20254,3110455,2131
20254,3110454,1293
20254,3110453,1441
20254,3110452,1426
20254,3110451,1824
20254,3110450,1775
20254,3110449,1657
20254,3110448,198
20254,3110447,83
20254,3110446,455
20254,3110445,95
20254,3110444,674
20254,3110443,176
20254,3110442,101
20254,3110441,194
20254,3110440,133
20254,3110439,259
20254,3110438,1738
20254,3110437,382
20254,3110436,1276
20254,3110435,338
20254,3110434,3146
20254,3110433,3834
20254,3110432,994
20254,3110431,1666
20254,3110430,1350
20254,3110429,4802
20254,3110428,1579
20254,3110427,762
20254,3110426,863
20254,3110425,1767
20254,3110424,1157
20254,3110423,885
20254,3110422,579
20254,3110421,892
20254,3110420,479
20254,3110419,2371
20254,3110418,399
20254,3110417,29
20254,3110416,1197
20254,3110415,3098
20254,3110414,177
20254,3110413,539
20254,3110412,124
20254,3110411,981
20254,3110410,2240
20254,3110409,3358
20254,3110408,1991
20254,3110407,1459
20254,3110406,494
20254,3110405,3198
20254,3110404,1143
20254,3110403,3109
20254,3110402,1745
20254,3110401,2023
20254,3110400,2247
20254,3110399,1232
20254,3110398,1731
20254,3110397,967
20254,3110396,1185
20254,3110395,1208
20254,3110394,2099
20254,3110393,992
20254,3110392,265
20254,3110391,173
20254,3110390,1345
20254,3110389,637
20254,3110388,594
20254,3110387,482
20254,3110386,149
20254,3110385,72
20254,3110384,281
20254,3110383,521
20254,3110382,598
20254,3110381,262
20254,3110380,3
20254,3110379,270
20254,3110378,193
20254,3110377,823
20254,3110376,1884
20254,3110375,572
20254,3110374,395
20254,3110373,2035
20254,3110372,1057
20254,3110371,477
20254,3110370,434
20254,3110369,1789
20254,3110368,167
20254,3110367,2463
20254,3110366,1057
20254,3110365,472
20254,3110364,505
20254,3110363,170
20254,3110362,1021
20254,3110361,309
20254,3110360,2140
20254,3110359,2105
20254,3110358,2584
20254,3110357,1371
20254,3110356,929
20254,3110355,483
20254,3110354,414
20254,3110353,1178
20254,3110352,392
20254,3110351,997
20254,3110350,1074
20254,3110349,278
20254,3110348,1326
20254,3110347,50
20254,3110346,797
20254,3110345,760
20254,3110344,165
20254,3110343,1212
20254,3110342,371
20254,3110341,463
20254,3110340,1007
20254,3110339,752
20254,3110338,412
20254,3110337,1010
20254,3110336,498
20254,3110335,1225
20254,3110334,790
20254,3110333,914
20254,3110332,619
20254,3110331,958
20254,3110330,932
20254,3110329,252
20254,3110328,3073
20254,3110327,1545
20254,3110326,124
20254,3110325,229
20254,3110324,3886
20254,3110323,2200
20254,3110322,165
20254,3110321,305
20254,3110320,6471
20254,3110319,10376
20254,3110318,3427
20254,3110317,6173
20254,3110316,1760
20254,3110315,12951
20254,3110314,11186
20254,3110313,1933
20254,3110312,980
20254,3110311,627
20254,3110310,674
20254,3110309,2804
20254,3110308,2286
20254,3110307,3284
20254,3110306,1004
20254,3110305,3844
20254,3110304,3619
20254,3110303,1403
20254,3110302,3483
20254,3110301,1406
20254,3110300,8024
20254,3110299,1402
20254,3110298,498
20254,3110297,12160
20254,3110296,3181
20254,3110295,1459
20254,3110294,1311
20254,3110293,10928
20254,3110292,684
20254,3110291,2342
20254,3110290,484
20254,3110289,1084
20254,3110288,10201
20254,3110287,151
20254,3110286,9518
20254,3110285,5308
20254,3110284,259
20254,3110283,4058
20254,3110282,141
20254,3110281,1939
20254,3110280,1751
20254,3110279,1145
20254,3110278,987
20254,3110277,1245
20254,3110276,430
20254,3110275,1133
20254,3110274,724
20254,3110273,1201
20254,3110272,2330
20254,3110271,289
20254,3110270,365
20254,3110269,771
20254,3110268,551
20254,3110267,1356
20254,3110266,1032
20254,3110265,3308
20254,3110264,1103
20254,3110263,1391
20254,3110262,2565
20254,3110261,1432
20254,3110260,1005
20254,3110259,1141
20254,3110258,838
20254,3110257,1697
20254,3110256,1972
20254,3110255,3230
20254,3110254,874
20254,3110253,917
20254,3110252,1260
20254,3110251,850
20254,3110250,755
20254,3110249,1674
20254,3110248,369
20254,3110247,1613
20254,3110246,1715
20254,3110245,941
20254,3110244,1121
20254,3110243,940
20254,3110242,841
20254,3110241,2160
20254,3110240,191
20254,3110239,49
20254,3110238,373
20254,3110237,1168
20254,3110236,1542
20254,3110235,61
20254,3110234,1124
20254,3110233,758
20254,3110232,2921
20254,3110231,563
20254,3110230,3180
20254,3110229,5840
20254,3110228,4714
20254,3110227,1634
20254,3110226,7321
20254,3110225,1676
20254,3110224,352
20254,3110223,3855
20254,3110222,864
20254,3110221,385
20254,3110220,910
20254,3110219,1560
20254,3110218,2672
20254,3110217,3090
20254,3110216,423
20254,3110215,1236
20254,3110214,882
20254,3110213,470
20254,3110212,2430
20254,3110211,612
20254,3110210,832
20254,3110209,458
20254,3110208,585
20254,3110207,1188
20254,3110206,224
20254,3110205,492
20254,3110204,841
20254,3110203,1133
20254,3110202,213
20254,3110201,85
20254,3110200,693
20254,3110199,1234
20254,3110198,1379
20254,3110197,78
20254,3110196,329
20254,3110195,3355
20254,3110194,1363
20254,3110193,649
20254,3110192,2202
20254,3110191,455
20254,3110190,718
20254,3110189,2916
20254,3110188,5854
20254,3110187,5921
20254,3110186,977
20254,3110185,4907
20254,3110184,4414
20254,3110183,3452
20254,3110182,3364
20254,3110181,9309
20254,3110180,7506
20254,3110179,1610
20254,3110178,1616
20254,3110177,211
20254,3110176,2117
20254,3110175,6266
20254,3110174,2874
20254,3110173,2292
20254,3110172,3002
20254,3110171,1482
20254,3110170,4395
20254,3110169,2716
20254,3110168,843
20254,3110167,3441
20254,3110166,4345
20254,3110165,1364
20254,3110164,1793
20254,3110163,2333
20254,3110162,2308
20254,3110161,968
20254,3110160,901
20254,3110159,12383
20254,3110158,1117
20254,3110157,2696
20254,3110156,2434
20254,3110155,8266
20254,3110154,4510
20254,3110153,3218
20254,3110152,1145
20254,3110151,2988
20254,3110150,3588
20254,3110149,634
20254,3110148,158
20254,3110147,1483
20254,3110146,1528
20254,3110145,298
20254,3110144,304
20254,3110143,238
20254,3110142,5357
20254,3110141,2520
20254,3110140,4440
20254,3110139,637
20254,3110138,2407
20254,3110137,18792
20254,3110136,14116
20254,3110135,9319
20254,3110134,2410
20254,3110133,2559
20254,3110132,5098
20254,3110131,14549
20254,3110130,543
20254,3110129,5638
20254,3110128,3034
20254,3110127,3288
20254,3110126,3973
20254,3110125,355
20254,3110124,3409
20254,3110123,1688
20254,3110122,1669
20254,3110121,153
20254,3110120,403
20254,3110119,1622
20254,3110118,949
20254,3110117,2533
20254,3110116,5210
20254,3110115,2743
20254,3110114,1276
20254,3110113,475
20254,3110112,1134
20254,3110111,121
20254,3110110,934
20254,3110109,1584
20254,3110108,817
20254,3110107,1091
20254,3110106,479
20254,3110105,1484
20254,3110104,203
20254,3110103,702
20254,3110102,1569
20254,3110101,1657
20254,3110100,1657
20254,3110099,12346
20254,3110098,10908
20254,3110097,7494
20254,3110096,3108
20254,3110095,26423
20254,3110094,100
20254,3110093,22248
20254,3110092,1024
20254,3110091,23102
20254,3110090,3315
20254,3110089,6621
20254,3110088,5252
20254,3110087,14340
20254,3110086,13371
20254,3110085,2387
20254,3110084,943
20254,3110083,6504
20254,3110082,16225
20254,3110081,693
20254,3110080,935
20254,3110079,10089
20254,3110078,811
20254,3110077,2349
20254,3110076,3481
20254,3110075,9679
20254,3110074,11023
20254,3110073,10805
20254,3110072,910
20254,3110071,2205
20254,3110070,385
20254,3110069,5230
20254,3110068,7475
20254,3110067,4376
20254,3110066,2046
20254,3110065,2650
20254,3110064,3259
20254,3110063,4919
20254,3110062,17870
20254,3110061,1968
20254,3110060,3511
20254,3110059,2118
20254,3110058,6143
20254,3110057,741
20254,3110056,1564
20254,3110055,652
20254,3110054,9290
20254,3110053,1734
20254,3110052,4904
20254,3110051,4722
20254,3110050,13834
20254,3110049,9900
20254,3110048,8227
20254,3110047,11169
20254,3110046,5019
20254,3110045,11624
20254,3110044,7841
20254,3110043,11133
20254,3110042,4491
20254,3110041,4811
20254,3110040,4801
20254,3110039,16833
20254,3110038,9219
20254,3110037,2413
20254,3110036,1118
20254,3110035,1597
20254,3110034,1480
20254,3110033,293
20254,3110032,1975
20254,3110031,177
20254,3110030,1150
20254,3110029,1732
20254,3110028,4242
20254,3110027,1352
20254,3110026,5625
20254,3110025,4290
20254,3110024,4137
20254,3110023,535
20254,3110022,4945
20254,3110021,2491
20254,3110020,1512
20254,3110019,5134
20254,3110018,12075
20254,3110017,3013
20254,3110016,6307
20254,3110015,3610
20254,3110014,1009
20254,3110013,3583
20254,3110012,27464
20254,3110011,483
20254,3110010,5976
20254,3110009,601
20254,3110008,5342
20254,3110007,1910
20254,3110006,460
20254,3110005,1371
20254,3110004,50
20254,3110003,3893
20254,3110002,460
20254,3110001,3952
20253,3111090,143
20253,3111089,1291
20253,3111088,828
20253,3111087,348
20253,3111086,523
20253,3111085,845
20253,3111084,731
20253,3111083,2061
20253,3111082,327
20253,3111081,1370
20253,3111080,3164
20253,3111079,994
20253,3111078,4815
20253,3111077,7801
20253,3111076,2912
20253,3111075,2944
20253,3111074,1798
20253,3111073,4066
20253,3111072,2590
20253,3111071,1774
20253,3111070,1028
20253,3111069,1141
20253,3111068,3390
20253,3111067,5619
20253,3111066,1249
20253,3111065,432
20253,3111064,2442
20253,3111063,590
20253,3111062,3082
20253,3111061,3864
20253,3111060,3190
20253,3111059,4371
20253,3111058,2315
20253,3111057,665
20253,3111056,1427
20253,3111055,921
20253,3111054,1824
20253,3111053,9910
20253,3111052,1940
20253,3111051,3113
20253,3111050,4405
20253,3111049,1221
20253,3111048,1245
20253,3111047,407
20253,3111046,1871
20253,3111045,883
20253,3111044,1731
20253,3111043,1206
20253,3111042,4875
20253,3111041,1109
20253,3111040,1859
20253,3111039,4332
20253,3111038,3596
20253,3111037,2536
20253,3111036,1761
20253,3111035,4806
20253,3111034,4899
20253,3111033,1355
20253,3111032,12832
20253,3111031,4056
20253,3111030,11083
20253,3111029,5881
20253,3111028,3987
20253,3111027,21637
20253,3111026,42049
20253,3111025,9655
20253,3111024,15990
20253,3111023,26775
20253,3111022,10088
20253,3111021,8300
20253,3111020,549
20253,3111019,14930
20253,3111018,156
20253,3111017,4249
20253,3111016,4868
20253,3111015,9817
20253,3111014,15881
20253,3111013,19249
20253,3111012,4306
20253,3111011,4438
20253,3111010,9972
20253,3111009,985
20253,3111008,3598
20253,3111007,3148
20253,3111006,4888
20253,3111005,3073
20253,3111004,8820
20253,3111003,4767
20253,3111002,102
20253,3111001,92
20253,3111000,19
20253,3110999,213
20253,3110998,101
20253,3110997,1822
20253,3110996,16606
20253,3110995,22329
20253,3110994,3211
20253,3110993,3433
20253,3110992,23841
20253,3110991,67063
20253,3110990,10422
20253,3110989,20071
20253,3110988,10080
20253,3110987,6886
20253,3110986,15131
20253,3110985,14518
20253,3110984,3797
20253,3110983,4357
20253,3110982,4232
20253,3110981,6747
20253,3110980,17662
20253,3110979,8722
20253,3110978,42630
20253,3110977,11872
20253,3110976,12486
20253,3110975,35686
20253,3110974,12757
20253,3110973,13838
20253,3110972,15775
20253,3110971,33623
20253,3110970,12739
20253,3110969,39784
20253,3110968,17981
20253,3110967,31760
20253,3110966,24612
20253,3110965,18626
20253,3110964,11763
20253,3110963,25481
20253,3110962,13334
20253,3110961,20081
20253,3110960,22463
20253,3110959,11923
20253,3110958,26931
20253,3110957,23328
20253,3110956,11918
20253,3110955,20514
20253,3110954,12927
20253,3110953,19089
20253,3110952,8227
20253,3110951,12664
20253,3110950,15027
20253,3110949,9409
20253,3110948,104
20253,3110947,782
20253,3110946,603
20253,3110945,250
20253,3110944,538
20253,3110943,6441
20253,3110942,11309
20253,3110941,6059
20253,3110940,9788
20253,3110939,58015
20253,3110938,5096
20253,3110937,6970
20253,3110936,5134
20253,3110935,10174
20253,3110934,681
20253,3110933,6097
20253,3110932,5713
20253,3110931,165
20253,3110930,12480
20253,3110929,31245
20253,3110928,11526
20253,3110927,152
20253,3110926,9463
20253,3110925,6208
20253,3110924,11347
20253,3110923,7260
20253,3110922,10988
20253,3110921,12865
20253,3110920,7822
20253,3110919,9427
20253,3110918,7414
20253,3110917,5144
20253,3110916,16570
20253,3110915,4839
20253,3110914,7298
20253,3110913,9640
20253,3110912,2818
20253,3110911,9269
20253,3110910,12314
20253,3110909,450
20253,3110908,5670
20253,3110907,15092
20253,3110906,4439
20253,3110905,3730
20253,3110904,7310
20253,3110903,10170
20253,3110902,4668
20253,3110901,949
20253,3110900,1625
20253,3110899,1072
20253,3110898,404
20253,3110897,4458
20253,3110896,1116
20253,3110895,8853
20253,3110894,114
20253,3110893,1296
20253,3110892,6012
20253,3110891,1373
20253,3110890,2153
20253,3110889,424
20253,3110888,1163
20253,3110887,425
20253,3110886,793
20253,3110885,894
20253,3110884,1550
20253,3110883,1439
20253,3110882,1982
20253,3110881,1195
20253,3110880,1797
20253,3110879,1453
20253,3110878,182
20253,3110877,2222
20253,3110876,539
20253,3110875,576
20253,3110874,685
20253,3110873,3742
20253,3110872,100
20253,3110871,921
20253,3110870,64
20253,3110869,4284
20253,3110868,1902
20253,3110867,1919
20253,3110866,735
20253,3110865,1774
20253,3110864,1213
20253,3110863,1782
20253,3110862,1315
20253,3110861,4315
20253,3110860,2882
20253,3110859,344
20253,3110858,1424
20253,3110857,1612
20253,3110856,2581
20253,3110855,4593
20253,3110854,1452
20253,3110853,3703
20253,3110852,4771
20253,3110851,2857
20253,3110850,7812
20253,3110849,2897
20253,3110848,2026
20253,3110847,1513
20253,3110846,2141
20253,3110845,210
20253,3110844,7
20253,3110843,1253
20253,3110842,29
20253,3110841,9
20253,3110840,64
20253,3110839,1185
20253,3110838,1139
20253,3110837,2409
20253,3110836,2165
20253,3110835,1325
20253,3110834,186
20253,3110833,858
20253,3110832,3697
20253,3110831,371
20253,3110830,676
20253,3110829,1415
20253,3110828,3934
20253,3110827,1456
20253,3110826,1456
20253,3110825,2629
20253,3110824,1886
20253,3110823,11061
20253,3110822,3755
20253,3110821,5973
20253,3110820,2212
20253,3110819,4463
20253,3110818,2886
20253,3110817,2652
20253,3110816,2136
20253,3110815,3630
20253,3110814,3119
20253,3110813,3989
20253,3110812,2517
20253,3110811,2806
20253,3110810,1791
20253,3110809,1339
20253,3110808,528
20253,3110807,487
20253,3110806,3527
20253,3110805,239
20253,3110804,1347
20253,3110803,1669
20253,3110802,1124
20253,3110801,77
20253,3110800,5113
20253,3110799,816
20253,3110798,763
20253,3110797,307
20253,3110796,3261
20253,3110795,1104
20253,3110794,4841
20253,3110793,510
20253,3110792,3640
20253,3110791,653
20253,3110790,1249
20253,3110789,2287
20253,3110788,1526
20253,3110787,593
20253,3110786,2363
20253,3110785,591
20253,3110784,1260
20253,3110783,2941
20253,3110782,2250
20253,3110781,2237
20253,3110780,869
20253,3110779,333
20253,3110778,8567
20253,3110777,28563
20253,3110776,2695
20253,3110775,2561
20253,3110774,10113
20253,3110773,3719
20253,3110772,1248
20253,3110771,2916
20253,3110770,5027
20253,3110769,1696
20253,3110768,279
20253,3110767,3241
20253,3110766,3589
20253,3110765,12732
20253,3110764,1705
20253,3110763,10343
20253,3110762,12897
20253,3110761,5073
20253,3110760,10919
20253,3110759,47722
20253,3110758,1475
20253,3110757,2914
20253,3110756,2509
20253,3110755,1564
20253,3110754,1234
20253,3110753,1635
20253,3110752,1341
20253,3110751,2055
20253,3110750,1434
20253,3110749,1457
20253,3110748,861
20253,3110747,664
20253,3110746,1460
20253,3110745,844
20253,3110744,1522
20253,3110743,2561
20253,3110742,748
20253,3110741,1398
20253,3110740,2986
20253,3110739,1110
20253,3110738,2509
20253,3110737,2168
20253,3110736,2909
20253,3110735,2614
20253,3110734,1789
20253,3110733,1677
20253,3110732,6182
20253,3110731,2945
20253,3110730,2797
20253,3110729,6493
20253,3110728,3007
20253,3110727,1226
20253,3110726,177
20253,3110725,1978
20253,3110724,12498
20253,3110723,8882
20253,3110722,26456
20253,3110721,17534
20253,3110720,1429
20253,3110719,9552
20253,3110718,5949
20253,3110717,19886
20253,3110716,1774
20253,3110715,2375
20253,3110714,1413
20253,3110713,5402
20253,3110712,1238
20253,3110711,2794
20253,3110710,14098
20253,3110709,757
20253,3110708,1383
20253,3110707,2454
20253,3110706,1561
20253,3110705,942
20253,3110704,406
20253,3110703,3358
20253,3110702,6025
20253,3110701,1128
20253,3110700,1780
20253,3110699,820
20253,3110698,5952
20253,3110697,388
20253,3110696,3336
20253,3110695,2538
20253,3110694,2866
20253,3110693,2004
20253,3110692,2211
20253,3110691,1827
20253,3110690,3040
20253,3110689,3691
20253,3110688,1513
20253,3110687,246
20253,3110686,904
20253,3110685,87
20253,3110684,295
20253,3110683,285
20253,3110682,243
20253,3110681,484
20253,3110680,873
20253,3110679,2547
20253,3110678,1503
20253,3110677,1921
20253,3110676,3288
20253,3110675,2801
20253,3110674,633
20253,3110673,3062
20253,3110672,640
20253,3110671,5751
20253,3110670,1175
20253,3110669,3864
20253,3110668,3027
20253,3110667,580
20253,3110666,868
20253,3110665,3609
20253,3110664,3573
20253,3110663,5023
20253,3110662,2641
20253,3110661,3314
20253,3110660,8956
20253,3110659,2568
20253,3110658,1577
20253,3110657,5241
20253,3110656,2793
20253,3110655,5555
20253,3110654,3337
20253,3110653,2413
20253,3110652,2962
20253,3110651,1717
20253,3110650,1093
20253,3110649,1664
20253,3110648,5209
20253,3110647,3908
20253,3110646,3444
20253,3110645,1818
20253,3110644,151
20253,3110643,1931
20253,3110642,344
20253,3110641,1079
20253,3110640,2116
20253,3110639,1559
20253,3110638,4010
20253,3110637,2300
20253,3110636,2136
20253,3110635,2060
20253,3110634,4247
20253,3110633,1846
20253,3110632,2640
20253,3110631,1228
20253,3110630,1706
20253,3110629,1497
20253,3110628,1421
20253,3110627,12605
20253,3110626,2836
20253,3110625,12374
20253,3110624,354
20253,3110623,391
20253,3110622,1795
20253,3110621,1163
20253,3110620,1683
20253,3110619,1259
20253,3110618,3169
20253,3110617,1477
20253,3110616,8663
20253,3110615,11337
20253,3110614,2688
20253,3110613,7367
20253,3110612,12300
20253,3110611,2890
20253,3110610,635
20253,3110609,1736
20253,3110608,2342
20253,3110607,796
20253,3110606,2369
20253,3110605,1014
20253,3110604,2030
20253,3110603,1012
20253,3110602,1947
20253,3110601,1857
20253,3110600,2669
20253,3110599,1662
20253,3110598,2486
20253,3110597,2710
20253,3110596,1173
20253,3110595,2077
20253,3110594,413
20253,3110593,1868
20253,3110592,1644
20253,3110591,2531
20253,3110590,1123
20253,3110589,644
20253,3110588,2099
20253,3110587,4704
20253,3110586,8248
20253,3110585,1254
20253,3110584,1172
20253,3110583,4725
20253,3110582,1019
20253,3110581,11488
20253,3110580,669
20253,3110579,7432
20253,3110578,2939
20253,3110577,8740
20253,3110576,3232
20253,3110575,1451
20253,3110574,1073
20253,3110573,1382
20253,3110572,3431
20253,3110571,2813
20253,3110570,2408
20253,3110569,3504
20253,3110568,430
20253,3110567,459
20253,3110566,5782
20253,3110565,1582
20253,3110564,4446
20253,3110563,1674
20253,3110562,3730
20253,3110561,3021
20253,3110560,4033
20253,3110559,3813
20253,3110558,5116
20253,3110557,4935
20253,3110556,729
20253,3110555,4737
20253,3110554,6347
20253,3110553,1305
20253,3110552,2690
20253,3110551,3137
20253,3110550,6123
20253,3110549,2172
20253,3110548,4080
20253,3110547,5073
20253,3110546,1235
20253,3110545,1807
20253,3110544,7093
20253,3110543,4
20253,3110542,3595
20253,3110541,2625
20253,3110540,769
20253,3110539,13238
20253,3110538,7751
20253,3110537,7338
20253,3110536,3274
20253,3110535,859
20253,3110534,3341
20253,3110533,4380
20253,3110532,1318
20253,3110531,707
20253,3110530,1195
20253,3110529,2158
20253,3110528,2209
20253,3110527,1610
20253,3110526,34
20253,3110525,2104
20253,3110524,82
20253,3110523,296
20253,3110522,1352
20253,3110521,1476
20253,3110520,1079
20253,3110519,866
20253,3110518,2204
20253,3110517,1997
20253,3110516,841
20253,3110515,184
20253,3110514,1685
20253,3110513,2939
20253,3110512,2738
20253,3110511,4050
20253,3110510,1203
20253,3110509,3591
20253,3110508,3491
20253,3110507,1964
20253,3110506,1894
20253,3110505,273
20253,3110504,497
20253,3110503,1689
20253,3110502,833
20253,3110501,984
20253,3110500,279
20253,3110499,269
20253,3110498,1740
20253,3110497,1514
20253,3110496,716
20253,3110495,1734
20253,3110494,509
20253,3110493,450
20253,3110492,109
20253,3110491,149
20253,3110490,3179
20253,3110489,853
20253,3110488,1819
20253,3110487,1580
20253,3110486,3715
20253,3110485,923
20253,3110484,2510
20253,3110483,1220
20253,3110482,440
20253,3110481,1777
20253,3110480,1323
20253,3110479,2280
20253,3110478,2193
20253,3110477,3026
20253,3110476,224
20253,3110475,913
20253,3110474,1127
20253,3110473,2463
20253,3110472,2420
20253,3110471,1135
20253,3110470,867
20253,3110469,2047
20253,3110468,3473
20253,3110467,1381
20253,3110466,1550
20253,3110465,3065
20253,3110464,2832
20253,3110463,1152
20253,3110462,803
20253,3110461,1312
20253,3110460,3179
20253,3110459,2065
20253,3110458,1329
20253,3110457,2451
20253,3110456,2173
20253,3110455,2131
20253,3110454,1293
20253,3110453,1441
20253,3110452,1426
20253,3110451,1824
20253,3110450,1775
20253,3110449,1657
20253,3110448,198
20253,3110447,83
20253,3110446,455
20253,3110445,95
20253,3110444,674
20253,3110443,176
20253,3110442,101
20253,3110441,194
20253,3110440,133
20253,3110439,259
20253,3110438,1738
20253,3110437,382
20253,3110436,1276
20253,3110435,338
20253,3110434,3146
20253,3110433,3834
20253,3110432,994
20253,3110431,1666
20253,3110430,1350
20253,3110429,4802
20253,3110428,1579
20253,3110427,762
20253,3110426,863
20253,3110425,1767
20253,3110424,1157
20253,3110423,885
20253,3110422,579
20253,3110421,892
20253,3110420,479
20253,3110419,2371
20253,3110418,399
20253,3110417,29
20253,3110416,1197
20253,3110415,3098
20253,3110414,177
20253,3110413,539
20253,3110412,124
20253,3110411,981
20253,3110410,2240
20253,3110409,3358
20253,3110408,1991
20253,3110407,1459
20253,3110406,494
20253,3110405,3198
20253,3110404,1143
20253,3110403,3109
20253,3110402,1745
20253,3110401,2023
20253,3110400,2247
20253,3110399,1232
20253,3110398,1731
20253,3110397,967
20253,3110396,1185
20253,3110395,1208
20253,3110394,2099
20253,3110393,992
20253,3110392,265
20253,3110391,173
20253,3110390,1345
20253,3110389,637
20253,3110388,594
20253,3110387,482
20253,3110386,149
20253,3110385,72
20253,3110384,281
20253,3110383,521
20253,3110382,598
20253,3110381,262
20253,3110380,3
20253,3110379,270
20253,3110378,193
20253,3110377,823
20253,3110376,1884
20253,3110375,572
20253,3110374,395
20253,3110373,2035
20253,3110372,1057
20253,3110371,477
20253,3110370,434
20253,3110369,1789
20253,3110368,167
20253,3110367,2463
20253,3110366,1057
20253,3110365,472
20253,3110364,505
20253,3110363,170
20253,3110362,1021
20253,3110361,309
20253,3110360,2140
20253,3110359,2105
20253,3110358,2584
20253,3110357,1371
20253,3110356,929
20253,3110355,483
20253,3110354,414
20253,3110353,1178
20253,3110352,392
20253,3110351,997
20253,3110350,1074
20253,3110349,278
20253,3110348,1326
20253,3110347,50
20253,3110346,797
20253,3110345,760
20253,3110344,165
20253,3110343,1212
20253,3110342,371
20253,3110341,463
20253,3110340,1007
20253,3110339,752
20253,3110338,412
20253,3110337,1010
20253,3110336,498
20253,3110335,1225
20253,3110334,790
20253,3110333,914
20253,3110332,619
20253,3110331,958
20253,3110330,932
20253,3110329,252
20253,3110328,3073
20253,3110327,1545
20253,3110326,124
20253,3110325,229
20253,3110324,3886
20253,3110323,2200
20253,3110322,165
20253,3110321,305
20253,3110320,6471
20253,3110319,10376
20253,3110318,3427
20253,3110317,6173
20253,3110316,1760
20253,3110315,12951
20253,3110314,11186
20253,3110313,1933
20253,3110312,980
20253,3110311,627
20253,3110310,674
20253,3110309,2804
20253,3110308,2286
20253,3110307,3284
20253,3110306,1004
20253,3110305,3844
20253,3110304,3619
20253,3110303,1403
20253,3110302,3483
20253,3110301,1406
20253,3110300,8024
20253,3110299,1402
20253,3110298,498
20253,3110297,12160
20253,3110296,3181
20253,3110295,1459
20253,3110294,1311
20253,3110293,10928
20253,3110292,684
20253,3110291,2342
20253,3110290,484
20253,3110289,1084
20253,3110288,10201
20253,3110287,151
20253,3110286,9518
20253,3110285,5308
20253,3110284,259
20253,3110283,4058
20253,3110282,141
20253,3110281,1939
20253,3110280,1751
20253,3110279,1145
20253,3110278,987
20253,3110277,1245
20253,3110276,430
20253,3110275,1133
20253,3110274,724
20253,3110273,1201
20253,3110272,2330
20253,3110271,289
20253,3110270,365
20253,3110269,771
20253,3110268,551
20253,3110267,1356
20253,3110266,1032
20253,3110265,3308
20253,3110264,1103
20253,3110263,1391
20253,3110262,2565
20253,3110261,1432
20253,3110260,1005
20253,3110259,1141
20253,3110258,838
20253,3110257,1697
20253,3110256,1972
20253,3110255,3230
20253,3110254,874
20253,3110253,917
20253,3110252,1260
20253,3110251,850
20253,3110250,755
20253,3110249,1674
20253,3110248,369
20253,3110247,1613
20253,3110246,1715
20253,3110245,941
20253,3110244,1121
20253,3110243,940
20253,3110242,841
20253,3110241,2160
20253,3110240,191
20253,3110239,49
20253,3110238,373
20253,3110237,1168
20253,3110236,1542
20253,3110235,61
20253,3110234,1124
20253,3110233,758
20253,3110232,2921
20253,3110231,563
20253,3110230,3180
20253,3110229,5840
20253,3110228,4714
20253,3110227,1634
20253,3110226,7321
20253,3110225,1676
20253,3110224,352
20253,3110223,3855
20253,3110222,864
20253,3110221,385
20253,3110220,910
20253,3110219,1560
20253,3110218,2672
20253,3110217,3090
20253,3110216,423
20253,3110215,1236
20253,3110214,882
20253,3110213,470
20253,3110212,2430
20253,3110211,612
20253,3110210,832
20253,3110209,458
20253,3110208,585
20253,3110207,1188
20253,3110206,224
20253,3110205,492
20253,3110204,841
20253,3110203,1133
20253,3110202,213
20253,3110201,85
20253,3110200,693
20253,3110199,1234
20253,3110198,1379
20253,3110197,78
20253,3110196,329
20253,3110195,3355
20253,3110194,1363
20253,3110193,649
20253,3110192,2202
20253,3110191,455
20253,3110190,718
20253,3110189,2916
20253,3110188,5854
20253,3110187,5921
20253,3110186,977
20253,3110185,4907
20253,3110184,4414
20253,3110183,3452
20253,3110182,3364
20253,3110181,9309
20253,3110180,7506
20253,3110179,1610
20253,3110178,1616
20253,3110177,211
20253,3110176,2117
20253,3110175,6266
20253,3110174,2874
20253,3110173,2292
20253,3110172,3002
20253,3110171,1482
20253,3110170,4395
20253,3110169,2716
20253,3110168,843
20253,3110167,3441
20253,3110166,4345
20253,3110165,1364
20253,3110164,1793
20253,3110163,2333
20253,3110162,2308
20253,3110161,968
20253,3110160,901
20253,3110159,12383
20253,3110158,1117
20253,3110157,2696
20253,3110156,2434
20253,3110155,8266
20253,3110154,4510
20253,3110153,3218
20253,3110152,1145
20253,3110151,2988
20253,3110150,3588
20253,3110149,634
20253,3110148,158
20253,3110147,1483
20253,3110146,1528
20253,3110145,298
20253,3110144,304
20253,3110143,238
20253,3110142,5357
20253,3110141,2520
20253,3110140,4440
20253,3110139,637
20253,3110138,2407
20253,3110137,18792
20253,3110136,14116
20253,3110135,9319
20253,3110134,2410
20253,3110133,2559
20253,3110132,5098
20253,3110131,14549
20253,3110130,543
20253,3110129,5638
20253,3110128,3034
20253,3110127,3288
20253,3110126,3973
20253,3110125,355
20253,3110124,3409
20253,3110123,1688
20253,3110122,1669
20253,3110121,153
20253,3110120,403
20253,3110119,1622
20253,3110118,949
20253,3110117,2533
20253,3110116,5210
20253,3110115,2743
20253,3110114,1276
20253,3110113,475
20253,3110112,1134
20253,3110111,121
20253,3110110,934
20253,3110109,1584
20253,3110108,817
20253,3110107,1091
20253,3110106,479
20253,3110105,1484
20253,3110104,203
20253,3110103,702
20253,3110102,1569
20253,3110101,1657
20253,3110100,1657
20253,3110099,12346
20253,3110098,10908
20253,3110097,7494
20253,3110096,3108
20253,3110095,26423
20253,3110094,100
20253,3110093,22248
20253,3110092,1024
20253,3110091,23102
20253,3110090,3315
20253,3110089,6621
20253,3110088,5252
20253,3110087,14340
20253,3110086,13371
20253,3110085,2387
20253,3110084,943
20253,3110083,6504
20253,3110082,16225
20253,3110081,693
20253,3110080,935
20253,3110079,10089
20253,3110078,811
20253,3110077,2349
20253,3110076,3481
20253,3110075,9679
20253,3110074,11023
20253,3110073,10805
20253,3110072,910
20253,3110071,2205
20253,3110070,385
20253,3110069,5230
20253,3110068,7475
20253,3110067,4376
20253,3110066,2046
20253,3110065,2650
20253,3110064,3259
20253,3110063,4919
20253,3110062,17870
20253,3110061,1968
20253,3110060,3511
20253,3110059,2118
20253,3110058,6143
20253,3110057,741
20253,3110056,1564
20253,3110055,652
20253,3110054,9290
20253,3110053,1734
20253,3110052,4904
20253,3110051,4722
20253,3110050,13834
20253,3110049,9900
20253,3110048,8227
20253,3110047,11169
20253,3110046,5019
20253,3110045,11624
20253,3110044,7841
20253,3110043,11133
20253,3110042,4491
20253,3110041,4811
20253,3110040,4801
20253,3110039,16833
20253,3110038,9219
20253,3110037,2413
20253,3110036,1118
20253,3110035,1597
20253,3110034,1480
20253,3110033,293
20253,3110032,1975
20253,3110031,177
20253,3110030,1150
20253,3110029,1732
20253,3110028,4242
20253,3110027,1352
20253,3110026,5625
20253,3110025,4290
20253,3110024,4137
20253,3110023,535
20253,3110022,4945
20253,3110021,2491
20253,3110020,1512
20253,3110019,5134
20253,3110018,12075
20253,3110017,3013
20253,3110016,6307
20253,3110015,3610
20253,3110014,1009
20253,3110013,3583
20253,3110012,27464
20253,3110011,483
20253,3110010,5976
20253,3110009,601
20253,3110008,5342
20253,3110007,1910
20253,3110006,460
20253,3110005,1371
20253,3110004,50
20253,3110003,3893
20253,3110002,460
20253,3110001,3952
20252,3111090,143
20252,3111089,1291
20252,3111088,828
20252,3111087,348
20252,3111086,523
20252,3111085,845
20252,3111084,731
20252,3111083,2061
20252,3111082,327
20252,3111081,1370
20252,3111080,3164
20252,3111079,994
20252,3111078,4815
20252,3111077,7801
20252,3111076,2912
20252,3111075,2944
20252,3111074,1798
20252,3111073,4066
20252,3111072,2590
20252,3111071,1774
20252,3111070,1028
20252,3111069,1141
20252,3111068,3390
20252,3111067,5619
20252,3111066,1249
20252,3111065,432
20252,3111064,2442
20252,3111063,590
20252,3111062,3082
20252,3111061,3864
20252,3111060,3190
20252,3111059,4371
20252,3111058,2315
20252,3111057,665
20252,3111056,1427
20252,3111055,921
20252,3111054,1824
20252,3111053,9910
20252,3111052,1940
20252,3111051,3113
20252,3111050,4405
20252,3111049,1221
20252,3111048,1245
20252,3111047,407
20252,3111046,1871
20252,3111045,883
20252,3111044,1731
20252,3111043,1206
20252,3111042,4875
20252,3111041,1109
20252,3111040,1859
20252,3111039,4332
20252,3111038,3596
20252,3111037,2536
20252,3111036,1761
20252,3111035,4806
20252,3111034,4899
20252,3111033,1355
20252,3111032,12832
20252,3111031,4056
20252,3111030,11083
20252,3111029,5881
20252,3111028,3987
20252,3111027,21637
20252,3111026,42049
20252,3111025,9655
20252,3111024,15990
20252,3111023,26775
20252,3111022,10088
20252,3111021,8300
20252,3111020,549
20252,3111019,14930
20252,3111018,156
20252,3111017,4249
20252,3111016,4868
20252,3111015,9817
20252,3111014,15881
20252,3111013,19249
20252,3111012,4306
20252,3111011,4438
20252,3111010,9972
20252,3111009,985
20252,3111008,3598
20252,3111007,3148
20252,3111006,4888
20252,3111005,3073
20252,3111004,8820
20252,3111003,4767
20252,3111002,102
20252,3111001,92
20252,3111000,19
20252,3110999,213
20252,3110998,101
20252,3110997,1822
20252,3110996,16606
20252,3110995,22329
20252,3110994,3211
20252,3110993,3433
20252,3110992,23841
20252,3110991,67063
20252,3110990,10422
20252,3110989,20071
20252,3110988,10080
20252,3110987,6886
20252,3110986,15131
20252,3110985,14518
20252,3110984,3797
20252,3110983,4357
20252,3110982,4232
20252,3110981,6747
20252,3110980,17662
20252,3110979,8722
20252,3110978,42630
20252,3110977,11872
20252,3110976,12486
20252,3110975,35686
20252,3110974,12757
20252,3110973,13838
20252,3110972,15775
20252,3110971,33623
20252,3110970,12739
20252,3110969,39784
20252,3110968,17981
20252,3110967,31760
20252,3110966,24612
20252,3110965,18626
20252,3110964,11763
20252,3110963,25481
20252,3110962,13334
20252,3110961,20081
20252,3110960,22463
20252,3110959,11923
20252,3110958,26931
20252,3110957,23328
20252,3110956,11918
20252,3110955,20514
20252,3110954,12927
20252,3110953,19089
20252,3110952,8227
20252,3110951,12664
20252,3110950,15027
20252,3110949,9409
20252,3110948,104
20252,3110947,782
20252,3110946,603
20252,3110945,250
20252,3110944,538
20252,3110943,6441
20252,3110942,11309
20252,3110941,6059
20252,3110940,9788
20252,3110939,58015
20252,3110938,5096
20252,3110937,6970
20252,3110936,5134
20252,3110935,10174
20252,3110934,681
20252,3110933,6097
20252,3110932,5713
20252,3110931,165
20252,3110930,12480
20252,3110929,31245
20252,3110928,11526
20252,3110927,152
20252,3110926,9463
20252,3110925,6208
20252,3110924,11347
20252,3110923,7260
20252,3110922,10988
20252,3110921,12865
20252,3110920,7822
20252,3110919,9427
20252,3110918,7414
20252,3110917,5144
20252,3110916,16570
20252,3110915,4839
20252,3110914,7298
20252,3110913,9640
20252,3110912,2818
20252,3110911,9269
20252,3110910,12314
20252,3110909,450
20252,3110908,5670
20252,3110907,15092
20252,3110906,4439
20252,3110905,3730
20252,3110904,7310
20252,3110903,10170
20252,3110902,4668
20252,3110901,949
20252,3110900,1625
20252,3110899,1072
20252,3110898,404
20252,3110897,4458
20252,3110896,1116
20252,3110895,8853
20252,3110894,114
20252,3110893,1296
20252,3110892,6012
20252,3110891,1373
20252,3110890,2153
20252,3110889,424
20252,3110888,1163
20252,3110887,425
20252,3110886,793
20252,3110885,894
20252,3110884,1550
20252,3110883,1439
20252,3110882,1982
20252,3110881,1195
20252,3110880,1797
20252,3110879,1453
20252,3110878,182
20252,3110877,2222
20252,3110876,539
20252,3110875,576
20252,3110874,685
20252,3110873,3742
20252,3110872,100
20252,3110871,921
20252,3110870,64
20252,3110869,4284
20252,3110868,1902
20252,3110867,1919
20252,3110866,735
20252,3110865,1774
20252,3110864,1213
20252,3110863,1782
20252,3110862,1315
20252,3110861,4315
20252,3110860,2882
20252,3110859,344
20252,3110858,1424
20252,3110857,1612
20252,3110856,2581
20252,3110855,4593
20252,3110854,1452
20252,3110853,3703
20252,3110852,4771
20252,3110851,2857
20252,3110850,7812
20252,3110849,2897
20252,3110848,2026
20252,3110847,1513
20252,3110846,2141
20252,3110845,210
20252,3110844,7
20252,3110843,1253
20252,3110842,29
20252,3110841,9
20252,3110840,64
20252,3110839,1185
20252,3110838,1139
20252,3110837,2409
20252,3110836,2165
20252,3110835,1325
20252,3110834,186
20252,3110833,858
20252,3110832,3697
20252,3110831,371
20252,3110830,676
20252,3110829,1415
20252,3110828,3934
20252,3110827,1456
20252,3110826,1456
20252,3110825,2629
20252,3110824,1886
20252,3110823,11061
20252,3110822,3755
20252,3110821,5973
20252,3110820,2212
20252,3110819,4463
20252,3110818,2886
20252,3110817,2652
20252,3110816,2136
20252,3110815,3630
20252,3110814,3119
20252,3110813,3989
20252,3110812,2517
20252,3110811,2806
20252,3110810,1791
20252,3110809,1339
20252,3110808,528
20252,3110807,487
20252,3110806,3527
20252,3110805,239
20252,3110804,1347
20252,3110803,1669
20252,3110802,1124
20252,3110801,77
20252,3110800,5113
20252,3110799,816
20252,3110798,763
20252,3110797,307
20252,3110796,3261
20252,3110795,1104
20252,3110794,4841
20252,3110793,510
20252,3110792,3640
20252,3110791,653
20252,3110790,1249
20252,3110789,2287
20252,3110788,1526
20252,3110787,593
20252,3110786,2363
20252,3110785,591
20252,3110784,1260
20252,3110783,2941
20252,3110782,2250
20252,3110781,2237
20252,3110780,869
20252,3110779,333
20252,3110778,8567
20252,3110777,28563
20252,3110776,2695
20252,3110775,2561
20252,3110774,10113
20252,3110773,3719
20252,3110772,1248
20252,3110771,2916
20252,3110770,5027
20252,3110769,1696
20252,3110768,279
20252,3110767,3241
20252,3110766,3589
20252,3110765,12732
20252,3110764,1705
20252,3110763,10343
20252,3110762,12897
20252,3110761,5073
20252,3110760,10919
20252,3110759,47722
20252,3110758,1475
20252,3110757,2914
20252,3110756,2509
20252,3110755,1564
20252,3110754,1234
20252,3110753,1635
20252,3110752,1341
20252,3110751,2055
20252,3110750,1434
20252,3110749,1457
20252,3110748,861
20252,3110747,664
20252,3110746,1460
20252,3110745,844
20252,3110744,1522
20252,3110743,2561
20252,3110742,748
20252,3110741,1398
20252,3110740,2986
20252,3110739,1110
20252,3110738,2509
20252,3110737,2168
20252,3110736,2909
20252,3110735,2614
20252,3110734,1789
20252,3110733,1677
20252,3110732,6182
20252,3110731,2945
20252,3110730,2797
20252,3110729,6493
20252,3110728,3007
20252,3110727,1226
20252,3110726,177
20252,3110725,1978
20252,3110724,12498
20252,3110723,8882
20252,3110722,26456
20252,3110721,17534
20252,3110720,1429
20252,3110719,9552
20252,3110718,5949
20252,3110717,19886
20252,3110716,1774
20252,3110715,2375
20252,3110714,1413
20252,3110713,5402
20252,3110712,1238
20252,3110711,2794
20252,3110710,14098
20252,3110709,757
20252,3110708,1383
20252,3110707,2454
20252,3110706,1561
20252,3110705,942
20252,3110704,406
20252,3110703,3358
20252,3110702,6025
20252,3110701,1128
20252,3110700,1780
20252,3110699,820
20252,3110698,5952
20252,3110697,388
20252,3110696,3336
20252,3110695,2538
20252,3110694,2866
20252,3110693,2004
20252,3110692,2211
20252,3110691,1827
20252,3110690,3040
20252,3110689,3691
20252,3110688,1513
20252,3110687,246
20252,3110686,904
20252,3110685,87
20252,3110684,295
20252,3110683,285
20252,3110682,243
20252,3110681,484
20252,3110680,873
20252,3110679,2547
20252,3110678,1503
20252,3110677,1921
20252,3110676,3288
20252,3110675,2801
20252,3110674,633
20252,3110673,3062
20252,3110672,640
20252,3110671,5751
20252,3110670,1175
20252,3110669,3864
20252,3110668,3027
20252,3110667,580
20252,3110666,868
20252,3110665,3609
20252,3110664,3573
20252,3110663,5023
20252,3110662,2641
20252,3110661,3314
20252,3110660,8956
20252,3110659,2568
20252,3110658,1577
20252,3110657,5241
20252,3110656,2793
20252,3110655,5555
20252,3110654,3337
20252,3110653,2413
20252,3110652,2962
20252,3110651,1717
20252,3110650,1093
20252,3110649,1664
20252,3110648,5209
20252,3110647,3908
20252,3110646,3444
20252,3110645,1818
20252,3110644,151
20252,3110643,1931
20252,3110642,344
20252,3110641,1079
20252,3110640,2116
20252,3110639,1559
20252,3110638,4010
20252,3110637,2300
20252,3110636,2136
20252,3110635,2060
20252,3110634,4247
20252,3110633,1846
20252,3110632,2640
20252,3110631,1228
20252,3110630,1706
20252,3110629,1497
20252,3110628,1421
20252,3110627,12605
20252,3110626,2836
20252,3110625,12374
20252,3110624,354
20252,3110623,391
20252,3110622,1795
20252,3110621,1163
20252,3110620,1683
20252,3110619,1259
20252,3110618,3169
20252,3110617,1477
20252,3110616,8663
20252,3110615,11337
20252,3110614,2688
20252,3110613,7367
20252,3110612,12300
20252,3110611,2890
20252,3110610,635
20252,3110609,1736
20252,3110608,2342
20252,3110607,796
20252,3110606,2369
20252,3110605,1014
20252,3110604,2030
20252,3110603,1012
20252,3110602,1947
20252,3110601,1857
20252,3110600,2669
20252,3110599,1662
20252,3110598,2486
20252,3110597,2710
20252,3110596,1173
20252,3110595,2077
20252,3110594,413
20252,3110593,1868
20252,3110592,1644
20252,3110591,2531
20252,3110590,1123
20252,3110589,644
20252,3110588,2099
20252,3110587,4704
20252,3110586,8248
20252,3110585,1254
20252,3110584,1172
20252,3110583,4725
20252,3110582,1019
20252,3110581,11488
20252,3110580,669
20252,3110579,7432
20252,3110578,2939
20252,3110577,8740
20252,3110576,3232
20252,3110575,1451
20252,3110574,1073
20252,3110573,1382
20252,3110572,3431
20252,3110571,2813
20252,3110570,2408
20252,3110569,3504
20252,3110568,430
20252,3110567,459
20252,3110566,5782
20252,3110565,1582
20252,3110564,4446
20252,3110563,1674
20252,3110562,3730
20252,3110561,3021
20252,3110560,4033
20252,3110559,3813
20252,3110558,5116
20252,3110557,4935
20252,3110556,729
20252,3110555,4737
20252,3110554,6347
20252,3110553,1305
20252,3110552,2690
20252,3110551,3137
20252,3110550,6123
20252,3110549,2172
20252,3110548,4080
20252,3110547,5073
20252,3110546,1235
20252,3110545,1807
20252,3110544,7093
20252,3110543,4
20252,3110542,3595
20252,3110541,2625
20252,3110540,769
20252,3110539,13238
20252,3110538,7751
20252,3110537,7338
20252,3110536,3274
20252,3110535,859
20252,3110534,3341
20252,3110533,4380
20252,3110532,1318
20252,3110531,707
20252,3110530,1195
20252,3110529,2158
20252,3110528,2209
20252,3110527,1610
20252,3110526,34
20252,3110525,2104
20252,3110524,82
20252,3110523,296
20252,3110522,1352
20252,3110521,1476
20252,3110520,1079
20252,3110519,866
20252,3110518,2204
20252,3110517,1997
20252,3110516,841
20252,3110515,184
20252,3110514,1685
20252,3110513,2939
20252,3110512,2738
20252,3110511,4050
20252,3110510,1203
20252,3110509,3591
20252,3110508,3491
20252,3110507,1964
20252,3110506,1894
20252,3110505,273
20252,3110504,497
20252,3110503,1689
20252,3110502,833
20252,3110501,984
20252,3110500,279
20252,3110499,269
20252,3110498,1740
20252,3110497,1514
20252,3110496,716
20252,3110495,1734
20252,3110494,509
20252,3110493,450
20252,3110492,109
20252,3110491,149
20252,3110490,3179
20252,3110489,853
20252,3110488,1819
20252,3110487,1580
20252,3110486,3715
20252,3110485,923
20252,3110484,2510
20252,3110483,1220
20252,3110482,440
20252,3110481,1777
20252,3110480,1323
20252,3110479,2280
20252,3110478,2193
20252,3110477,3026
20252,3110476,224
20252,3110475,913
20252,3110474,1127
20252,3110473,2463
20252,3110472,2420
20252,3110471,1135
20252,3110470,867
20252,3110469,2047
20252,3110468,3473
20252,3110467,1381
20252,3110466,1550
20252,3110465,3065
20252,3110464,2832
20252,3110463,1152
20252,3110462,803
20252,3110461,1312
20252,3110460,3179
20252,3110459,2065
20252,3110458,1329
20252,3110457,2451
20252,3110456,2173
20252,3110455,2131
20252,3110454,1293
20252,3110453,1441
20252,3110452,1426
20252,3110451,1824
20252,3110450,1775
20252,3110449,1657
20252,3110448,198
20252,3110447,83
20252,3110446,455
20252,3110445,95
20252,3110444,674
20252,3110443,176
20252,3110442,101
20252,3110441,194
20252,3110440,133
20252,3110439,259
20252,3110438,1738
20252,3110437,382
20252,3110436,1276
20252,3110435,338
20252,3110434,3146
20252,3110433,3834
20252,3110432,994
20252,3110431,1666
20252,3110430,1350
20252,3110429,4802
20252,3110428,1579
20252,3110427,762
20252,3110426,863
20252,3110425,1767
20252,3110424,1157
20252,3110423,885
20252,3110422,579
20252,3110421,892
20252,3110420,479
20252,3110419,2371
20252,3110418,399
20252,3110417,29
20252,3110416,1197
20252,3110415,3098
20252,3110414,177
20252,3110413,539
20252,3110412,124
20252,3110411,981
20252,3110410,2240
20252,3110409,3358
20252,3110408,1991
20252,3110407,1459
20252,3110406,494
20252,3110405,3198
20252,3110404,1143
20252,3110403,3109
20252,3110402,1745
20252,3110401,2023
20252,3110400,2247
20252,3110399,1232
20252,3110398,1731
20252,3110397,967
20252,3110396,1185
20252,3110395,1208
20252,3110394,2099
20252,3110393,992
20252,3110392,265
20252,3110391,173
20252,3110390,1345
20252,3110389,637
20252,3110388,594
20252,3110387,482
20252,3110386,149
20252,3110385,72
20252,3110384,281
20252,3110383,521
20252,3110382,598
20252,3110381,262
20252,3110380,3
20252,3110379,270
20252,3110378,193
20252,3110377,823
20252,3110376,1884
20252,3110375,572
20252,3110374,395
20252,3110373,2035
20252,3110372,1057
20252,3110371,477
20252,3110370,434
20252,3110369,1789
20252,3110368,167
20252,3110367,2463
20252,3110366,1057
20252,3110365,472
20252,3110364,505
20252,3110363,170
20252,3110362,1021
20252,3110361,309
20252,3110360,2140
20252,3110359,2105
20252,3110358,2584
20252,3110357,1371
20252,3110356,929
20252,3110355,483
20252,3110354,414
20252,3110353,1178
20252,3110352,392
20252,3110351,997
20252,3110350,1074
20252,3110349,278
20252,3110348,1326
20252,3110347,50
20252,3110346,797
20252,3110345,760
20252,3110344,165
20252,3110343,1212
20252,3110342,371
20252,3110341,463
20252,3110340,1007
20252,3110339,752
20252,3110338,412
20252,3110337,1010
20252,3110336,498
20252,3110335,1225
20252,3110334,790
20252,3110333,914
20252,3110332,619
20252,3110331,958
20252,3110330,932
20252,3110329,252
20252,3110328,3073
20252,3110327,1545
20252,3110326,124
20252,3110325,229
20252,3110324,3886
20252,3110323,2200
20252,3110322,165
20252,3110321,305
20252,3110320,6471
20252,3110319,10376
20252,3110318,3427
20252,3110317,6173
20252,3110316,1760
20252,3110315,12951
20252,3110314,11186
20252,3110313,1933
20252,3110312,980
20252,3110311,627
20252,3110310,674
20252,3110309,2804
20252,3110308,2286
20252,3110307,3284
20252,3110306,1004
20252,3110305,3844
20252,3110304,3619
20252,3110303,1403
20252,3110302,3483
20252,3110301,1406
20252,3110300,8024
20252,3110299,1402
20252,3110298,498
20252,3110297,12160
20252,3110296,3181
20252,3110295,1459
20252,3110294,1311
20252,3110293,10928
20252,3110292,684
20252,3110291,2342
20252,3110290,484
20252,3110289,1084
20252,3110288,10201
20252,3110287,151
20252,3110286,9518
20252,3110285,5308
20252,3110284,259
20252,3110283,4058
20252,3110282,141
20252,3110281,1939
20252,3110280,1751
20252,3110279,1145
20252,3110278,987
20252,3110277,1245
20252,3110276,430
20252,3110275,1133
20252,3110274,724
20252,3110273,1201
20252,3110272,2330
20252,3110271,289
20252,3110270,365
20252,3110269,771
20252,3110268,551
20252,3110267,1356
20252,3110266,1032
20252,3110265,3308
20252,3110264,1103
20252,3110263,1391
20252,3110262,2565
20252,3110261,1432
20252,3110260,1005
20252,3110259,1141
20252,3110258,838
20252,3110257,1697
20252,3110256,1972
20252,3110255,3230
20252,3110254,874
20252,3110253,917
20252,3110252,1260
20252,3110251,850
20252,3110250,755
20252,3110249,1674
20252,3110248,369
20252,3110247,1613
20252,3110246,1715
20252,3110245,941
20252,3110244,1121
20252,3110243,940
20252,3110242,841
20252,3110241,2160
20252,3110240,191
20252,3110239,49
20252,3110238,373
20252,3110237,1168
20252,3110236,1542
20252,3110235,61
20252,3110234,1124
20252,3110233,758
20252,3110232,2921
20252,3110231,563
20252,3110230,3180
20252,3110229,5840
20252,3110228,4714
20252,3110227,1634
20252,3110226,7321
20252,3110225,1676
20252,3110224,352
20252,3110223,3855
20252,3110222,864
20252,3110221,385
20252,3110220,910
20252,3110219,1560
20252,3110218,2672
20252,3110217,3090
20252,3110216,423
20252,3110215,1236
20252,3110214,882
20252,3110213,470
20252,3110212,2430
20252,3110211,612
20252,3110210,832
20252,3110209,458
20252,3110208,585
20252,3110207,1188
20252,3110206,224
20252,3110205,492
20252,3110204,841
20252,3110203,1133
20252,3110202,213
20252,3110201,85
20252,3110200,693
20252,3110199,1234
20252,3110198,1379
20252,3110197,78
20252,3110196,329
20252,3110195,3355
20252,3110194,1363
20252,3110193,649
20252,3110192,2202
20252,3110191,455
20252,3110190,718
20252,3110189,2916
20252,3110188,5854
20252,3110187,5921
20252,3110186,977
20252,3110185,4907
20252,3110184,4414
20252,3110183,3452
20252,3110182,3364
20252,3110181,9309
20252,3110180,7506
20252,3110179,1610
20252,3110178,1616
20252,3110177,211
20252,3110176,2117
20252,3110175,6266
20252,3110174,2874
20252,3110173,2292
20252,3110172,3002
20252,3110171,1482
20252,3110170,4395
20252,3110169,2716
20252,3110168,843
20252,3110167,3441
20252,3110166,4345
20252,3110165,1364
20252,3110164,1793
20252,3110163,2333
20252,3110162,2308
20252,3110161,968
20252,3110160,901
20252,3110159,12383
20252,3110158,1117
20252,3110157,2696
20252,3110156,2434
20252,3110155,8266
20252,3110154,4510
20252,3110153,3218
20252,3110152,1145
20252,3110151,2988
20252,3110150,3588
20252,3110149,634
20252,3110148,158
20252,3110147,1483
20252,3110146,1528
20252,3110145,298
20252,3110144,304
20252,3110143,238
20252,3110142,5357
20252,3110141,2520
20252,3110140,4440
20252,3110139,637
20252,3110138,2407
20252,3110137,18792
20252,3110136,14116
20252,3110135,9319
20252,3110134,2410
20252,3110133,2559
20252,3110132,5098
20252,3110131,14549
20252,3110130,543
20252,3110129,5638
20252,3110128,3034
20252,3110127,3288
20252,3110126,3973
20252,3110125,355
20252,3110124,3409
20252,3110123,1688
20252,3110122,1669
20252,3110121,153
20252,3110120,403
20252,3110119,1622
20252,3110118,949
20252,3110117,2533
20252,3110116,5210
20252,3110115,2743
20252,3110114,1276
20252,3110113,475
20252,3110112,1134
20252,3110111,121
20252,3110110,934
20252,3110109,1584
20252,3110108,817
20252,3110107,1091
20252,3110106,479
20252,3110105,1484
20252,3110104,203
20252,3110103,702
20252,3110102,1569
20252,3110101,1657
20252,3110100,1657
20252,3110099,12346
20252,3110098,10908
20252,3110097,7494
20252,3110096,3108
20252,3110095,26423
20252,3110094,100
20252,3110093,22248
20252,3110092,1024
20252,3110091,23102
20252,3110090,3315
20252,3110089,6621
20252,3110088,5252
20252,3110087,14340
20252,3110086,13371
20252,3110085,2387
20252,3110084,943
20252,3110083,6504
20252,3110082,16225
20252,3110081,693
20252,3110080,935
20252,3110079,10089
20252,3110078,811
20252,3110077,2349
20252,3110076,3481
20252,3110075,9679
20252,3110074,11023
20252,3110073,10805
20252,3110072,910
20252,3110071,2205
20252,3110070,385
20252,3110069,5230
20252,3110068,7475
20252,3110067,4376
20252,3110066,2046
20252,3110065,2650
20252,3110064,3259
20252,3110063,4919
20252,3110062,17870
20252,3110061,1968
20252,3110060,3511
20252,3110059,2118
20252,3110058,6143
20252,3110057,741
20252,3110056,1564
20252,3110055,652
20252,3110054,9290
20252,3110053,1734
20252,3110052,4904
20252,3110051,4722
20252,3110050,13834
20252,3110049,9900
20252,3110048,8227
20252,3110047,11169
20252,3110046,5019
20252,3110045,11624
20252,3110044,7841
20252,3110043,11133
20252,3110042,4491
20252,3110041,4811
20252,3110040,4801
20252,3110039,16833
20252,3110038,9219
20252,3110037,2413
20252,3110036,1118
20252,3110035,1597
20252,3110034,1480
20252,3110033,293
20252,3110032,1975
20252,3110031,177
20252,3110030,1150
20252,3110029,1732
20252,3110028,4242
20252,3110027,1352
20252,3110026,5625
20252,3110025,4290
20252,3110024,4137
20252,3110023,535
20252,3110022,4945
20252,3110021,2491
20252,3110020,1512
20252,3110019,5134
20252,3110018,12075
20252,3110017,3013
20252,3110016,6307
20252,3110015,3610
20252,3110014,1009
20252,3110013,3583
20252,3110012,27464
20252,3110011,483
20252,3110010,5976
20252,3110009,601
20252,3110008,5342
20252,3110007,1910
20252,3110006,460
20252,3110005,1371
20252,3110004,50
20252,3110003,3893
20252,3110002,460
20252,3110001,3952
20251,3111090,143
20251,3111089,1291
20251,3111088,828
20251,3111087,348
20251,3111086,523
20251,3111085,845
20251,3111084,731
20251,3111083,2061
20251,3111082,327
20251,3111081,1370
20251,3111080,3164
20251,3111079,994
20251,3111078,4815
20251,3111077,7801
20251,3111076,2912
20251,3111075,2944
20251,3111074,1798
20251,3111073,4066
20251,3111072,2590
20251,3111071,1774
20251,3111070,1028
20251,3111069,1141
20251,3111068,3390
20251,3111067,5619
20251,3111066,1249
20251,3111065,432
20251,3111064,2442
20251,3111063,590
20251,3111062,3082
20251,3111061,3864
20251,3111060,3190
20251,3111059,4371
20251,3111058,2315
20251,3111057,665
20251,3111056,1427
20251,3111055,921
20251,3111054,1824
20251,3111053,9910
20251,3111052,1940
20251,3111051,3113
20251,3111050,4405
20251,3111049,1221
20251,3111048,1245
20251,3111047,407
20251,3111046,1871
20251,3111045,883
20251,3111044,1731
20251,3111043,1206
20251,3111042,4875
20251,3111041,1109
20251,3111040,1859
20251,3111039,4332
20251,3111038,3596
20251,3111037,2536
20251,3111036,1761
20251,3111035,4806
20251,3111034,4899
20251,3111033,1355
20251,3111032,12832
20251,3111031,4056
20251,3111030,11083
20251,3111029,5881
20251,3111028,3987
20251,3111027,21637
20251,3111026,42049
20251,3111025,9655
20251,3111024,15990
20251,3111023,26775
20251,3111022,10088
20251,3111021,8300
20251,3111020,549
20251,3111019,14930
20251,3111018,156
20251,3111017,4249
20251,3111016,4868
20251,3111015,9817
20251,3111014,15881
20251,3111013,19249
20251,3111012,4306
20251,3111011,4438
20251,3111010,9972
20251,3111009,985
20251,3111008,3598
20251,3111007,3148
20251,3111006,4888
20251,3111005,3073
20251,3111004,8820
20251,3111003,4767
20251,3111002,102
20251,3111001,92
20251,3111000,19
20251,3110999,213
20251,3110998,101
20251,3110997,1822
20251,3110996,16606
20251,3110995,22329
20251,3110994,3211
20251,3110993,3433
20251,3110992,23841
20251,3110991,67063
20251,3110990,10422
20251,3110989,20071
20251,3110988,10080
20251,3110987,6886
20251,3110986,15131
20251,3110985,14518
20251,3110984,3797
20251,3110983,4357
20251,3110982,4232
20251,3110981,6747
20251,3110980,17662
20251,3110979,8722
20251,3110978,42630
20251,3110977,11872
20251,3110976,12486
20251,3110975,35686
20251,3110974,12757
20251,3110973,13838
20251,3110972,15775
20251,3110971,33623
20251,3110970,12739
20251,3110969,39784
20251,3110968,17981
20251,3110967,31760
20251,3110966,24612
20251,3110965,18626
20251,3110964,11763
20251,3110963,25481
20251,3110962,13334
20251,3110961,20081
20251,3110960,22463
20251,3110959,11923
20251,3110958,26931
20251,3110957,23328
20251,3110956,11918
20251,3110955,20514
20251,3110954,12927
20251,3110953,19089
20251,3110952,8227
20251,3110951,12664
20251,3110950,15027
20251,3110949,9409
20251,3110948,104
20251,3110947,782
20251,3110946,603
20251,3110945,250
20251,3110944,538
20251,3110943,6441
20251,3110942,11309
20251,3110941,6059
20251,3110940,9788
20251,3110939,58015
20251,3110938,5096
20251,3110937,6970
20251,3110936,5134
20251,3110935,10174
20251,3110934,681
20251,3110933,6097
20251,3110932,5713
20251,3110931,165
20251,3110930,12480
20251,3110929,31245
20251,3110928,11526
20251,3110927,152
20251,3110926,9463
20251,3110925,6208
20251,3110924,11347
20251,3110923,7260
20251,3110922,10988
20251,3110921,12865
20251,3110920,7822
20251,3110919,9427
20251,3110918,7414
20251,3110917,5144
20251,3110916,16570
20251,3110915,4839
20251,3110914,7298
20251,3110913,9640
20251,3110912,2818
20251,3110911,9269
20251,3110910,12314
20251,3110909,450
20251,3110908,5670
20251,3110907,15092
20251,3110906,4439
20251,3110905,3730
20251,3110904,7310
20251,3110903,10170
20251,3110902,4668
20251,3110901,949
20251,3110900,1625
20251,3110899,1072
20251,3110898,404
20251,3110897,4458
20251,3110896,1116
20251,3110895,8853
20251,3110894,114
20251,3110893,1296
20251,3110892,6012
20251,3110891,1373
20251,3110890,2153
20251,3110889,424
20251,3110888,1163
20251,3110887,425
20251,3110886,793
20251,3110885,894
20251,3110884,1550
20251,3110883,1439
20251,3110882,1982
20251,3110881,1195
20251,3110880,1797
20251,3110879,1453
20251,3110878,182
20251,3110877,2222
20251,3110876,539
20251,3110875,576
20251,3110874,685
20251,3110873,3742
20251,3110872,100
20251,3110871,921
20251,3110870,64
20251,3110869,4284
20251,3110868,1902
20251,3110867,1919
20251,3110866,735
20251,3110865,1774
20251,3110864,1213
20251,3110863,1782
20251,3110862,1315
20251,3110861,4315
20251,3110860,2882
20251,3110859,344
20251,3110858,1424
20251,3110857,1612
20251,3110856,2581
20251,3110855,4593
20251,3110854,1452
20251,3110853,3703
20251,3110852,4771
20251,3110851,2857
20251,3110850,7812
20251,3110849,2897
20251,3110848,2026
20251,3110847,1513
20251,3110846,2141
20251,3110845,210
20251,3110844,7
20251,3110843,1253
20251,3110842,29
20251,3110841,9
20251,3110840,64
20251,3110839,1185
20251,3110838,1139
20251,3110837,2409
20251,3110836,2165
20251,3110835,1325
20251,3110834,186
20251,3110833,858
20251,3110832,3697
20251,3110831,371
20251,3110830,676
20251,3110829,1415
20251,3110828,3934
20251,3110827,1456
20251,3110826,1456
20251,3110825,2629
20251,3110824,1886
20251,3110823,11061
20251,3110822,3755
20251,3110821,5973
20251,3110820,2212
20251,3110819,4463
20251,3110818,2886
20251,3110817,2652
20251,3110816,2136
20251,3110815,3630
20251,3110814,3119
20251,3110813,3989
20251,3110812,2517
20251,3110811,2806
20251,3110810,1791
20251,3110809,1339
20251,3110808,528
20251,3110807,487
20251,3110806,3527
20251,3110805,239
20251,3110804,1347
20251,3110803,1669
20251,3110802,1124
20251,3110801,77
20251,3110800,5113
20251,3110799,816
20251,3110798,763
20251,3110797,307
20251,3110796,3261
20251,3110795,1104
20251,3110794,4841
20251,3110793,510
20251,3110792,3640
20251,3110791,653
20251,3110790,1249
20251,3110789,2287
20251,3110788,1526
20251,3110787,593
20251,3110786,2363
20251,3110785,591
20251,3110784,1260
20251,3110783,2941
20251,3110782,2250
20251,3110781,2237
20251,3110780,869
20251,3110779,333
20251,3110778,8567
20251,3110777,28563
20251,3110776,2695
20251,3110775,2561
20251,3110774,10113
20251,3110773,3719
20251,3110772,1248
20251,3110771,2916
20251,3110770,5027
20251,3110769,1696
20251,3110768,279
20251,3110767,3241
20251,3110766,3589
20251,3110765,12732
20251,3110764,1705
20251,3110763,10343
20251,3110762,12897
20251,3110761,5073
20251,3110760,10919
20251,3110759,47722
20251,3110758,1475
20251,3110757,2914
20251,3110756,2509
20251,3110755,1564
20251,3110754,1234
20251,3110753,1635
20251,3110752,1341
20251,3110751,2055
20251,3110750,1434
20251,3110749,1457
20251,3110748,861
20251,3110747,664
20251,3110746,1460
20251,3110745,844
20251,3110744,1522
20251,3110743,2561
20251,3110742,748
20251,3110741,1398
20251,3110740,2986
20251,3110739,1110
20251,3110738,2509
20251,3110737,2168
20251,3110736,2909
20251,3110735,2614
20251,3110734,1789
20251,3110733,1677
20251,3110732,6182
20251,3110731,2945
20251,3110730,2797
20251,3110729,6493
20251,3110728,3007
20251,3110727,1226
20251,3110726,177
20251,3110725,1978
20251,3110724,12498
20251,3110723,8882
20251,3110722,26456
20251,3110721,17534
20251,3110720,1429
20251,3110719,9552
20251,3110718,5949
20251,3110717,19886
20251,3110716,1774
20251,3110715,2375
20251,3110714,1413
20251,3110713,5402
20251,3110712,1238
20251,3110711,2794
20251,3110710,14098
20251,3110709,757
20251,3110708,1383
20251,3110707,2454
20251,3110706,1561
20251,3110705,942
20251,3110704,406
20251,3110703,3358
20251,3110702,6025
20251,3110701,1128
20251,3110700,1780
20251,3110699,820
20251,3110698,5952
20251,3110697,388
20251,3110696,3336
20251,3110695,2538
20251,3110694,2866
20251,3110693,2004
20251,3110692,2211
20251,3110691,1827
20251,3110690,3040
20251,3110689,3691
20251,3110688,1513
20251,3110687,246
20251,3110686,904
20251,3110685,87
20251,3110684,295
20251,3110683,285
20251,3110682,243
20251,3110681,484
20251,3110680,873
20251,3110679,2547
20251,3110678,1503
20251,3110677,1921
20251,3110676,3288
20251,3110675,2801
20251,3110674,633
20251,3110673,3062
20251,3110672,640
20251,3110671,5751
20251,3110670,1175
20251,3110669,3864
20251,3110668,3027
20251,3110667,580
20251,3110666,868
20251,3110665,3609
20251,3110664,3573
20251,3110663,5023
20251,3110662,2641
20251,3110661,3314
20251,3110660,8956
20251,3110659,2568
20251,3110658,1577
20251,3110657,5241
20251,3110656,2793
20251,3110655,5555
20251,3110654,3337
20251,3110653,2413
20251,3110652,2962
20251,3110651,1717
20251,3110650,1093
20251,3110649,1664
20251,3110648,5209
20251,3110647,3908
20251,3110646,3444
20251,3110645,1818
20251,3110644,151
20251,3110643,1931
20251,3110642,344
20251,3110641,1079
20251,3110640,2116
20251,3110639,1559
20251,3110638,4010
20251,3110637,2300
20251,3110636,2136
20251,3110635,2060
20251,3110634,4247
20251,3110633,1846
20251,3110632,2640
20251,3110631,1228
20251,3110630,1706
20251,3110629,1497
20251,3110628,1421
20251,3110627,12605
20251,3110626,2836
20251,3110625,12374
20251,3110624,354
20251,3110623,391
20251,3110622,1795
20251,3110621,1163
20251,3110620,1683
20251,3110619,1259
20251,3110618,3169
20251,3110617,1477
20251,3110616,8663
20251,3110615,11337
20251,3110614,2688
20251,3110613,7367
20251,3110612,12300
20251,3110611,2890
20251,3110610,635
20251,3110609,1736
20251,3110608,2342
20251,3110607,796
20251,3110606,2369
20251,3110605,1014
20251,3110604,2030
20251,3110603,1012
20251,3110602,1947
20251,3110601,1857
20251,3110600,2669
20251,3110599,1662
20251,3110598,2486
20251,3110597,2710
20251,3110596,1173
20251,3110595,2077
20251,3110594,413
20251,3110593,1868
20251,3110592,1644
20251,3110591,2531
20251,3110590,1123
20251,3110589,644
20251,3110588,2099
20251,3110587,4704
20251,3110586,8248
20251,3110585,1254
20251,3110584,1172
20251,3110583,4725
20251,3110582,1019
20251,3110581,11488
20251,3110580,669
20251,3110579,7432
20251,3110578,2939
20251,3110577,8740
20251,3110576,3232
20251,3110575,1451
20251,3110574,1073
20251,3110573,1382
20251,3110572,3431
20251,3110571,2813
20251,3110570,2408
20251,3110569,3504
20251,3110568,430
20251,3110567,459
20251,3110566,5782
20251,3110565,1582
20251,3110564,4446
20251,3110563,1674
20251,3110562,3730
20251,3110561,3021
20251,3110560,4033
20251,3110559,3813
20251,3110558,5116
20251,3110557,4935
20251,3110556,729
20251,3110555,4737
20251,3110554,6347
20251,3110553,1305
20251,3110552,2690
20251,3110551,3137
20251,3110550,6123
20251,3110549,2172
20251,3110548,4080
20251,3110547,5073
20251,3110546,1235
20251,3110545,1807
20251,3110544,7093
20251,3110543,4
20251,3110542,3595
20251,3110541,2625
20251,3110540,769
20251,3110539,13238
20251,3110538,7751
20251,3110537,7338
20251,3110536,3274
20251,3110535,859
20251,3110534,3341
20251,3110533,4380
20251,3110532,1318
20251,3110531,707
20251,3110530,1195
20251,3110529,2158
20251,3110528,2209
20251,3110527,1610
20251,3110526,34
20251,3110525,2104
20251,3110524,82
20251,3110523,296
20251,3110522,1352
20251,3110521,1476
20251,3110520,1079
20251,3110519,866
20251,3110518,2204
20251,3110517,1997
20251,3110516,841
20251,3110515,184
20251,3110514,1685
20251,3110513,2939
20251,3110512,2738
20251,3110511,4050
20251,3110510,1203
20251,3110509,3591
20251,3110508,3491
20251,3110507,1964
20251,3110506,1894
20251,3110505,273
20251,3110504,497
20251,3110503,1689
20251,3110502,833
20251,3110501,984
20251,3110500,279
20251,3110499,269
20251,3110498,1740
20251,3110497,1514
20251,3110496,716
20251,3110495,1734
20251,3110494,509
20251,3110493,450
20251,3110492,109
20251,3110491,149
20251,3110490,3179
20251,3110489,853
20251,3110488,1819
20251,3110487,1580
20251,3110486,3715
20251,3110485,923
20251,3110484,2510
20251,3110483,1220
20251,3110482,440
20251,3110481,1777
20251,3110480,1323
20251,3110479,2280
20251,3110478,2193
20251,3110477,3026
20251,3110476,224
20251,3110475,913
20251,3110474,1127
20251,3110473,2463
20251,3110472,2420
20251,3110471,1135
20251,3110470,867
20251,3110469,2047
20251,3110468,3473
20251,3110467,1381
20251,3110466,1550
20251,3110465,3065
20251,3110464,2832
20251,3110463,1152
20251,3110462,803
20251,3110461,1312
20251,3110460,3179
20251,3110459,2065
20251,3110458,1329
20251,3110457,2451
20251,3110456,2173
20251,3110455,2131
20251,3110454,1293
20251,3110453,1441
20251,3110452,1426
20251,3110451,1824
20251,3110450,1775
20251,3110449,1657
20251,3110448,198
20251,3110447,83
20251,3110446,455
20251,3110445,95
20251,3110444,674
20251,3110443,176
20251,3110442,101
20251,3110441,194
20251,3110440,133
20251,3110439,259
20251,3110438,1738
20251,3110437,382
20251,3110436,1276
20251,3110435,338
20251,3110434,3146
20251,3110433,3834
20251,3110432,994
20251,3110431,1666
20251,3110430,1350
20251,3110429,4802
20251,3110428,1579
20251,3110427,762
20251,3110426,863
20251,3110425,1767
20251,3110424,1157
20251,3110423,885
20251,3110422,579
20251,3110421,892
20251,3110420,479
20251,3110419,2371
20251,3110418,399
20251,3110417,29
20251,3110416,1197
20251,3110415,3098
20251,3110414,177
20251,3110413,539
20251,3110412,124
20251,3110411,981
20251,3110410,2240
20251,3110409,3358
20251,3110408,1991
20251,3110407,1459
20251,3110406,494
20251,3110405,3198
20251,3110404,1143
20251,3110403,3109
20251,3110402,1745
20251,3110401,2023
20251,3110400,2247
20251,3110399,1232
20251,3110398,1731
20251,3110397,967
20251,3110396,1185
20251,3110395,1208
20251,3110394,2099
20251,3110393,992
20251,3110392,265
20251,3110391,173
20251,3110390,1345
20251,3110389,637
20251,3110388,594
20251,3110387,482
20251,3110386,149
20251,3110385,72
20251,3110384,281
20251,3110383,521
20251,3110382,598
20251,3110381,262
20251,3110380,3
20251,3110379,270
20251,3110378,193
20251,3110377,823
20251,3110376,1884
20251,3110375,572
20251,3110374,395
20251,3110373,2035
20251,3110372,1057
20251,3110371,477
20251,3110370,434
20251,3110369,1789
20251,3110368,167
20251,3110367,2463
20251,3110366,1057
20251,3110365,472
20251,3110364,505
20251,3110363,170
20251,3110362,1021
20251,3110361,309
20251,3110360,2140
20251,3110359,2105
20251,3110358,2584
20251,3110357,1371
20251,3110356,929
20251,3110355,483
20251,3110354,414
20251,3110353,1178
20251,3110352,392
20251,3110351,997
20251,3110350,1074
20251,3110349,278
20251,3110348,1326
20251,3110347,50
20251,3110346,797
20251,3110345,760
20251,3110344,165
20251,3110343,1212
20251,3110342,371
20251,3110341,463
20251,3110340,1007
20251,3110339,752
20251,3110338,412
20251,3110337,1010
20251,3110336,498
20251,3110335,1225
20251,3110334,790
20251,3110333,914
20251,3110332,619
20251,3110331,958
20251,3110330,932
20251,3110329,252
20251,3110328,3073
20251,3110327,1545
20251,3110326,124
20251,3110325,229
20251,3110324,3886
20251,3110323,2200
20251,3110322,165
20251,3110321,305
20251,3110320,6471
20251,3110319,10376
20251,3110318,3427
20251,3110317,6173
20251,3110316,1760
20251,3110315,12951
20251,3110314,11186
20251,3110313,1933
20251,3110312,980
20251,3110311,627
20251,3110310,674
20251,3110309,2804
20251,3110308,2286
20251,3110307,3284
20251,3110306,1004
20251,3110305,3844
20251,3110304,3619
20251,3110303,1403
20251,3110302,3483
20251,3110301,1406
20251,3110300,8024
20251,3110299,1402
20251,3110298,498
20251,3110297,12160
20251,3110296,3181
20251,3110295,1459
20251,3110294,1311
20251,3110293,10928
20251,3110292,684
20251,3110291,2342
20251,3110290,484
20251,3110289,1084
20251,3110288,10201
20251,3110287,151
20251,3110286,9518
20251,3110285,5308
20251,3110284,259
20251,3110283,4058
20251,3110282,141
20251,3110281,1939
20251,3110280,1751
20251,3110279,1145
20251,3110278,987
20251,3110277,1245
20251,3110276,430
20251,3110275,1133
20251,3110274,724
20251,3110273,1201
20251,3110272,2330
20251,3110271,289
20251,3110270,365
20251,3110269,771
20251,3110268,551
20251,3110267,1356
20251,3110266,1032
20251,3110265,3308
20251,3110264,1103
20251,3110263,1391
20251,3110262,2565
20251,3110261,1432
20251,3110260,1005
20251,3110259,1141
20251,3110258,838
20251,3110257,1697
20251,3110256,1972
20251,3110255,3230
20251,3110254,874
20251,3110253,917
20251,3110252,1260
20251,3110251,850
20251,3110250,755
20251,3110249,1674
20251,3110248,369
20251,3110247,1613
20251,3110246,1715
20251,3110245,941
20251,3110244,1121
20251,3110243,940
20251,3110242,841
20251,3110241,2160
20251,3110240,191
20251,3110239,49
20251,3110238,373
20251,3110237,1168
20251,3110236,1542
20251,3110235,61
20251,3110234,1124
20251,3110233,758
20251,3110232,2921
20251,3110231,563
20251,3110230,3180
20251,3110229,5840
20251,3110228,4714
20251,3110227,1634
20251,3110226,7321
20251,3110225,1676
20251,3110224,352
20251,3110223,3855
20251,3110222,864
20251,3110221,385
20251,3110220,910
20251,3110219,1560
20251,3110218,2672
20251,3110217,3090
20251,3110216,423
20251,3110215,1236
20251,3110214,882
20251,3110213,470
20251,3110212,2430
20251,3110211,612
20251,3110210,832
20251,3110209,458
20251,3110208,585
20251,3110207,1188
20251,3110206,224
20251,3110205,492
20251,3110204,841
20251,3110203,1133
20251,3110202,213
20251,3110201,85
20251,3110200,693
20251,3110199,1234
20251,3110198,1379
20251,3110197,78
20251,3110196,329
20251,3110195,3355
20251,3110194,1363
20251,3110193,649
20251,3110192,2202
20251,3110191,455
20251,3110190,718
20251,3110189,2916
20251,3110188,5854
20251,3110187,5921
20251,3110186,977
20251,3110185,4907
20251,3110184,4414
20251,3110183,3452
20251,3110182,3364
20251,3110181,9309
20251,3110180,7506
20251,3110179,1610
20251,3110178,1616
20251,3110177,211
20251,3110176,2117
20251,3110175,6266
20251,3110174,2874
20251,3110173,2292
20251,3110172,3002
20251,3110171,1482
20251,3110170,4395
20251,3110169,2716
20251,3110168,843
20251,3110167,3441
20251,3110166,4345
20251,3110165,1364
20251,3110164,1793
20251,3110163,2333
20251,3110162,2308
20251,3110161,968
20251,3110160,901
20251,3110159,12383
20251,3110158,1117
20251,3110157,2696
20251,3110156,2434
20251,3110155,8266
20251,3110154,4510
20251,3110153,3218
20251,3110152,1145
20251,3110151,2988
20251,3110150,3588
20251,3110149,634
20251,3110148,158
20251,3110147,1483
20251,3110146,1528
20251,3110145,298
20251,3110144,304
20251,3110143,238
20251,3110142,5357
20251,3110141,2520
20251,3110140,4440
20251,3110139,637
20251,3110138,2407
20251,3110137,18792
20251,3110136,14116
20251,3110135,9319
20251,3110134,2410
20251,3110133,2559
20251,3110132,5098
20251,3110131,14549
20251,3110130,543
20251,3110129,5638
20251,3110128,3034
20251,3110127,3288
20251,3110126,3973
20251,3110125,355
20251,3110124,3409
20251,3110123,1688
20251,3110122,1669
20251,3110121,153
20251,3110120,403
20251,3110119,1622
20251,3110118,949
20251,3110117,2533
20251,3110116,5210
20251,3110115,2743
20251,3110114,1276
20251,3110113,475
20251,3110112,1134
20251,3110111,121
20251,3110110,934
20251,3110109,1584
20251,3110108,817
20251,3110107,1091
20251,3110106,479
20251,3110105,1484
20251,3110104,203
20251,3110103,702
20251,3110102,1569
20251,3110101,1657
20251,3110100,1657
20251,3110099,12346
20251,3110098,10908
20251,3110097,7494
20251,3110096,3108
20251,3110095,26423
20251,3110094,100
20251,3110093,22248
20251,3110092,1024
20251,3110091,23102
20251,3110090,3315
20251,3110089,6621
20251,3110088,5252
20251,3110087,14340
20251,3110086,13371
20251,3110085,2387
20251,3110084,943
20251,3110083,6504
20251,3110082,16225
20251,3110081,693
20251,3110080,935
20251,3110079,10089
20251,3110078,811
20251,3110077,2349
20251,3110076,3481
20251,3110075,9679
20251,3110074,11023
20251,3110073,10805
20251,3110072,910
20251,3110071,2205
20251,3110070,385
20251,3110069,5230
20251,3110068,7475
20251,3110067,4376
20251,3110066,2046
20251,3110065,2650
20251,3110064,3259
20251,3110063,4919
20251,3110062,17870
20251,3110061,1968
20251,3110060,3511
20251,3110059,2118
20251,3110058,6143
20251,3110057,741
20251,3110056,1564
20251,3110055,652
20251,3110054,9290
20251,3110053,1734
20251,3110052,4904
20251,3110051,4722
20251,3110050,13834
20251,3110049,9900
20251,3110048,8227
20251,3110047,11169
20251,3110046,5019
20251,3110045,11624
20251,3110044,7841
20251,3110043,11133
20251,3110042,4491
20251,3110041,4811
20251,3110040,4801
20251,3110039,16833
20251,3110038,9219
20251,3110037,2413
20251,3110036,1118
20251,3110035,1597
20251,3110034,1480
20251,3110033,293
20251,3110032,1975
20251,3110031,177
20251,3110030,1150
20251,3110029,1732
20251,3110028,4242
20251,3110027,1352
20251,3110026,5625
20251,3110025,4290
20251,3110024,4137
20251,3110023,535
20251,3110022,4945
20251,3110021,2491
20251,3110020,1512
20251,3110019,5134
20251,3110018,12075
20251,3110017,3013
20251,3110016,6307
20251,3110015,3610
20251,3110014,1009
20251,3110013,3583
20251,3110012,27464
20251,3110011,483
20251,3110010,5976
20251,3110009,601
20251,3110008,5342
20251,3110007,1910
20251,3110006,460
20251,3110005,1371
20251,3110004,50
20251,3110003,3893
20251,3110002,460
20251,3110001,3952
20244,3111090,143
20244,3111089,1291
20244,3111088,828
20244,3111087,348
20244,3111086,523
20244,3111085,845
20244,3111084,731
20244,3111083,2061
20244,3111082,327
20244,3111081,1370
20244,3111080,3164
20244,3111079,994
20244,3111078,4815
20244,3111077,7801
20244,3111076,2912
20244,3111075,2944
20244,3111074,1798
20244,3111073,4066
20244,3111072,2590
20244,3111071,1774
20244,3111070,1028
20244,3111069,1141
20244,3111068,3390
20244,3111067,5619
20244,3111066,1249
20244,3111065,432
20244,3111064,2442
20244,3111063,590
20244,3111062,3082
20244,3111061,3864
20244,3111060,3190
20244,3111059,4371
20244,3111058,2315
20244,3111057,665
20244,3111056,1427
20244,3111055,921
20244,3111054,1824
20244,3111053,9910
20244,3111052,1940
20244,3111051,3113
20244,3111050,4405
20244,3111049,1221
20244,3111048,1245
20244,3111047,407
20244,3111046,1871
20244,3111045,883
20244,3111044,1731
20244,3111043,1206
20244,3111042,4875
20244,3111041,1109
20244,3111040,1859
20244,3111039,4332
20244,3111038,3596
20244,3111037,2536
20244,3111036,1761
20244,3111035,4806
20244,3111034,4899
20244,3111033,1355
20244,3111032,12832
20244,3111031,4056
20244,3111030,11083
20244,3111029,5881
20244,3111028,3987
20244,3111027,21637
20244,3111026,42049
20244,3111025,9655
20244,3111024,15990
20244,3111023,26775
20244,3111022,10088
20244,3111021,8300
20244,3111020,549
20244,3111019,14930
20244,3111018,156
20244,3111017,4249
20244,3111016,4868
20244,3111015,9817
20244,3111014,15881
20244,3111013,19249
20244,3111012,4306
20244,3111011,4438
20244,3111010,9972
20244,3111009,985
20244,3111008,3598
20244,3111007,3148
20244,3111006,4888
20244,3111005,3073
20244,3111004,8820
20244,3111003,4767
20244,3111002,102
20244,3111001,92
20244,3111000,19
20244,3110999,213
20244,3110998,101
20244,3110997,1822
20244,3110996,16606
20244,3110995,22329
20244,3110994,3211
20244,3110993,3433
20244,3110992,23841
20244,3110991,67063
20244,3110990,10422
20244,3110989,20071
20244,3110988,10080
20244,3110987,6886
20244,3110986,15131
20244,3110985,14518
20244,3110984,3797
20244,3110983,4357
20244,3110982,4232
20244,3110981,6747
20244,3110980,17662
20244,3110979,8722
20244,3110978,42630
20244,3110977,11872
20244,3110976,12486
20244,3110975,35686
20244,3110974,12757
20244,3110973,13838
20244,3110972,15775
20244,3110971,33623
20244,3110970,12739
20244,3110969,39784
20244,3110968,17981
20244,3110967,31760
20244,3110966,24612
20244,3110965,18626
20244,3110964,11763
20244,3110963,25481
20244,3110962,13334
20244,3110961,20081
20244,3110960,22463
20244,3110959,11923
20244,3110958,26931
20244,3110957,23328
20244,3110956,11918
20244,3110955,20514
20244,3110954,12927
20244,3110953,19089
20244,3110952,8227
20244,3110951,12664
20244,3110950,15027
20244,3110949,9409
20244,3110948,104
20244,3110947,782
20244,3110946,603
20244,3110945,250
20244,3110944,538
20244,3110943,6441
20244,3110942,11309
20244,3110941,6059
20244,3110940,9788
20244,3110939,58015
20244,3110938,5096
20244,3110937,6970
20244,3110936,5134
20244,3110935,10174
20244,3110934,681
20244,3110933,6097
20244,3110932,5713
20244,3110931,165
20244,3110930,12480
20244,3110929,31245
20244,3110928,11526
20244,3110927,152
20244,3110926,9463
20244,3110925,6208
20244,3110924,11347
20244,3110923,7260
20244,3110922,10988
20244,3110921,12865
20244,3110920,7822
20244,3110919,9427
20244,3110918,7414
20244,3110917,5144
20244,3110916,16570
20244,3110915,4839
20244,3110914,7298
20244,3110913,9640
20244,3110912,2818
20244,3110911,9269
20244,3110910,12314
20244,3110909,450
20244,3110908,5670
20244,3110907,15092
20244,3110906,4439
20244,3110905,3730
20244,3110904,7310
20244,3110903,10170
20244,3110902,4668
20244,3110901,949
20244,3110900,1625
20244,3110899,1072
20244,3110898,404
20244,3110897,4458
20244,3110896,1116
20244,3110895,8853
20244,3110894,114
20244,3110893,1296
20244,3110892,6012
20244,3110891,1373
20244,3110890,2153
20244,3110889,424
20244,3110888,1163
20244,3110887,425
20244,3110886,793
20244,3110885,894
20244,3110884,1550
20244,3110883,1439
20244,3110882,1982
20244,3110881,1195
20244,3110880,1797
20244,3110879,1453
20244,3110878,182
20244,3110877,2222
20244,3110876,539
20244,3110875,576
20244,3110874,685
20244,3110873,3742
20244,3110872,100
20244,3110871,921
20244,3110870,64
20244,3110869,4284
20244,3110868,1902
20244,3110867,1919
20244,3110866,735
20244,3110865,1774
20244,3110864,1213
20244,3110863,1782
20244,3110862,1315
20244,3110861,4315
20244,3110860,2882
20244,3110859,344
20244,3110858,1424
20244,3110857,1612
20244,3110856,2581
20244,3110855,4593
20244,3110854,1452
20244,3110853,3703
20244,3110852,4771
20244,3110851,2857
20244,3110850,7812
20244,3110849,2897
20244,3110848,2026
20244,3110847,1513
20244,3110846,2141
20244,3110845,210
20244,3110844,7
20244,3110843,1253
20244,3110842,29
20244,3110841,9
20244,3110840,64
20244,3110839,1185
20244,3110838,1139
20244,3110837,2409
20244,3110836,2165
20244,3110835,1325
20244,3110834,186
20244,3110833,858
20244,3110832,3697
20244,3110831,371
20244,3110830,676
20244,3110829,1415
20244,3110828,3934
20244,3110827,1456
20244,3110826,1456
20244,3110825,2629
20244,3110824,1886
20244,3110823,11061
20244,3110822,3755
20244,3110821,5973
20244,3110820,2212
20244,3110819,4463
20244,3110818,2886
20244,3110817,2652
20244,3110816,2136
20244,3110815,3630
20244,3110814,3119
20244,3110813,3989
20244,3110812,2517
20244,3110811,2806
20244,3110810,1791
20244,3110809,1339
20244,3110808,528
20244,3110807,487
20244,3110806,3527
20244,3110805,239
20244,3110804,1347
20244,3110803,1669
20244,3110802,1124
20244,3110801,77
20244,3110800,5113
20244,3110799,816
20244,3110798,763
20244,3110797,307
20244,3110796,3261
20244,3110795,1104
20244,3110794,4841
20244,3110793,510
20244,3110792,3640
20244,3110791,653
20244,3110790,1249
20244,3110789,2287
20244,3110788,1526
20244,3110787,593
20244,3110786,2363
20244,3110785,591
20244,3110784,1260
20244,3110783,2941
20244,3110782,2250
20244,3110781,2237
20244,3110780,869
20244,3110779,333
20244,3110778,8567
20244,3110777,28563
20244,3110776,2695
20244,3110775,2561
20244,3110774,10113
20244,3110773,3719
20244,3110772,1248
20244,3110771,2916
20244,3110770,5027
20244,3110769,1696
20244,3110768,279
20244,3110767,3241
20244,3110766,3589
20244,3110765,12732
20244,3110764,1705
20244,3110763,10343
20244,3110762,12897
20244,3110761,5073
20244,3110760,10919
20244,3110759,47722
20244,3110758,1475
20244,3110757,2914
20244,3110756,2509
20244,3110755,1564
20244,3110754,1234
20244,3110753,1635
20244,3110752,1341
20244,3110751,2055
20244,3110750,1434
20244,3110749,1457
20244,3110748,861
20244,3110747,664
20244,3110746,1460
20244,3110745,844
20244,3110744,1522
20244,3110743,2561
20244,3110742,748
20244,3110741,1398
20244,3110740,2986
20244,3110739,1110
20244,3110738,2509
20244,3110737,2168
20244,3110736,2909
20244,3110735,2614
20244,3110734,1789
20244,3110733,1677
20244,3110732,6182
20244,3110731,2945
20244,3110730,2797
20244,3110729,6493
20244,3110728,3007
20244,3110727,1226
20244,3110726,177
20244,3110725,1978
20244,3110724,12498
20244,3110723,8882
20244,3110722,26456
20244,3110721,17534
20244,3110720,1429
20244,3110719,9552
20244,3110718,5949
20244,3110717,19886
20244,3110716,1774
20244,3110715,2375
20244,3110714,1413
20244,3110713,5402
20244,3110712,1238
20244,3110711,2794
20244,3110710,14098
20244,3110709,757
20244,3110708,1383
20244,3110707,2454
20244,3110706,1561
20244,3110705,942
20244,3110704,406
20244,3110703,3358
20244,3110702,6025
20244,3110701,1128
20244,3110700,1780
20244,3110699,820
20244,3110698,5952
20244,3110697,388
20244,3110696,3336
20244,3110695,2538
20244,3110694,2866
20244,3110693,2004
20244,3110692,2211
20244,3110691,1827
20244,3110690,3040
20244,3110689,3691
20244,3110688,1513
20244,3110687,246
20244,3110686,904
20244,3110685,87
20244,3110684,295
20244,3110683,285
20244,3110682,243
20244,3110681,484
20244,3110680,873
20244,3110679,2547
20244,3110678,1503
20244,3110677,1921
20244,3110676,3288
20244,3110675,2801
20244,3110674,633
20244,3110673,3062
20244,3110672,640
20244,3110671,5751
20244,3110670,1175
20244,3110669,3864
20244,3110668,3027
20244,3110667,580
20244,3110666,868
20244,3110665,3609
20244,3110664,3573
20244,3110663,5023
20244,3110662,2641
20244,3110661,3314
20244,3110660,8956
20244,3110659,2568
20244,3110658,1577
20244,3110657,5241
20244,3110656,2793
20244,3110655,5555
20244,3110654,3337
20244,3110653,2413
20244,3110652,2962
20244,3110651,1717
20244,3110650,1093
20244,3110649,1664
20244,3110648,5209
20244,3110647,3908
20244,3110646,3444
20244,3110645,1818
20244,3110644,151
20244,3110643,1931
20244,3110642,344
20244,3110641,1079
20244,3110640,2116
20244,3110639,1559
20244,3110638,4010
20244,3110637,2300
20244,3110636,2136
20244,3110635,2060
20244,3110634,4247
20244,3110633,1846
20244,3110632,2640
20244,3110631,1228
20244,3110630,1706
20244,3110629,1497
20244,3110628,1421
20244,3110627,12605
20244,3110626,2836
20244,3110625,12374
20244,3110624,354
20244,3110623,391
20244,3110622,1795
20244,3110621,1163
20244,3110620,1683
20244,3110619,1259
20244,3110618,3169
20244,3110617,1477
20244,3110616,8663
20244,3110615,11337
20244,3110614,2688
20244,3110613,7367
20244,3110612,12300
20244,3110611,2890
20244,3110610,635
20244,3110609,1736
20244,3110608,2342
20244,3110607,796
20244,3110606,2369
20244,3110605,1014
20244,3110604,2030
20244,3110603,1012
20244,3110602,1947
20244,3110601,1857
20244,3110600,2669
20244,3110599,1662
20244,3110598,2486
20244,3110597,2710
20244,3110596,1173
20244,3110595,2077
20244,3110594,413
20244,3110593,1868
20244,3110592,1644
20244,3110591,2531
20244,3110590,1123
20244,3110589,644
20244,3110588,2099
20244,3110587,4704
20244,3110586,8248
20244,3110585,1254
20244,3110584,1172
20244,3110583,4725
20244,3110582,1019
20244,3110581,11488
20244,3110580,669
20244,3110579,7432
20244,3110578,2939
20244,3110577,8740
20244,3110576,3232
20244,3110575,1451
20244,3110574,1073
20244,3110573,1382
20244,3110572,3431
20244,3110571,2813
20244,3110570,2408
20244,3110569,3504
20244,3110568,430
20244,3110567,459
20244,3110566,5782
20244,3110565,1582
20244,3110564,4446
20244,3110563,1674
20244,3110562,3730
20244,3110561,3021
20244,3110560,4033
20244,3110559,3813
20244,3110558,5116
20244,3110557,4935
20244,3110556,729
20244,3110555,4737
20244,3110554,6347
20244,3110553,1305
20244,3110552,2690
20244,3110551,3137
20244,3110550,6123
20244,3110549,2172
20244,3110548,4080
20244,3110547,5073
20244,3110546,1235
20244,3110545,1807
20244,3110544,7093
20244,3110543,4
20244,3110542,3595
20244,3110541,2625
20244,3110540,769
20244,3110539,13238
20244,3110538,7751
20244,3110537,7338
20244,3110536,3274
20244,3110535,859
20244,3110534,3341
20244,3110533,4380
20244,3110532,1318
20244,3110531,707
20244,3110530,1195
20244,3110529,2158
20244,3110528,2209
20244,3110527,1610
20244,3110526,34
20244,3110525,2104
20244,3110524,82
20244,3110523,296
20244,3110522,1352
20244,3110521,1476
20244,3110520,1079
20244,3110519,866
20244,3110518,2204
20244,3110517,1997
20244,3110516,841
20244,3110515,184
20244,3110514,1685
20244,3110513,2939
20244,3110512,2738
20244,3110511,4050
20244,3110510,1203
20244,3110509,3591
20244,3110508,3491
20244,3110507,1964
20244,3110506,1894
20244,3110505,273
20244,3110504,497
20244,3110503,1689
20244,3110502,833
20244,3110501,984
20244,3110500,279
20244,3110499,269
20244,3110498,1740
20244,3110497,1514
20244,3110496,716
20244,3110495,1734
20244,3110494,509
20244,3110493,450
20244,3110492,109
20244,3110491,149
20244,3110490,3179
20244,3110489,853
20244,3110488,1819
20244,3110487,1580
20244,3110486,3715
20244,3110485,923
20244,3110484,2510
20244,3110483,1220
20244,3110482,440
20244,3110481,1777
20244,3110480,1323
20244,3110479,2280
20244,3110478,2193
20244,3110477,3026
20244,3110476,224
20244,3110475,913
20244,3110474,1127
20244,3110473,2463
20244,3110472,2420
20244,3110471,1135
20244,3110470,867
20244,3110469,2047
20244,3110468,3473
20244,3110467,1381
20244,3110466,1550
20244,3110465,3065
20244,3110464,2832
20244,3110463,1152
20244,3110462,803
20244,3110461,1312
20244,3110460,3179
20244,3110459,2065
20244,3110458,1329
20244,3110457,2451
20244,3110456,2173
20244,3110455,2131
20244,3110454,1293
20244,3110453,1441
20244,3110452,1426
20244,3110451,1824
20244,3110450,1775
20244,3110449,1657
20244,3110448,198
20244,3110447,83
20244,3110446,455
20244,3110445,95
20244,3110444,674
20244,3110443,176
20244,3110442,101
20244,3110441,194
20244,3110440,133
20244,3110439,259
20244,3110438,1738
20244,3110437,382
20244,3110436,1276
20244,3110435,338
20244,3110434,3146
20244,3110433,3834
20244,3110432,994
20244,3110431,1666
20244,3110430,1350
20244,3110429,4802
20244,3110428,1579
20244,3110427,762
20244,3110426,863
20244,3110425,1767
20244,3110424,1157
20244,3110423,885
20244,3110422,579
20244,3110421,892
20244,3110420,479
20244,3110419,2371
20244,3110418,399
20244,3110417,29
20244,3110416,1197
20244,3110415,3098
20244,3110414,177
20244,3110413,539
20244,3110412,124
20244,3110411,981
20244,3110410,2240
20244,3110409,3358
20244,3110408,1991
20244,3110407,1459
20244,3110406,494
20244,3110405,3198
20244,3110404,1143
20244,3110403,3109
20244,3110402,1745
20244,3110401,2023
20244,3110400,2247
20244,3110399,1232
20244,3110398,1731
20244,3110397,967
20244,3110396,1185
20244,3110395,1208
20244,3110394,2099
20244,3110393,992
20244,3110392,265
20244,3110391,173
20244,3110390,1345
20244,3110389,637
20244,3110388,594
20244,3110387,482
20244,3110386,149
20244,3110385,72
20244,3110384,281
20244,3110383,521
20244,3110382,598
20244,3110381,262
20244,3110380,3
20244,3110379,270
20244,3110378,193
20244,3110377,823
20244,3110376,1884
20244,3110375,572
20244,3110374,395
20244,3110373,2035
20244,3110372,1057
20244,3110371,477
20244,3110370,434
20244,3110369,1789
20244,3110368,167
20244,3110367,2463
20244,3110366,1057
20244,3110365,472
20244,3110364,505
20244,3110363,170
20244,3110362,1021
20244,3110361,309
20244,3110360,2140
20244,3110359,2105
20244,3110358,2584
20244,3110357,1371
20244,3110356,929
20244,3110355,483
20244,3110354,414
20244,3110353,1178
20244,3110352,392
20244,3110351,997
20244,3110350,1074
20244,3110349,278
20244,3110348,1326
20244,3110347,50
20244,3110346,797
20244,3110345,760
20244,3110344,165
20244,3110343,1212
20244,3110342,371
20244,3110341,463
20244,3110340,1007
20244,3110339,752
20244,3110338,412
20244,3110337,1010
20244,3110336,498
20244,3110335,1225
20244,3110334,790
20244,3110333,914
20244,3110332,619
20244,3110331,958
20244,3110330,932
20244,3110329,252
20244,3110328,3073
20244,3110327,1545
20244,3110326,124
20244,3110325,229
20244,3110324,3886
20244,3110323,2200
20244,3110322,165
20244,3110321,305
20244,3110320,6471
20244,3110319,10376
20244,3110318,3427
20244,3110317,6173
20244,3110316,1760
20244,3110315,12951
20244,3110314,11186
20244,3110313,1933
20244,3110312,980
20244,3110311,627
20244,3110310,674
20244,3110309,2804
20244,3110308,2286
20244,3110307,3284
20244,3110306,1004
20244,3110305,3844
20244,3110304,3619
20244,3110303,1403
20244,3110302,3483
20244,3110301,1406
20244,3110300,8024
20244,3110299,1402
20244,3110298,498
20244,3110297,12160
20244,3110296,3181
20244,3110295,1459
20244,3110294,1311
20244,3110293,10928
20244,3110292,684
20244,3110291,2342
20244,3110290,484
20244,3110289,1084
20244,3110288,10201
20244,3110287,151
20244,3110286,9518
20244,3110285,5308
20244,3110284,259
20244,3110283,4058
20244,3110282,141
20244,3110281,1939
20244,3110280,1751
20244,3110279,1145
20244,3110278,987
20244,3110277,1245
20244,3110276,430
20244,3110275,1133
20244,3110274,724
20244,3110273,1201
20244,3110272,2330
20244,3110271,289
20244,3110270,365
20244,3110269,771
20244,3110268,551
20244,3110267,1356
20244,3110266,1032
20244,3110265,3308
20244,3110264,1103
20244,3110263,1391
20244,3110262,2565
20244,3110261,1432
20244,3110260,1005
20244,3110259,1141
20244,3110258,838
20244,3110257,1697
20244,3110256,1972
20244,3110255,3230
20244,3110254,874
20244,3110253,917
20244,3110252,1260
20244,3110251,850
20244,3110250,755
20244,3110249,1674
20244,3110248,369
20244,3110247,1613
20244,3110246,1715
20244,3110245,941
20244,3110244,1121
20244,3110243,940
20244,3110242,841
20244,3110241,2160
20244,3110240,191
20244,3110239,49
20244,3110238,373
20244,3110237,1168
20244,3110236,1542
20244,3110235,61
20244,3110234,1124
20244,3110233,758
20244,3110232,2921
20244,3110231,563
20244,3110230,3180
20244,3110229,5840
20244,3110228,4714
20244,3110227,1634
20244,3110226,7321
20244,3110225,1676
20244,3110224,352
20244,3110223,3855
20244,3110222,864
20244,3110221,385
20244,3110220,910
20244,3110219,1560
20244,3110218,2672
20244,3110217,3090
20244,3110216,423
20244,3110215,1236
20244,3110214,882
20244,3110213,470
20244,3110212,2430
20244,3110211,612
20244,3110210,832
20244,3110209,458
20244,3110208,585
20244,3110207,1188
20244,3110206,224
20244,3110205,492
20244,3110204,841
20244,3110203,1133
20244,3110202,213
20244,3110201,85
20244,3110200,693
20244,3110199,1234
20244,3110198,1379
20244,3110197,78
20244,3110196,329
20244,3110195,3355
20244,3110194,1363
20244,3110193,649
20244,3110192,2202
20244,3110191,455
20244,3110190,718
20244,3110189,2916
20244,3110188,5854
20244,3110187,5921
20244,3110186,977
20244,3110185,4907
20244,3110184,4414
20244,3110183,3452
20244,3110182,3364
20244,3110181,9309
20244,3110180,7506
20244,3110179,1610
20244,3110178,1616
20244,3110177,211
20244,3110176,2117
20244,3110175,6266
20244,3110174,2874
20244,3110173,2292
20244,3110172,3002
20244,3110171,1482
20244,3110170,4395
20244,3110169,2716
20244,3110168,843
20244,3110167,3441
20244,3110166,4345
20244,3110165,1364
20244,3110164,1793
20244,3110163,2333
20244,3110162,2308
20244,3110161,968
20244,3110160,901
20244,3110159,12383
20244,3110158,1117
20244,3110157,2696
20244,3110156,2434
20244,3110155,8266
20244,3110154,4510
20244,3110153,3218
20244,3110152,1145
20244,3110151,2988
20244,3110150,3588
20244,3110149,634
20244,3110148,158
20244,3110147,1483
20244,3110146,1528
20244,3110145,298
20244,3110144,304
20244,3110143,238
20244,3110142,5357
20244,3110141,2520
20244,3110140,4440
20244,3110139,637
20244,3110138,2407
20244,3110137,18792
20244,3110136,14116
20244,3110135,9319
20244,3110134,2410
20244,3110133,2559
20244,3110132,5098
20244,3110131,14549
20244,3110130,543
20244,3110129,5638
20244,3110128,3034
20244,3110127,3288
20244,3110126,3973
20244,3110125,355
20244,3110124,3409
20244,3110123,1688
20244,3110122,1669
20244,3110121,153
20244,3110120,403
20244,3110119,1622
20244,3110118,949
20244,3110117,2533
20244,3110116,5210
20244,3110115,2743
20244,3110114,1276
20244,3110113,475
20244,3110112,1134
20244,3110111,121
20244,3110110,934
20244,3110109,1584
20244,3110108,817
20244,3110107,1091
20244,3110106,479
20244,3110105,1484
20244,3110104,203
20244,3110103,702
20244,3110102,1569
20244,3110101,1657
20244,3110100,1657
20244,3110099,12346
20244,3110098,10908
20244,3110097,7494
20244,3110096,3108
20244,3110095,26423
20244,3110094,100
20244,3110093,22248
20244,3110092,1024
20244,3110091,23102
20244,3110090,3315
20244,3110089,6621
20244,3110088,5252
20244,3110087,14340
20244,3110086,13371
20244,3110085,2387
20244,3110084,943
20244,3110083,6504
20244,3110082,16225
20244,3110081,693
20244,3110080,935
20244,3110079,10089
20244,3110078,811
20244,3110077,2349
20244,3110076,3481
20244,3110075,9679
20244,3110074,11023
20244,3110073,10805
20244,3110072,910
20244,3110071,2205
20244,3110070,385
20244,3110069,5230
20244,3110068,7475
20244,3110067,4376
20244,3110066,2046
20244,3110065,2650
20244,3110064,3259
20244,3110063,4919
20244,3110062,17870
20244,3110061,1968
20244,3110060,3511
20244,3110059,2118
20244,3110058,6143
20244,3110057,741
20244,3110056,1564
20244,3110055,652
20244,3110054,9290
20244,3110053,1734
20244,3110052,4904
20244,3110051,4722
20244,3110050,13834
20244,3110049,9900
20244,3110048,8227
20244,3110047,11169
20244,3110046,5019
20244,3110045,11624
20244,3110044,7841
20244,3110043,11133
20244,3110042,4491
20244,3110041,4811
20244,3110040,4801
20244,3110039,16833
20244,3110038,9219
20244,3110037,2413
20244,3110036,1118
20244,3110035,1597
20244,3110034,1480
20244,3110033,293
20244,3110032,1975
20244,3110031,177
20244,3110030,1150
20244,3110029,1732
20244,3110028,4242
20244,3110027,1352
20244,3110026,5625
20244,3110025,4290
20244,3110024,4137
20244,3110023,535
20244,3110022,4945
20244,3110021,2491
20244,3110020,1512
20244,3110019,5134
20244,3110018,12075
20244,3110017,3013
20244,3110016,6307
20244,3110015,3610
20244,3110014,1009
20244,3110013,3583
20244,3110012,27464
20244,3110011,483
20244,3110010,5976
20244,3110009,601
20244,3110008,5342
20244,3110007,1910
20244,3110006,460
20244,3110005,1371
20244,3110004,50
20244,3110003,3893
20244,3110002,460
20244,3110001,3952
20243,3111090,149
20243,3111089,1339
20243,3111088,717
20243,3111087,171
20243,3111086,372
20243,3111085,653
20243,3111084,401
20243,3111083,1254
20243,3111082,301
20243,3111081,885
20243,3111080,4009
20243,3111079,737
20243,3111078,4505
20243,3111077,5656
20243,3111076,2164
20243,3111075,4216
20243,3111074,1627
20243,3111073,4269
20243,3111072,3471
20243,3111071,1214
20243,3111070,2243
20243,3111069,2634
20243,3111068,3531
20243,3111067,6229
20243,3111066,1507
20243,3111065,765
20243,3111064,3208
20243,3111063,561
20243,3111062,3810
20243,3111061,3166
20243,3111060,3394
20243,3111059,4198
20243,3111058,2252
20243,3111057,891
20243,3111056,1207
20243,3111055,875
20243,3111054,1537
20243,3111053,9916
20243,3111052,1657
20243,3111051,2533
20243,3111050,3556
20243,3111049,990
20243,3111048,990
20243,3111047,405
20243,3111046,1599
20243,3111045,784
20243,3111044,1497
20243,3111043,1067
20243,3111042,4556
20243,3111041,1644
20243,3111040,1944
20243,3111039,3730
20243,3111038,2968
20243,3111037,2346
20243,3111036,1568
20243,3111035,4123
20243,3111034,4967
20243,3111033,1194
20243,3111032,12896
20243,3111031,3881
20243,3111030,10552
20243,3111029,3979
20243,3111028,3468
20243,3111027,24175
20243,3111026,26419
20243,3111025,10945
20243,3111024,18297
20243,3111023,22886
20243,3111022,7539
20243,3111021,13051
20243,3111020,792
20243,3111019,14818
20243,3111018,172
20243,3111017,4639
20243,3111016,3407
20243,3111015,15619
20243,3111014,18175
20243,3111013,24546
20243,3111012,5520
20243,3111011,4260
20243,3111010,10191
20243,3111009,688
20243,3111008,2341
20243,3111007,2293
20243,3111006,4087
20243,3111005,2559
20243,3111004,8042
20243,3111003,4343
20243,3111002,32
20243,3111001,51
20243,3111000,12
20243,3110999,150
20243,3110998,56
20243,3110997,1322
20243,3110996,14891
20243,3110995,31454
20243,3110994,3473
20243,3110993,1310
20243,3110992,17959
20243,3110991,78288
20243,3110990,9384
20243,3110989,13522
20243,3110988,10384
20243,3110987,6705
20243,3110986,12489
20243,3110985,13251
20243,3110984,4071
20243,3110983,4005
20243,3110982,4372
20243,3110981,7426
20243,3110980,15825
20243,3110979,7131
20243,3110978,43631
20243,3110977,17674
20243,3110976,11497
20243,3110975,64795
20243,3110974,11522
20243,3110973,13788
20243,3110972,16555
20243,3110971,26363
20243,3110970,11474
20243,3110969,36672
20243,3110968,19724
20243,3110967,22014
20243,3110966,23749
20243,3110965,14495
20243,3110964,10816
20243,3110963,22038
20243,3110962,9897
20243,3110961,18218
20243,3110960,20903
20243,3110959,9354
20243,3110958,21069
20243,3110957,20369
20243,3110956,10332
20243,3110955,17986
20243,3110954,11672
20243,3110953,17470
20243,3110952,6769
20243,3110951,11761
20243,3110950,12968
20243,3110949,7790
20243,3110948,55
20243,3110947,861
20243,3110946,699
20243,3110945,164
20243,3110944,442
20243,3110943,7464
20243,3110942,13869
20243,3110941,6373
20243,3110940,10961
20243,3110939,64180
20243,3110938,5417
20243,3110937,6653
20243,3110936,5614
20243,3110935,6285
20243,3110934,621
20243,3110933,4940
20243,3110932,5113
20243,3110931,104
20243,3110930,9282
20243,3110929,25906
20243,3110928,14453
20243,3110927,123
20243,3110926,10276
20243,3110925,7067
20243,3110924,13720
20243,3110923,6070
20243,3110922,11757
20243,3110921,15640
20243,3110920,7164
20243,3110919,8531
20243,3110918,8023
20243,3110917,6043
20243,3110916,16764
20243,3110915,4273
20243,3110914,7318
20243,3110913,11559
20243,3110912,2302
20243,3110911,11187
20243,3110910,10629
20243,3110909,1511
20243,3110908,6068
20243,3110907,14615
20243,3110906,4340
20243,3110905,8419
20243,3110904,9900
20243,3110903,8757
20243,3110902,4172
20243,3110901,640
20243,3110900,891
20243,3110899,830
20243,3110898,173
20243,3110897,3509
20243,3110896,862
20243,3110895,6365
20243,3110894,38
20243,3110893,889
20243,3110892,4405
20243,3110891,1190
20243,3110890,1511
20243,3110889,429
20243,3110888,863
20243,3110887,343
20243,3110886,606
20243,3110885,684
20243,3110884,1851
20243,3110883,2632
20243,3110882,1477
20243,3110881,981
20243,3110880,1252
20243,3110879,1065
20243,3110878,266
20243,3110877,3412
20243,3110876,583
20243,3110875,2074
20243,3110874,668
20243,3110873,9458
20243,3110872,128
20243,3110871,973
20243,3110870,72
20243,3110869,7553
20243,3110868,1648
20243,3110867,1723
20243,3110866,667
20243,3110865,1478
20243,3110864,1235
20243,3110863,1491
20243,3110862,1194
20243,3110861,3972
20243,3110860,2546
20243,3110859,325
20243,3110858,1446
20243,3110857,1354
20243,3110856,2359
20243,3110855,4206
20243,3110854,1353
20243,3110853,4003
20243,3110852,6195
20243,3110851,2500
20243,3110850,10531
20243,3110849,2429
20243,3110848,1821
20243,3110847,1010
20243,3110846,1827
20243,3110845,155
20243,3110844,7
20243,3110843,1002
20243,3110842,23
20243,3110841,9
20243,3110840,54
20243,3110839,724
20243,3110838,646
20243,3110837,1354
20243,3110836,1404
20243,3110835,839
20243,3110834,148
20243,3110833,508
20243,3110832,2913
20243,3110831,291
20243,3110830,560
20243,3110829,936
20243,3110828,3088
20243,3110827,1070
20243,3110826,1239
20243,3110825,1760
20243,3110824,1543
20243,3110823,11820
20243,3110822,3199
20243,3110821,5519
20243,3110820,1769
20243,3110819,4140
20243,3110818,2604
20243,3110817,3217
20243,3110816,1785
20243,3110815,4316
20243,3110814,3677
20243,3110813,3407
20243,3110812,2140
20243,3110811,2479
20243,3110810,2463
20243,3110809,1561
20243,3110808,441
20243,3110807,434
20243,3110806,3285
20243,3110805,176
20243,3110804,1159
20243,3110803,1538
20243,3110802,1180
20243,3110801,69
20243,3110800,4634
20243,3110799,639
20243,3110798,615
20243,3110797,207
20243,3110796,3738
20243,3110795,957
20243,3110794,4147
20243,3110793,369
20243,3110792,3063
20243,3110791,540
20243,3110790,941
20243,3110789,2036
20243,3110788,1158
20243,3110787,567
20243,3110786,1702
20243,3110785,478
20243,3110784,737
20243,3110783,2517
20243,3110782,1793
20243,3110781,1564
20243,3110780,1003
20243,3110779,214
20243,3110778,7693
20243,3110777,28491
20243,3110776,3032
20243,3110775,1886
20243,3110774,6428
20243,3110773,2645
20243,3110772,1516
20243,3110771,2228
20243,3110770,2476
20243,3110769,1451
20243,3110768,244
20243,3110767,3837
20243,3110766,3428
20243,3110765,14156
20243,3110764,1076
20243,3110763,8237
20243,3110762,9180
20243,3110761,6262
20243,3110760,8163
20243,3110759,48752
20243,3110758,2047
20243,3110757,2170
20243,3110756,2918
20243,3110755,1351
20243,3110754,1107
20243,3110753,1354
20243,3110752,1303
20243,3110751,1808
20243,3110750,1331
20243,3110749,1521
20243,3110748,716
20243,3110747,686
20243,3110746,1207
20243,3110745,769
20243,3110744,1593
20243,3110743,2120
20243,3110742,658
20243,3110741,1289
20243,3110740,2664
20243,3110739,1182
20243,3110738,2631
20243,3110737,2296
20243,3110736,2707
20243,3110735,2287
20243,3110734,1395
20243,3110733,1395
20243,3110732,4908
20243,3110731,2378
20243,3110730,2433
20243,3110729,5076
20243,3110728,2611
20243,3110727,1216
20243,3110726,140
20243,3110725,1850
20243,3110724,12573
20243,3110723,7478
20243,3110722,24014
20243,3110721,15608
20243,3110720,1294
20243,3110719,8259
20243,3110718,4797
20243,3110717,18201
20243,3110716,1317
20243,3110715,1968
20243,3110714,1642
20243,3110713,6053
20243,3110712,1510
20243,3110711,2282
20243,3110710,12747
20243,3110709,594
20243,3110708,1121
20243,3110707,4239
20243,3110706,1555
20243,3110705,928
20243,3110704,417
20243,3110703,6530
20243,3110702,4954
20243,3110701,922
20243,3110700,2447
20243,3110699,574
20243,3110698,4861
20243,3110697,442
20243,3110696,2383
20243,3110695,7784
20243,3110694,8615
20243,3110693,1505
20243,3110692,5576
20243,3110691,6634
20243,3110690,2173
20243,3110689,3040
20243,3110688,1050
20243,3110687,189
20243,3110686,652
20243,3110685,31
20243,3110684,232
20243,3110683,218
20243,3110682,201
20243,3110681,385
20243,3110680,684
20243,3110679,2414
20243,3110678,1238
20243,3110677,1301
20243,3110676,2290
20243,3110675,2218
20243,3110674,1330
20243,3110673,4651
20243,3110672,490
20243,3110671,4578
20243,3110670,1885
20243,3110669,3377
20243,3110668,4984
20243,3110667,546
20243,3110666,609
20243,3110665,6494
20243,3110664,3136
20243,3110663,4495
20243,3110662,3151
20243,3110661,2744
20243,3110660,7748
20243,3110659,2456
20243,3110658,1530
20243,3110657,3732
20243,3110656,2404
20243,3110655,4772
20243,3110654,2976
20243,3110653,2311
20243,3110652,2059
20243,3110651,1743
20243,3110650,1027
20243,3110649,1546
20243,3110648,3604
20243,3110647,3658
20243,3110646,3043
20243,3110645,1741
20243,3110644,123
20243,3110643,1474
20243,3110642,364
20243,3110641,877
20243,3110640,1811
20243,3110639,1225
20243,3110638,3311
20243,3110637,1654
20243,3110636,1778
20243,3110635,1614
20243,3110634,3042
20243,3110633,1549
20243,3110632,2236
20243,3110631,1042
20243,3110630,1546
20243,3110629,1061
20243,3110628,1457
20243,3110627,17066
20243,3110626,2254
20243,3110625,17718
20243,3110624,296
20243,3110623,422
20243,3110622,1492
20243,3110621,843
20243,3110620,1357
20243,3110619,1088
20243,3110618,2613
20243,3110617,1267
20243,3110616,4743
20243,3110615,6259
20243,3110614,2892
20243,3110613,3834
20243,3110612,6506
20243,3110611,3854
20243,3110610,622
20243,3110609,1281
20243,3110608,1863
20243,3110607,709
20243,3110606,2189
20243,3110605,830
20243,3110604,1777
20243,3110603,722
20243,3110602,1706
20243,3110601,1415
20243,3110600,2386
20243,3110599,1324
20243,3110598,2285
20243,3110597,2286
20243,3110596,1005
20243,3110595,1901
20243,3110594,517
20243,3110593,1405
20243,3110592,1366
20243,3110591,2816
20243,3110590,1093
20243,3110589,585
20243,3110588,2334
20243,3110587,6043
20243,3110586,11201
20243,3110585,2085
20243,3110584,871
20243,3110583,5752
20243,3110582,899
20243,3110581,9208
20243,3110580,636
20243,3110579,5579
20243,3110578,2507
20243,3110577,7320
20243,3110576,2781
20243,3110575,1336
20243,3110574,799
20243,3110573,1345
20243,3110572,2851
20243,3110571,1729
20243,3110570,1439
20243,3110569,3303
20243,3110568,444
20243,3110567,504
20243,3110566,5292
20243,3110565,1501
20243,3110564,3783
20243,3110563,1505
20243,3110562,3384
20243,3110561,2905
20243,3110560,3585
20243,3110559,4396
20243,3110558,4441
20243,3110557,4689
20243,3110556,919
20243,3110555,4457
20243,3110554,5294
20243,3110553,957
20243,3110552,2234
20243,3110551,2447
20243,3110550,5928
20243,3110549,1625
20243,3110548,3310
20243,3110547,3956
20243,3110546,1182
20243,3110545,1845
20243,3110544,5567
20243,3110543,5
20243,3110542,3048
20243,3110541,2248
20243,3110540,658
20243,3110539,14339
20243,3110538,7016
20243,3110537,7159
20243,3110536,3018
20243,3110535,689
20243,3110534,2880
20243,3110533,4385
20243,3110532,1148
20243,3110531,641
20243,3110530,888
20243,3110529,1843
20243,3110528,1678
20243,3110527,2308
20243,3110526,27
20243,3110525,1703
20243,3110524,66
20243,3110523,703
20243,3110522,2526
20243,3110521,2651
20243,3110520,935
20243,3110519,1423
20243,3110518,5353
20243,3110517,7185
20243,3110516,1387
20243,3110515,177
20243,3110514,1825
20243,3110513,7330
20243,3110512,6525
20243,3110511,8821
20243,3110510,1965
20243,3110509,2865
20243,3110508,8050
20243,3110507,2454
20243,3110506,3743
20243,3110505,338
20243,3110504,274
20243,3110503,1965
20243,3110502,817
20243,3110501,1832
20243,3110500,209
20243,3110499,205
20243,3110498,1557
20243,3110497,1053
20243,3110496,839
20243,3110495,1909
20243,3110494,472
20243,3110493,296
20243,3110492,79
20243,3110491,873
20243,3110490,1355
20243,3110489,619
20243,3110488,1796
20243,3110487,1318
20243,3110486,1853
20243,3110485,3493
20243,3110484,1644
20243,3110483,3746
20243,3110482,1149
20243,3110481,1394
20243,3110480,2338
20243,3110479,7789
20243,3110478,1477
20243,3110477,2129
20243,3110476,154
20243,3110475,698
20243,3110474,2911
20243,3110473,2305
20243,3110472,2166
20243,3110471,925
20243,3110470,672
20243,3110469,1478
20243,3110468,2768
20243,3110467,2788
20243,3110466,1319
20243,3110465,3763
20243,3110464,2327
20243,3110463,932
20243,3110462,850
20243,3110461,1139
20243,3110460,2692
20243,3110459,1723
20243,3110458,1022
20243,3110457,2011
20243,3110456,1586
20243,3110455,1626
20243,3110454,981
20243,3110453,1189
20243,3110452,1234
20243,3110451,1658
20243,3110450,1393
20243,3110449,1731
20243,3110448,159
20243,3110447,45
20243,3110446,371
20243,3110445,103
20243,3110444,610
20243,3110443,244
20243,3110442,510
20243,3110441,120
20243,3110440,122
20243,3110439,194
20243,3110438,3626
20243,3110437,304
20243,3110436,1066
20243,3110435,591
20243,3110434,8220
20243,3110433,8905
20243,3110432,439
20243,3110431,1238
20243,3110430,1061
20243,3110429,12239
20243,3110428,1067
20243,3110427,294
20243,3110426,693
20243,3110425,1299
20243,3110424,898
20243,3110423,689
20243,3110422,586
20243,3110421,707
20243,3110420,285
20243,3110419,2530
20243,3110418,275
20243,3110417,21
20243,3110416,1256
20243,3110415,2927
20243,3110414,148
20243,3110413,459
20243,3110412,191
20243,3110411,677
20243,3110410,2677
20243,3110409,2885
20243,3110408,1757
20243,3110407,999
20243,3110406,519
20243,3110405,4320
20243,3110404,1034
20243,3110403,4841
20243,3110402,2108
20243,3110401,1774
20243,3110400,2180
20243,3110399,1019
20243,3110398,1513
20243,3110397,821
20243,3110396,1189
20243,3110395,1491
20243,3110394,2864
20243,3110393,946
20243,3110392,175
20243,3110391,159
20243,3110390,1272
20243,3110389,500
20243,3110388,511
20243,3110387,360
20243,3110386,144
20243,3110385,85
20243,3110384,228
20243,3110383,353
20243,3110382,496
20243,3110381,511
20243,3110380,69
20243,3110379,603
20243,3110378,184
20243,3110377,598
20243,3110376,1794
20243,3110375,1269
20243,3110374,490
20243,3110373,2459
20243,3110372,924
20243,3110371,539
20243,3110370,510
20243,3110369,3344
20243,3110368,133
20243,3110367,2214
20243,3110366,1104
20243,3110365,2000
20243,3110364,2422
20243,3110363,124
20243,3110362,837
20243,3110361,287
20243,3110360,2634
20243,3110359,1782
20243,3110358,2266
20243,3110357,1150
20243,3110356,792
20243,3110355,369
20243,3110354,300
20243,3110353,1042
20243,3110352,341
20243,3110351,719
20243,3110350,861
20243,3110349,198
20243,3110348,1112
20243,3110347,40
20243,3110346,517
20243,3110345,629
20243,3110344,130
20243,3110343,868
20243,3110342,284
20243,3110341,306
20243,3110340,823
20243,3110339,528
20243,3110338,279
20243,3110337,710
20243,3110336,439
20243,3110335,1031
20243,3110334,648
20243,3110333,863
20243,3110332,635
20243,3110331,1055
20243,3110330,1025
20243,3110329,248
20243,3110328,1735
20243,3110327,1395
20243,3110326,100
20243,3110325,223
20243,3110324,2514
20243,3110323,1966
20243,3110322,155
20243,3110321,259
20243,3110320,4825
20243,3110319,6497
20243,3110318,2895
20243,3110317,4237
20243,3110316,1534
20243,3110315,8878
20243,3110314,7238
20243,3110313,2742
20243,3110312,1624
20243,3110311,431
20243,3110310,700
20243,3110309,1819
20243,3110308,1689
20243,3110307,2933
20243,3110306,1167
20243,3110305,2393
20243,3110304,3361
20243,3110303,2560
20243,3110302,2119
20243,3110301,2454
20243,3110300,7215
20243,3110299,1397
20243,3110298,507
20243,3110297,8970
20243,3110296,3670
20243,3110295,1430
20243,3110294,1219
20243,3110293,8746
20243,3110292,556
20243,3110291,1747
20243,3110290,431
20243,3110289,1000
20243,3110288,7670
20243,3110287,147
20243,3110286,6912
20243,3110285,4017
20243,3110284,246
20243,3110283,3162
20243,3110282,164
20243,3110281,1365
20243,3110280,1380
20243,3110279,181
20243,3110278,810
20243,3110277,978
20243,3110276,201
20243,3110275,925
20243,3110274,724
20243,3110273,984
20243,3110272,1679
20243,3110271,130
20243,3110270,287
20243,3110269,755
20243,3110268,502
20243,3110267,980
20243,3110266,833
20243,3110265,2552
20243,3110264,905
20243,3110263,1539
20243,3110262,2237
20243,3110261,1162
20243,3110260,1481
20243,3110259,1051
20243,3110258,852
20243,3110257,1481
20243,3110256,3463
20243,3110255,3414
20243,3110254,651
20243,3110253,619
20243,3110252,1547
20243,3110251,743
20243,3110250,1340
20243,3110249,1362
20243,3110248,246
20243,3110247,1296
20243,3110246,1946
20243,3110245,560
20243,3110244,994
20243,3110243,2287
20243,3110242,1079
20243,3110241,1795
20243,3110240,190
20243,3110239,70
20243,3110238,366
20243,3110237,1740
20243,3110236,1389
20243,3110235,58
20243,3110234,832
20243,3110233,598
20243,3110232,2490
20243,3110231,540
20243,3110230,3450
20243,3110229,7220
20243,3110228,4301
20243,3110227,1410
20243,3110226,8399
20243,3110225,1522
20243,3110224,402
20243,3110223,4971
20243,3110222,647
20243,3110221,258
20243,3110220,943
20243,3110219,1315
20243,3110218,1511
20243,3110217,2727
20243,3110216,466
20243,3110215,1024
20243,3110214,937
20243,3110213,569
20243,3110212,1463
20243,3110211,827
20243,3110210,871
20243,3110209,542
20243,3110208,476
20243,3110207,860
20243,3110206,241
20243,3110205,414
20243,3110204,1154
20243,3110203,712
20243,3110202,225
20243,3110201,111
20243,3110200,907
20243,3110199,2111
20243,3110198,2234
20243,3110197,146
20243,3110196,726
20243,3110195,4453
20243,3110194,3068
20243,3110193,991
20243,3110192,4076
20243,3110191,1249
20243,3110190,1500
20243,3110189,3682
20243,3110188,5058
20243,3110187,5483
20243,3110186,982
20243,3110185,4064
20243,3110184,3875
20243,3110183,3162
20243,3110182,2702
20243,3110181,7784
20243,3110180,4161
20243,3110179,1441
20243,3110178,1441
20243,3110177,116
20243,3110176,2112
20243,3110175,3615
20243,3110174,2675
20243,3110173,2203
20243,3110172,1999
20243,3110171,1498
20243,3110170,2572
20243,3110169,2695
20243,3110168,751
20243,3110167,3097
20243,3110166,3221
20243,3110165,1233
20243,3110164,1547
20243,3110163,1730
20243,3110162,2048
20243,3110161,831
20243,3110160,801
20243,3110159,7855
20243,3110158,1012
20243,3110157,1679
20243,3110156,2163
20243,3110155,5068
20243,3110154,2796
20243,3110153,2831
20243,3110152,1153
20243,3110151,2225
20243,3110150,3048
20243,3110149,478
20243,3110148,149
20243,3110147,1242
20243,3110146,1382
20243,3110145,280
20243,3110144,299
20243,3110143,177
20243,3110142,5657
20243,3110141,2422
20243,3110140,3728
20243,3110139,551
20243,3110138,2479
20243,3110137,22462
20243,3110136,16276
20243,3110135,10332
20243,3110134,2235
20243,3110133,2919
20243,3110132,6447
20243,3110131,17210
20243,3110130,549
20243,3110129,5497
20243,3110128,2315
20243,3110127,2780
20243,3110126,2363
20243,3110125,253
20243,3110124,2007
20243,3110123,1524
20243,3110122,1524
20243,3110121,81
20243,3110120,317
20243,3110119,1478
20243,3110118,749
20243,3110117,2407
20243,3110116,4622
20243,3110115,2450
20243,3110114,1255
20243,3110113,365
20243,3110112,996
20243,3110111,97
20243,3110110,786
20243,3110109,1211
20243,3110108,625
20243,3110107,875
20243,3110106,358
20243,3110105,1201
20243,3110104,211
20243,3110103,1209
20243,3110102,2294
20243,3110101,2280
20243,3110100,2280
20243,3110099,8886
20243,3110098,6480
20243,3110097,4261
20243,3110096,1947
20243,3110095,16785
20243,3110094,131
20243,3110093,16566
20243,3110092,816
20243,3110091,15631
20243,3110090,2561
20243,3110089,4886
20243,3110088,3769
20243,3110087,12822
20243,3110086,13504
20243,3110085,2473
20243,3110084,826
20243,3110083,4641
20243,3110082,15237
20243,3110081,599
20243,3110080,926
20243,3110079,11814
20243,3110078,608
20243,3110077,2539
20243,3110076,1855
20243,3110075,7916
20243,3110074,11590
20243,3110073,7344
20243,3110072,734
20243,3110071,1700
20243,3110070,207
20243,3110069,4296
20243,3110068,6457
20243,3110067,3358
20243,3110066,1861
20243,3110065,2432
20243,3110064,2687
20243,3110063,4441
20243,3110062,14969
20243,3110061,1617
20243,3110060,3064
20243,3110059,1734
20243,3110058,5171
20243,3110057,712
20243,3110056,1413
20243,3110055,655
20243,3110054,18849
20243,3110053,1577
20243,3110052,13505
20243,3110051,3849
20243,3110050,10504
20243,3110049,19861
20243,3110048,8557
20243,3110047,9921
20243,3110046,3953
20243,3110045,12851
20243,3110044,8522
20243,3110043,10386
20243,3110042,4486
20243,3110041,5466
20243,3110040,7289
20243,3110039,22742
20243,3110038,10698
20243,3110037,1862
20243,3110036,1219
20243,3110035,1712
20243,3110034,1480
20243,3110033,273
20243,3110032,1978
20243,3110031,187
20243,3110030,1217
20243,3110029,1775
20243,3110028,3996
20243,3110027,1144
20243,3110026,5793
20243,3110025,4139
20243,3110024,3062
20243,3110023,426
20243,3110022,4062
20243,3110021,2416
20243,3110020,1591
20243,3110019,5295
20243,3110018,10056
20243,3110017,2598
20243,3110016,3548
20243,3110015,3559
20243,3110014,1904
20243,3110013,3169
20243,3110012,24081
20243,3110011,1169
20243,3110010,4412
20243,3110009,373
20243,3110008,4698
20243,3110007,1527
20243,3110006,277
20243,3110005,1093
20243,3110004,50
20243,3110003,2828
20243,3110002,403
20243,3110001,3401
20242,3111090,149
20242,3111089,1339
20242,3111088,717
20242,3111087,171
20242,3111086,372
20242,3111085,653
20242,3111084,401
20242,3111083,1254
20242,3111082,301
20242,3111081,885
20242,3111080,4009
20242,3111079,737
20242,3111078,4505
20242,3111077,5656
20242,3111076,2164
20242,3111075,4216
20242,3111074,1627
20242,3111073,4269
20242,3111072,3471
20242,3111071,1214
20242,3111070,2243
20242,3111069,2634
20242,3111068,3531
20242,3111067,6229
20242,3111066,1507
20242,3111065,765
20242,3111064,3208
20242,3111063,561
20242,3111062,3810
20242,3111061,3166
20242,3111060,3394
20242,3111059,4198
20242,3111058,2252
20242,3111057,891
20242,3111056,1207
20242,3111055,875
20242,3111054,1537
20242,3111053,9916
20242,3111052,1657
20242,3111051,2533
20242,3111050,3556
20242,3111049,990
20242,3111048,990
20242,3111047,405
20242,3111046,1599
20242,3111045,784
20242,3111044,1497
20242,3111043,1067
20242,3111042,4556
20242,3111041,1644
20242,3111040,1944
20242,3111039,3730
20242,3111038,2968
20242,3111037,2346
20242,3111036,1568
20242,3111035,4123
20242,3111034,4967
20242,3111033,1194
20242,3111032,12896
20242,3111031,3881
20242,3111030,10552
20242,3111029,3979
20242,3111028,3468
20242,3111027,24175
20242,3111026,26419
20242,3111025,10945
20242,3111024,18297
20242,3111023,22886
20242,3111022,7539
20242,3111021,13051
20242,3111020,792
20242,3111019,14818
20242,3111018,172
20242,3111017,4639
20242,3111016,3407
20242,3111015,15619
20242,3111014,18175
20242,3111013,24546
20242,3111012,5520
20242,3111011,4260
20242,3111010,10191
20242,3111009,688
20242,3111008,2341
20242,3111007,2293
20242,3111006,4087
20242,3111005,2559
20242,3111004,8042
20242,3111003,4343
20242,3111002,32
20242,3111001,51
20242,3111000,12
20242,3110999,150
20242,3110998,56
20242,3110997,1322
20242,3110996,14891
20242,3110995,31454
20242,3110994,3473
20242,3110993,1310
20242,3110992,17959
20242,3110991,78288
20242,3110990,9384
20242,3110989,13522
20242,3110988,10384
20242,3110987,6705
20242,3110986,12489
20242,3110985,13251
20242,3110984,4071
20242,3110983,4005
20242,3110982,4372
20242,3110981,7426
20242,3110980,15825
20242,3110979,7131
20242,3110978,43631
20242,3110977,17674
20242,3110976,11497
20242,3110975,64795
20242,3110974,11522
20242,3110973,13788
20242,3110972,16555
20242,3110971,26363
20242,3110970,11474
20242,3110969,36672
20242,3110968,19724
20242,3110967,22014
20242,3110966,23749
20242,3110965,14495
20242,3110964,10816
20242,3110963,22038
20242,3110962,9897
20242,3110961,18218
20242,3110960,20903
20242,3110959,9354
20242,3110958,21069
20242,3110957,20369
20242,3110956,10332
20242,3110955,17986
20242,3110954,11672
20242,3110953,17470
20242,3110952,6769
20242,3110951,11761
20242,3110950,12968
20242,3110949,7790
20242,3110948,55
20242,3110947,861
20242,3110946,699
20242,3110945,164
20242,3110944,442
20242,3110943,7464
20242,3110942,13869
20242,3110941,6373
20242,3110940,10961
20242,3110939,64180
20242,3110938,5417
20242,3110937,6653
20242,3110936,5614
20242,3110935,6285
20242,3110934,621
20242,3110933,4940
20242,3110932,5113
20242,3110931,104
20242,3110930,9282
20242,3110929,25906
20242,3110928,14453
20242,3110927,123
20242,3110926,10276
20242,3110925,7067
20242,3110924,13720
20242,3110923,6070
20242,3110922,11757
20242,3110921,15640
20242,3110920,7164
20242,3110919,8531
20242,3110918,8023
20242,3110917,6043
20242,3110916,16764
20242,3110915,4273
20242,3110914,7318
20242,3110913,11559
20242,3110912,2302
20242,3110911,11187
20242,3110910,10629
20242,3110909,1511
20242,3110908,6068
20242,3110907,14615
20242,3110906,4340
20242,3110905,8419
20242,3110904,9900
20242,3110903,8757
20242,3110902,4172
20242,3110901,640
20242,3110900,891
20242,3110899,830
20242,3110898,173
20242,3110897,3509
20242,3110896,862
20242,3110895,6365
20242,3110894,38
20242,3110893,889
20242,3110892,4405
20242,3110891,1190
20242,3110890,1511
20242,3110889,429
20242,3110888,863
20242,3110887,343
20242,3110886,606
20242,3110885,684
20242,3110884,1851
20242,3110883,2632
20242,3110882,1477
20242,3110881,981
20242,3110880,1252
20242,3110879,1065
20242,3110878,266
20242,3110877,3412
20242,3110876,583
20242,3110875,2074
20242,3110874,668
20242,3110873,9458
20242,3110872,128
20242,3110871,973
20242,3110870,72
20242,3110869,7553
20242,3110868,1648
20242,3110867,1723
20242,3110866,667
20242,3110865,1478
20242,3110864,1235
20242,3110863,1491
20242,3110862,1194
20242,3110861,3972
20242,3110860,2546
20242,3110859,325
20242,3110858,1446
20242,3110857,1354
20242,3110856,2359
20242,3110855,4206
20242,3110854,1353
20242,3110853,4003
20242,3110852,6195
20242,3110851,2500
20242,3110850,10531
20242,3110849,2429
20242,3110848,1821
20242,3110847,1010
20242,3110846,1827
20242,3110845,155
20242,3110844,7
20242,3110843,1002
20242,3110842,23
20242,3110841,9
20242,3110840,54
20242,3110839,724
20242,3110838,646
20242,3110837,1354
20242,3110836,1404
20242,3110835,839
20242,3110834,148
20242,3110833,508
20242,3110832,2913
20242,3110831,291
20242,3110830,560
20242,3110829,936
20242,3110828,3088
20242,3110827,1070
20242,3110826,1239
20242,3110825,1760
20242,3110824,1543
20242,3110823,11820
20242,3110822,3199
20242,3110821,5519
20242,3110820,1769
20242,3110819,4140
20242,3110818,2604
20242,3110817,3217
20242,3110816,1785
20242,3110815,4316
20242,3110814,3677
20242,3110813,3407
20242,3110812,2140
20242,3110811,2479
20242,3110810,2463
20242,3110809,1561
20242,3110808,441
20242,3110807,434
20242,3110806,3285
20242,3110805,176
20242,3110804,1159
20242,3110803,1538
20242,3110802,1180
20242,3110801,69
20242,3110800,4634
20242,3110799,639
20242,3110798,615
20242,3110797,207
20242,3110796,3738
20242,3110795,957
20242,3110794,4147
20242,3110793,369
20242,3110792,3063
20242,3110791,540
20242,3110790,941
20242,3110789,2036
20242,3110788,1158
20242,3110787,567
20242,3110786,1702
20242,3110785,478
20242,3110784,737
20242,3110783,2517
20242,3110782,1793
20242,3110781,1564
20242,3110780,1003
20242,3110779,214
20242,3110778,7693
20242,3110777,28491
20242,3110776,3032
20242,3110775,1886
20242,3110774,6428
20242,3110773,2645
20242,3110772,1516
20242,3110771,2228
20242,3110770,2476
20242,3110769,1451
20242,3110768,244
20242,3110767,3837
20242,3110766,3428
20242,3110765,14156
20242,3110764,1076
20242,3110763,8237
20242,3110762,9180
20242,3110761,6262
20242,3110760,8163
20242,3110759,48752
20242,3110758,2047
20242,3110757,2170
20242,3110756,2918
20242,3110755,1351
20242,3110754,1107
20242,3110753,1354
20242,3110752,1303
20242,3110751,1808
20242,3110750,1331
20242,3110749,1521
20242,3110748,716
20242,3110747,686
20242,3110746,1207
20242,3110745,769
20242,3110744,1593
20242,3110743,2120
20242,3110742,658
20242,3110741,1289
20242,3110740,2664
20242,3110739,1182
20242,3110738,2631
20242,3110737,2296
20242,3110736,2707
20242,3110735,2287
20242,3110734,1395
20242,3110733,1395
20242,3110732,4908
20242,3110731,2378
20242,3110730,2433
20242,3110729,5076
20242,3110728,2611
20242,3110727,1216
20242,3110726,140
20242,3110725,1850
20242,3110724,12573
20242,3110723,7478
20242,3110722,24014
20242,3110721,15608
20242,3110720,1294
20242,3110719,8259
20242,3110718,4797
20242,3110717,18201
20242,3110716,1317
20242,3110715,1968
20242,3110714,1642
20242,3110713,6053
20242,3110712,1510
20242,3110711,2282
20242,3110710,12747
20242,3110709,594
20242,3110708,1121
20242,3110707,4239
20242,3110706,1555
20242,3110705,928
20242,3110704,417
20242,3110703,6530
20242,3110702,4954
20242,3110701,922
20242,3110700,2447
20242,3110699,574
20242,3110698,4861
20242,3110697,442
20242,3110696,2383
20242,3110695,7784
20242,3110694,8615
20242,3110693,1505
20242,3110692,5576
20242,3110691,6634
20242,3110690,2173
20242,3110689,3040
20242,3110688,1050
20242,3110687,189
20242,3110686,652
20242,3110685,31
20242,3110684,232
20242,3110683,218
20242,3110682,201
20242,3110681,385
20242,3110680,684
20242,3110679,2414
20242,3110678,1238
20242,3110677,1301
20242,3110676,2290
20242,3110675,2218
20242,3110674,1330
20242,3110673,4651
20242,3110672,490
20242,3110671,4578
20242,3110670,1885
20242,3110669,3377
20242,3110668,4984
20242,3110667,546
20242,3110666,609
20242,3110665,6494
20242,3110664,3136
20242,3110663,4495
20242,3110662,3151
20242,3110661,2744
20242,3110660,7748
20242,3110659,2456
20242,3110658,1530
20242,3110657,3732
20242,3110656,2404
20242,3110655,4772
20242,3110654,2976
20242,3110653,2311
20242,3110652,2059
20242,3110651,1743
20242,3110650,1027
20242,3110649,1546
20242,3110648,3604
20242,3110647,3658
20242,3110646,3043
20242,3110645,1741
20242,3110644,123
20242,3110643,1474
20242,3110642,364
20242,3110641,877
20242,3110640,1811
20242,3110639,1225
20242,3110638,3311
20242,3110637,1654
20242,3110636,1778
20242,3110635,1614
20242,3110634,3042
20242,3110633,1549
20242,3110632,2236
20242,3110631,1042
20242,3110630,1546
20242,3110629,1061
20242,3110628,1457
20242,3110627,17066
20242,3110626,2254
20242,3110625,17718
20242,3110624,296
20242,3110623,422
20242,3110622,1492
20242,3110621,843
20242,3110620,1357
20242,3110619,1088
20242,3110618,2613
20242,3110617,1267
20242,3110616,4743
20242,3110615,6259
20242,3110614,2892
20242,3110613,3834
20242,3110612,6506
20242,3110611,3854
20242,3110610,622
20242,3110609,1281
20242,3110608,1863
20242,3110607,709
20242,3110606,2189
20242,3110605,830
20242,3110604,1777
20242,3110603,722
20242,3110602,1706
20242,3110601,1415
20242,3110600,2386
20242,3110599,1324
20242,3110598,2285
20242,3110597,2286
20242,3110596,1005
20242,3110595,1901
20242,3110594,517
20242,3110593,1405
20242,3110592,1366
20242,3110591,2816
20242,3110590,1093
20242,3110589,585
20242,3110588,2334
20242,3110587,6043
20242,3110586,11201
20242,3110585,2085
20242,3110584,871
20242,3110583,5752
20242,3110582,899
20242,3110581,9208
20242,3110580,636
20242,3110579,5579
20242,3110578,2507
20242,3110577,7320
20242,3110576,2781
20242,3110575,1336
20242,3110574,799
20242,3110573,1345
20242,3110572,2851
20242,3110571,1729
20242,3110570,1439
20242,3110569,3303
20242,3110568,444
20242,3110567,504
20242,3110566,5292
20242,3110565,1501
20242,3110564,3783
20242,3110563,1505
20242,3110562,3384
20242,3110561,2905
20242,3110560,3585
20242,3110559,4396
20242,3110558,4441
20242,3110557,4689
20242,3110556,919
20242,3110555,4457
20242,3110554,5294
20242,3110553,957
20242,3110552,2234
20242,3110551,2447
20242,3110550,5928
20242,3110549,1625
20242,3110548,3310
20242,3110547,3956
20242,3110546,1182
20242,3110545,1845
20242,3110544,5567
20242,3110543,5
20242,3110542,3048
20242,3110541,2248
20242,3110540,658
20242,3110539,14339
20242,3110538,7016
20242,3110537,7159
20242,3110536,3018
20242,3110535,689
20242,3110534,2880
20242,3110533,4385
20242,3110532,1148
20242,3110531,641
20242,3110530,888
20242,3110529,1843
20242,3110528,1678
20242,3110527,2308
20242,3110526,27
20242,3110525,1703
20242,3110524,66
20242,3110523,703
20242,3110522,2526
20242,3110521,2651
20242,3110520,935
20242,3110519,1423
20242,3110518,5353
20242,3110517,7185
20242,3110516,1387
20242,3110515,177
20242,3110514,1825
20242,3110513,7330
20242,3110512,6525
20242,3110511,8821
20242,3110510,1965
20242,3110509,2865
20242,3110508,8050
20242,3110507,2454
20242,3110506,3743
20242,3110505,338
20242,3110504,274
20242,3110503,1965
20242,3110502,817
20242,3110501,1832
20242,3110500,209
20242,3110499,205
20242,3110498,1557
20242,3110497,1053
20242,3110496,839
20242,3110495,1909
20242,3110494,472
20242,3110493,296
20242,3110492,79
20242,3110491,873
20242,3110490,1355
20242,3110489,619
20242,3110488,1796
20242,3110487,1318
20242,3110486,1853
20242,3110485,3493
20242,3110484,1644
20242,3110483,3746
20242,3110482,1149
20242,3110481,1394
20242,3110480,2338
20242,3110479,7789
20242,3110478,1477
20242,3110477,2129
20242,3110476,154
20242,3110475,698
20242,3110474,2911
20242,3110473,2305
20242,3110472,2166
20242,3110471,925
20242,3110470,672
20242,3110469,1478
20242,3110468,2768
20242,3110467,2788
20242,3110466,1319
20242,3110465,3763
20242,3110464,2327
20242,3110463,932
20242,3110462,850
20242,3110461,1139
20242,3110460,2692
20242,3110459,1723
20242,3110458,1022
20242,3110457,2011
20242,3110456,1586
20242,3110455,1626
20242,3110454,981
20242,3110453,1189
20242,3110452,1234
20242,3110451,1658
20242,3110450,1393
20242,3110449,1731
20242,3110448,159
20242,3110447,45
20242,3110446,371
20242,3110445,103
20242,3110444,610
20242,3110443,244
20242,3110442,510
20242,3110441,120
20242,3110440,122
20242,3110439,194
20242,3110438,3626
20242,3110437,304
20242,3110436,1066
20242,3110435,591
20242,3110434,8220
20242,3110433,8905
20242,3110432,439
20242,3110431,1238
20242,3110430,1061
20242,3110429,12239
20242,3110428,1067
20242,3110427,294
20242,3110426,693
20242,3110425,1299
20242,3110424,898
20242,3110423,689
20242,3110422,586
20242,3110421,707
20242,3110420,285
20242,3110419,2530
20242,3110418,275
20242,3110417,21
20242,3110416,1256
20242,3110415,2927
20242,3110414,148
20242,3110413,459
20242,3110412,191
20242,3110411,677
20242,3110410,2677
20242,3110409,2885
20242,3110408,1757
20242,3110407,999
20242,3110406,519
20242,3110405,4320
20242,3110404,1034
20242,3110403,4841
20242,3110402,2108
20242,3110401,1774
20242,3110400,2180
20242,3110399,1019
20242,3110398,1513
20242,3110397,821
20242,3110396,1189
20242,3110395,1491
20242,3110394,2864
20242,3110393,946
20242,3110392,175
20242,3110391,159
20242,3110390,1272
20242,3110389,500
20242,3110388,511
20242,3110387,360
20242,3110386,144
20242,3110385,85
20242,3110384,228
20242,3110383,353
20242,3110382,496
20242,3110381,511
20242,3110380,69
20242,3110379,603
20242,3110378,184
20242,3110377,598
20242,3110376,1794
20242,3110375,1269
20242,3110374,490
20242,3110373,2459
20242,3110372,924
20242,3110371,539
20242,3110370,510
20242,3110369,3344
20242,3110368,133
20242,3110367,2214
20242,3110366,1104
20242,3110365,2000
20242,3110364,2422
20242,3110363,124
20242,3110362,837
20242,3110361,287
20242,3110360,2634
20242,3110359,1782
20242,3110358,2266
20242,3110357,1150
20242,3110356,792
20242,3110355,369
20242,3110354,300
20242,3110353,1042
20242,3110352,341
20242,3110351,719
20242,3110350,861
20242,3110349,198
20242,3110348,1112
20242,3110347,40
20242,3110346,517
20242,3110345,629
20242,3110344,130
20242,3110343,868
20242,3110342,284
20242,3110341,306
20242,3110340,823
20242,3110339,528
20242,3110338,279
20242,3110337,710
20242,3110336,439
20242,3110335,1031
20242,3110334,648
20242,3110333,863
20242,3110332,635
20242,3110331,1055
20242,3110330,1025
20242,3110329,248
20242,3110328,1735
20242,3110327,1395
20242,3110326,100
20242,3110325,223
20242,3110324,2514
20242,3110323,1966
20242,3110322,155
20242,3110321,259
20242,3110320,4825
20242,3110319,6497
20242,3110318,2895
20242,3110317,4237
20242,3110316,1534
20242,3110315,8878
20242,3110314,7238
20242,3110313,2742
20242,3110312,1624
20242,3110311,431
20242,3110310,700
20242,3110309,1819
20242,3110308,1689
20242,3110307,2933
20242,3110306,1167
20242,3110305,2393
20242,3110304,3361
20242,3110303,2560
20242,3110302,2119
20242,3110301,2454
20242,3110300,7215
20242,3110299,1397
20242,3110298,507
20242,3110297,8970
20242,3110296,3670
20242,3110295,1430
20242,3110294,1219
20242,3110293,8746
20242,3110292,556
20242,3110291,1747
20242,3110290,431
20242,3110289,1000
20242,3110288,7670
20242,3110287,147
20242,3110286,6912
20242,3110285,4017
20242,3110284,246
20242,3110283,3162
20242,3110282,164
20242,3110281,1365
20242,3110280,1380
20242,3110279,181
20242,3110278,810
20242,3110277,978
20242,3110276,201
20242,3110275,925
20242,3110274,724
20242,3110273,984
20242,3110272,1679
20242,3110271,130
20242,3110270,287
20242,3110269,755
20242,3110268,502
20242,3110267,980
20242,3110266,833
20242,3110265,2552
20242,3110264,905
20242,3110263,1539
20242,3110262,2237
20242,3110261,1162
20242,3110260,1481
20242,3110259,1051
20242,3110258,852
20242,3110257,1481
20242,3110256,3463
20242,3110255,3414
20242,3110254,651
20242,3110253,619
20242,3110252,1547
20242,3110251,743
20242,3110250,1340
20242,3110249,1362
20242,3110248,246
20242,3110247,1296
20242,3110246,1946
20242,3110245,560
20242,3110244,994
20242,3110243,2287
20242,3110242,1079
20242,3110241,1795
20242,3110240,190
20242,3110239,70
20242,3110238,366
20242,3110237,1740
20242,3110236,1389
20242,3110235,58
20242,3110234,832
20242,3110233,598
20242,3110232,2490
20242,3110231,540
20242,3110230,3450
20242,3110229,7220
20242,3110228,4301
20242,3110227,1410
20242,3110226,8399
20242,3110225,1522
20242,3110224,402
20242,3110223,4971
20242,3110222,647
20242,3110221,258
20242,3110220,943
20242,3110219,1315
20242,3110218,1511
20242,3110217,2727
20242,3110216,466
20242,3110215,1024
20242,3110214,937
20242,3110213,569
20242,3110212,1463
20242,3110211,827
20242,3110210,871
20242,3110209,542
20242,3110208,476
20242,3110207,860
20242,3110206,241
20242,3110205,414
20242,3110204,1154
20242,3110203,712
20242,3110202,225
20242,3110201,111
20242,3110200,907
20242,3110199,2111
20242,3110198,2234
20242,3110197,146
20242,3110196,726
20242,3110195,4453
20242,3110194,3068
20242,3110193,991
20242,3110192,4076
20242,3110191,1249
20242,3110190,1500
20242,3110189,3682
20242,3110188,5058
20242,3110187,5483
20242,3110186,982
20242,3110185,4064
20242,3110184,3875
20242,3110183,3162
20242,3110182,2702
20242,3110181,7784
20242,3110180,4161
20242,3110179,1441
20242,3110178,1441
20242,3110177,116
20242,3110176,2112
20242,3110175,3615
20242,3110174,2675
20242,3110173,2203
20242,3110172,1999
20242,3110171,1498
20242,3110170,2572
20242,3110169,2695
20242,3110168,751
20242,3110167,3097
20242,3110166,3221
20242,3110165,1233
20242,3110164,1547
20242,3110163,1730
20242,3110162,2048
20242,3110161,831
20242,3110160,801
20242,3110159,7855
20242,3110158,1012
20242,3110157,1679
20242,3110156,2163
20242,3110155,5068
20242,3110154,2796
20242,3110153,2831
20242,3110152,1153
20242,3110151,2225
20242,3110150,3048
20242,3110149,478
20242,3110148,149
20242,3110147,1242
20242,3110146,1382
20242,3110145,280
20242,3110144,299
20242,3110143,177
20242,3110142,5657
20242,3110141,2422
20242,3110140,3728
20242,3110139,551
20242,3110138,2479
20242,3110137,22462
20242,3110136,16276
20242,3110135,10332
20242,3110134,2235
20242,3110133,2919
20242,3110132,6447
20242,3110131,17210
20242,3110130,549
20242,3110129,5497
20242,3110128,2315
20242,3110127,2780
20242,3110126,2363
20242,3110125,253
20242,3110124,2007
20242,3110123,1524
20242,3110122,1524
20242,3110121,81
20242,3110120,317
20242,3110119,1478
20242,3110118,749
20242,3110117,2407
20242,3110116,4622
20242,3110115,2450
20242,3110114,1255
20242,3110113,365
20242,3110112,996
20242,3110111,97
20242,3110110,786
20242,3110109,1211
20242,3110108,625
20242,3110107,875
20242,3110106,358
20242,3110105,1201
20242,3110104,211
20242,3110103,1209
20242,3110102,2294
20242,3110101,2280
20242,3110100,2280
20242,3110099,8886
20242,3110098,6480
20242,3110097,4261
20242,3110096,1947
20242,3110095,16785
20242,3110094,131
20242,3110093,16566
20242,3110092,816
20242,3110091,15631
20242,3110090,2561
20242,3110089,4886
20242,3110088,3769
20242,3110087,12822
20242,3110086,13504
20242,3110085,2473
20242,3110084,826
20242,3110083,4641
20242,3110082,15237
20242,3110081,599
20242,3110080,926
20242,3110079,11814
20242,3110078,608
20242,3110077,2539
20242,3110076,1855
20242,3110075,7916
20242,3110074,11590
20242,3110073,7344
20242,3110072,734
20242,3110071,1700
20242,3110070,207
20242,3110069,4296
20242,3110068,6457
20242,3110067,3358
20242,3110066,1861
20242,3110065,2432
20242,3110064,2687
20242,3110063,4441
20242,3110062,14969
20242,3110061,1617
20242,3110060,3064
20242,3110059,1734
20242,3110058,5171
20242,3110057,712
20242,3110056,1413
20242,3110055,655
20242,3110054,18849
20242,3110053,1577
20242,3110052,13505
20242,3110051,3849
20242,3110050,10504
20242,3110049,19861
20242,3110048,8557
20242,3110047,9921
20242,3110046,3953
20242,3110045,12851
20242,3110044,8522
20242,3110043,10386
20242,3110042,4486
20242,3110041,5466
20242,3110040,7289
20242,3110039,22742
20242,3110038,10698
20242,3110037,1862
20242,3110036,1219
20242,3110035,1712
20242,3110034,1480
20242,3110033,273
20242,3110032,1978
20242,3110031,187
20242,3110030,1217
20242,3110029,1775
20242,3110028,3996
20242,3110027,1144
20242,3110026,5793
20242,3110025,4139
20242,3110024,3062
20242,3110023,426
20242,3110022,4062
20242,3110021,2416
20242,3110020,1591
20242,3110019,5295
20242,3110018,10056
20242,3110017,2598
20242,3110016,3548
20242,3110015,3559
20242,3110014,1904
20242,3110013,3169
20242,3110012,24081
20242,3110011,1169
20242,3110010,4412
20242,3110009,373
20242,3110008,4698
20242,3110007,1527
20242,3110006,277
20242,3110005,1093
20242,3110004,50
20242,3110003,2828
20242,3110002,403
20242,3110001,3401
20241,3111090,149
20241,3111089,1339
20241,3111088,717
20241,3111087,171
20241,3111086,372
20241,3111085,653
20241,3111084,401
20241,3111083,1254
20241,3111082,301
20241,3111081,885
20241,3111080,4009
20241,3111079,737
20241,3111078,4505
20241,3111077,5656
20241,3111076,2164
20241,3111075,4216
20241,3111074,1627
20241,3111073,4269
20241,3111072,3471
20241,3111071,1214
20241,3111070,2243
20241,3111069,2634
20241,3111068,3531
20241,3111067,6229
20241,3111066,1507
20241,3111065,765
20241,3111064,3208
20241,3111063,561
20241,3111062,3810
20241,3111061,3166
20241,3111060,3394
20241,3111059,4198
20241,3111058,2252
20241,3111057,891
20241,3111056,1207
20241,3111055,875
20241,3111054,1537
20241,3111053,9916
20241,3111052,1657
20241,3111051,2533
20241,3111050,3556
20241,3111049,990
20241,3111048,990
20241,3111047,405
20241,3111046,1599
20241,3111045,784
20241,3111044,1497
20241,3111043,1067
20241,3111042,4556
20241,3111041,1644
20241,3111040,1944
20241,3111039,3730
20241,3111038,2968
20241,3111037,2346
20241,3111036,1568
20241,3111035,4123
20241,3111034,4967
20241,3111033,1194
20241,3111032,12896
20241,3111031,3881
20241,3111030,10552
20241,3111029,3979
20241,3111028,3468
20241,3111027,24175
20241,3111026,26419
20241,3111025,10945
20241,3111024,18297
20241,3111023,22886
20241,3111022,7539
20241,3111021,13051
20241,3111020,792
20241,3111019,14818
20241,3111018,172
20241,3111017,4639
20241,3111016,3407
20241,3111015,15619
20241,3111014,18175
20241,3111013,24546
20241,3111012,5520
20241,3111011,4260
20241,3111010,10191
20241,3111009,688
20241,3111008,2341
20241,3111007,2293
20241,3111006,4087
20241,3111005,2559
20241,3111004,8042
20241,3111003,4343
20241,3111002,32
20241,3111001,51
20241,3111000,12
20241,3110999,150
20241,3110998,56
20241,3110997,1322
20241,3110996,14891
20241,3110995,31454
20241,3110994,3473
20241,3110993,1310
20241,3110992,17959
20241,3110991,78288
20241,3110990,9384
20241,3110989,13522
20241,3110988,10384
20241,3110987,6705
20241,3110986,12489
20241,3110985,13251
20241,3110984,4071
20241,3110983,4005
20241,3110982,4372
20241,3110981,7426
20241,3110980,15825
20241,3110979,7131
20241,3110978,43631
20241,3110977,17674
20241,3110976,11497
20241,3110975,64795
20241,3110974,11522
20241,3110973,13788
20241,3110972,16555
20241,3110971,26363
20241,3110970,11474
20241,3110969,36672
20241,3110968,19724
20241,3110967,22014
20241,3110966,23749
20241,3110965,14495
20241,3110964,10816
20241,3110963,22038
20241,3110962,9897
20241,3110961,18218
20241,3110960,20903
20241,3110959,9354
20241,3110958,21069
20241,3110957,20369
20241,3110956,10332
20241,3110955,17986
20241,3110954,11672
20241,3110953,17470
20241,3110952,6769
20241,3110951,11761
20241,3110950,12968
20241,3110949,7790
20241,3110948,55
20241,3110947,861
20241,3110946,699
20241,3110945,164
20241,3110944,442
20241,3110943,7464
20241,3110942,13869
20241,3110941,6373
20241,3110940,10961
20241,3110939,64180
20241,3110938,5417
20241,3110937,6653
20241,3110936,5614
20241,3110935,6285
20241,3110934,621
20241,3110933,4940
20241,3110932,5113
20241,3110931,104
20241,3110930,9282
20241,3110929,25906
20241,3110928,14453
20241,3110927,123
20241,3110926,10276
20241,3110925,7067
20241,3110924,13720
20241,3110923,6070
20241,3110922,11757
20241,3110921,15640
20241,3110920,7164
20241,3110919,8531
20241,3110918,8023
20241,3110917,6043
20241,3110916,16764
20241,3110915,4273
20241,3110914,7318
20241,3110913,11559
20241,3110912,2302
20241,3110911,11187
20241,3110910,10629
20241,3110909,1511
20241,3110908,6068
20241,3110907,14615
20241,3110906,4340
20241,3110905,8419
20241,3110904,9900
20241,3110903,8757
20241,3110902,4172
20241,3110901,640
20241,3110900,891
20241,3110899,830
20241,3110898,173
20241,3110897,3509
20241,3110896,862
20241,3110895,6365
20241,3110894,38
20241,3110893,889
20241,3110892,4405
20241,3110891,1190
20241,3110890,1511
20241,3110889,429
20241,3110888,863
20241,3110887,343
20241,3110886,606
20241,3110885,684
20241,3110884,1851
20241,3110883,2632
20241,3110882,1477
20241,3110881,981
20241,3110880,1252
20241,3110879,1065
20241,3110878,266
20241,3110877,3412
20241,3110876,583
20241,3110875,2074
20241,3110874,668
20241,3110873,9458
20241,3110872,128
20241,3110871,973
20241,3110870,72
20241,3110869,7553
20241,3110868,1648
20241,3110867,1723
20241,3110866,667
20241,3110865,1478
20241,3110864,1235
20241,3110863,1491
20241,3110862,1194
20241,3110861,3972
20241,3110860,2546
20241,3110859,325
20241,3110858,1446
20241,3110857,1354
20241,3110856,2359
20241,3110855,4206
20241,3110854,1353
20241,3110853,4003
20241,3110852,6195
20241,3110851,2500
20241,3110850,10531
20241,3110849,2429
20241,3110848,1821
20241,3110847,1010
20241,3110846,1827
20241,3110845,155
20241,3110844,7
20241,3110843,1002
20241,3110842,23
20241,3110841,9
20241,3110840,54
20241,3110839,724
20241,3110838,646
20241,3110837,1354
20241,3110836,1404
20241,3110835,839
20241,3110834,148
20241,3110833,508
20241,3110832,2913
20241,3110831,291
20241,3110830,560
20241,3110829,936
20241,3110828,3088
20241,3110827,1070
20241,3110826,1239
20241,3110825,1760
20241,3110824,1543
20241,3110823,11820
20241,3110822,3199
20241,3110821,5519
20241,3110820,1769
20241,3110819,4140
20241,3110818,2604
20241,3110817,3217
20241,3110816,1785
20241,3110815,4316
20241,3110814,3677
20241,3110813,3407
20241,3110812,2140
20241,3110811,2479
20241,3110810,2463
20241,3110809,1561
20241,3110808,441
20241,3110807,434
20241,3110806,3285
20241,3110805,176
20241,3110804,1159
20241,3110803,1538
20241,3110802,1180
20241,3110801,69
20241,3110800,4634
20241,3110799,639
20241,3110798,615
20241,3110797,207
20241,3110796,3738
20241,3110795,957
20241,3110794,4147
20241,3110793,369
20241,3110792,3063
20241,3110791,540
20241,3110790,941
20241,3110789,2036
20241,3110788,1158
20241,3110787,567
20241,3110786,1702
20241,3110785,478
20241,3110784,737
20241,3110783,2517
20241,3110782,1793
20241,3110781,1564
20241,3110780,1003
20241,3110779,214
20241,3110778,7693
20241,3110777,28491
20241,3110776,3032
20241,3110775,1886
20241,3110774,6428
20241,3110773,2645
20241,3110772,1516
20241,3110771,2228
20241,3110770,2476
20241,3110769,1451
20241,3110768,244
20241,3110767,3837
20241,3110766,3428
20241,3110765,14156
20241,3110764,1076
20241,3110763,8237
20241,3110762,9180
20241,3110761,6262
20241,3110760,8163
20241,3110759,48752
20241,3110758,2047
20241,3110757,2170
20241,3110756,2918
20241,3110755,1351
20241,3110754,1107
20241,3110753,1354
20241,3110752,1303
20241,3110751,1808
20241,3110750,1331
20241,3110749,1521
20241,3110748,716
20241,3110747,686
20241,3110746,1207
20241,3110745,769
20241,3110744,1593
20241,3110743,2120
20241,3110742,658
20241,3110741,1289
20241,3110740,2664
20241,3110739,1182
20241,3110738,2631
20241,3110737,2296
20241,3110736,2707
20241,3110735,2287
20241,3110734,1395
20241,3110733,1395
20241,3110732,4908
20241,3110731,2378
20241,3110730,2433
20241,3110729,5076
20241,3110728,2611
20241,3110727,1216
20241,3110726,140
20241,3110725,1850
20241,3110724,12573
20241,3110723,7478
20241,3110722,24014
20241,3110721,15608
20241,3110720,1294
20241,3110719,8259
20241,3110718,4797
20241,3110717,18201
20241,3110716,1317
20241,3110715,1968
20241,3110714,1642
20241,3110713,6053
20241,3110712,1510
20241,3110711,2282
20241,3110710,12747
20241,3110709,594
20241,3110708,1121
20241,3110707,4239
20241,3110706,1555
20241,3110705,928
20241,3110704,417
20241,3110703,6530
20241,3110702,4954
20241,3110701,922
20241,3110700,2447
20241,3110699,574
20241,3110698,4861
20241,3110697,442
20241,3110696,2383
20241,3110695,7784
20241,3110694,8615
20241,3110693,1505
20241,3110692,5576
20241,3110691,6634
20241,3110690,2173
20241,3110689,3040
20241,3110688,1050
20241,3110687,189
20241,3110686,652
20241,3110685,31
20241,3110684,232
20241,3110683,218
20241,3110682,201
20241,3110681,385
20241,3110680,684
20241,3110679,2414
20241,3110678,1238
20241,3110677,1301
20241,3110676,2290
20241,3110675,2218
20241,3110674,1330
20241,3110673,4651
20241,3110672,490
20241,3110671,4578
20241,3110670,1885
20241,3110669,3377
20241,3110668,4984
20241,3110667,546
20241,3110666,609
20241,3110665,6494
20241,3110664,3136
20241,3110663,4495
20241,3110662,3151
20241,3110661,2744
20241,3110660,7748
20241,3110659,2456
20241,3110658,1530
20241,3110657,3732
20241,3110656,2404
20241,3110655,4772
20241,3110654,2976
20241,3110653,2311
20241,3110652,2059
20241,3110651,1743
20241,3110650,1027
20241,3110649,1546
20241,3110648,3604
20241,3110647,3658
20241,3110646,3043
20241,3110645,1741
20241,3110644,123
20241,3110643,1474
20241,3110642,364
20241,3110641,877
20241,3110640,1811
20241,3110639,1225
20241,3110638,3311
20241,3110637,1654
20241,3110636,1778
20241,3110635,1614
20241,3110634,3042
20241,3110633,1549
20241,3110632,2236
20241,3110631,1042
20241,3110630,1546
20241,3110629,1061
20241,3110628,1457
20241,3110627,17066
20241,3110626,2254
20241,3110625,17718
20241,3110624,296
20241,3110623,422
20241,3110622,1492
20241,3110621,843
20241,3110620,1357
20241,3110619,1088
20241,3110618,2613
20241,3110617,1267
20241,3110616,4743
20241,3110615,6259
20241,3110614,2892
20241,3110613,3834
20241,3110612,6506
20241,3110611,3854
20241,3110610,622
20241,3110609,1281
20241,3110608,1863
20241,3110607,709
20241,3110606,2189
20241,3110605,830
20241,3110604,1777
20241,3110603,722
20241,3110602,1706
20241,3110601,1415
20241,3110600,2386
20241,3110599,1324
20241,3110598,2285
20241,3110597,2286
20241,3110596,1005
20241,3110595,1901
20241,3110594,517
20241,3110593,1405
20241,3110592,1366
20241,3110591,2816
20241,3110590,1093
20241,3110589,585
20241,3110588,2334
20241,3110587,6043
20241,3110586,11201
20241,3110585,2085
20241,3110584,871
20241,3110583,5752
20241,3110582,899
20241,3110581,9208
20241,3110580,636
20241,3110579,5579
20241,3110578,2507
20241,3110577,7320
20241,3110576,2781
20241,3110575,1336
20241,3110574,799
20241,3110573,1345
20241,3110572,2851
20241,3110571,1729
20241,3110570,1439
20241,3110569,3303
20241,3110568,444
20241,3110567,504
20241,3110566,5292
20241,3110565,1501
20241,3110564,3783
20241,3110563,1505
20241,3110562,3384
20241,3110561,2905
20241,3110560,3585
20241,3110559,4396
20241,3110558,4441
20241,3110557,4689
20241,3110556,919
20241,3110555,4457
20241,3110554,5294
20241,3110553,957
20241,3110552,2234
20241,3110551,2447
20241,3110550,5928
20241,3110549,1625
20241,3110548,3310
20241,3110547,3956
20241,3110546,1182
20241,3110545,1845
20241,3110544,5567
20241,3110543,5
20241,3110542,3048
20241,3110541,2248
20241,3110540,658
20241,3110539,14339
20241,3110538,7016
20241,3110537,7159
20241,3110536,3018
20241,3110535,689
20241,3110534,2880
20241,3110533,4385
20241,3110532,1148
20241,3110531,641
20241,3110530,888
20241,3110529,1843
20241,3110528,1678
20241,3110527,2308
20241,3110526,27
20241,3110525,1703
20241,3110524,66
20241,3110523,703
20241,3110522,2526
20241,3110521,2651
20241,3110520,935
20241,3110519,1423
20241,3110518,5353
20241,3110517,7185
20241,3110516,1387
20241,3110515,177
20241,3110514,1825
20241,3110513,7330
20241,3110512,6525
20241,3110511,8821
20241,3110510,1965
20241,3110509,2865
20241,3110508,8050
20241,3110507,2454
20241,3110506,3743
20241,3110505,338
20241,3110504,274
20241,3110503,1965
20241,3110502,817
20241,3110501,1832
20241,3110500,209
20241,3110499,205
20241,3110498,1557
20241,3110497,1053
20241,3110496,839
20241,3110495,1909
20241,3110494,472
20241,3110493,296
20241,3110492,79
20241,3110491,873
20241,3110490,1355
20241,3110489,619
20241,3110488,1796
20241,3110487,1318
20241,3110486,1853
20241,3110485,3493
20241,3110484,1644
20241,3110483,3746
20241,3110482,1149
20241,3110481,1394
20241,3110480,2338
20241,3110479,7789
20241,3110478,1477
20241,3110477,2129
20241,3110476,154
20241,3110475,698
20241,3110474,2911
20241,3110473,2305
20241,3110472,2166
20241,3110471,925
20241,3110470,672
20241,3110469,1478
20241,3110468,2768
20241,3110467,2788
20241,3110466,1319
20241,3110465,3763
20241,3110464,2327
20241,3110463,932
20241,3110462,850
20241,3110461,1139
20241,3110460,2692
20241,3110459,1723
20241,3110458,1022
20241,3110457,2011
20241,3110456,1586
20241,3110455,1626
20241,3110454,981
20241,3110453,1189
20241,3110452,1234
20241,3110451,1658
20241,3110450,1393
20241,3110449,1731
20241,3110448,159
20241,3110447,45
20241,3110446,371
20241,3110445,103
20241,3110444,610
20241,3110443,244
20241,3110442,510
20241,3110441,120
20241,3110440,122
20241,3110439,194
20241,3110438,3626
20241,3110437,304
20241,3110436,1066
20241,3110435,591
20241,3110434,8220
20241,3110433,8905
20241,3110432,439
20241,3110431,1238
20241,3110430,1061
20241,3110429,12239
20241,3110428,1067
20241,3110427,294
20241,3110426,693
20241,3110425,1299
20241,3110424,898
20241,3110423,689
20241,3110422,586
20241,3110421,707
20241,3110420,285
20241,3110419,2530
20241,3110418,275
20241,3110417,21
20241,3110416,1256
20241,3110415,2927
20241,3110414,148
20241,3110413,459
20241,3110412,191
20241,3110411,677
20241,3110410,2677
20241,3110409,2885
20241,3110408,1757
20241,3110407,999
20241,3110406,519
20241,3110405,4320
20241,3110404,1034
20241,3110403,4841
20241,3110402,2108
20241,3110401,1774
20241,3110400,2180
20241,3110399,1019
20241,3110398,1513
20241,3110397,821
20241,3110396,1189
20241,3110395,1491
20241,3110394,2864
20241,3110393,946
20241,3110392,175
20241,3110391,159
20241,3110390,1272
20241,3110389,500
20241,3110388,511
20241,3110387,360
20241,3110386,144
20241,3110385,85
20241,3110384,228
20241,3110383,353
20241,3110382,496
20241,3110381,511
20241,3110380,69
20241,3110379,603
20241,3110378,184
20241,3110377,598
20241,3110376,1794
20241,3110375,1269
20241,3110374,490
20241,3110373,2459
20241,3110372,924
20241,3110371,539
20241,3110370,510
20241,3110369,3344
20241,3110368,133
20241,3110367,2214
20241,3110366,1104
20241,3110365,2000
20241,3110364,2422
20241,3110363,124
20241,3110362,837
20241,3110361,287
20241,3110360,2634
20241,3110359,1782
20241,3110358,2266
20241,3110357,1150
20241,3110356,792
20241,3110355,369
20241,3110354,300
20241,3110353,1042
20241,3110352,341
20241,3110351,719
20241,3110350,861
20241,3110349,198
20241,3110348,1112
20241,3110347,40
20241,3110346,517
20241,3110345,629
20241,3110344,130
20241,3110343,868
20241,3110342,284
20241,3110341,306
20241,3110340,823
20241,3110339,528
20241,3110338,279
20241,3110337,710
20241,3110336,439
20241,3110335,1031
20241,3110334,648
20241,3110333,863
20241,3110332,635
20241,3110331,1055
20241,3110330,1025
20241,3110329,248
20241,3110328,1735
20241,3110327,1395
20241,3110326,100
20241,3110325,223
20241,3110324,2514
20241,3110323,1966
20241,3110322,155
20241,3110321,259
20241,3110320,4825
20241,3110319,6497
20241,3110318,2895
20241,3110317,4237
20241,3110316,1534
20241,3110315,8878
20241,3110314,7238
20241,3110313,2742
20241,3110312,1624
20241,3110311,431
20241,3110310,700
20241,3110309,1819
20241,3110308,1689
20241,3110307,2933
20241,3110306,1167
20241,3110305,2393
20241,3110304,3361
20241,3110303,2560
20241,3110302,2119
20241,3110301,2454
20241,3110300,7215
20241,3110299,1397
20241,3110298,507
20241,3110297,8970
20241,3110296,3670
20241,3110295,1430
20241,3110294,1219
20241,3110293,8746
20241,3110292,556
20241,3110291,1747
20241,3110290,431
20241,3110289,1000
20241,3110288,7670
20241,3110287,147
20241,3110286,6912
20241,3110285,4017
20241,3110284,246
20241,3110283,3162
20241,3110282,164
20241,3110281,1365
20241,3110280,1380
20241,3110279,181
20241,3110278,810
20241,3110277,978
20241,3110276,201
20241,3110275,925
20241,3110274,724
20241,3110273,984
20241,3110272,1679
20241,3110271,130
20241,3110270,287
20241,3110269,755
20241,3110268,502
20241,3110267,980
20241,3110266,833
20241,3110265,2552
20241,3110264,905
20241,3110263,1539
20241,3110262,2237
20241,3110261,1162
20241,3110260,1481
20241,3110259,1051
20241,3110258,852
20241,3110257,1481
20241,3110256,3463
20241,3110255,3414
20241,3110254,651
20241,3110253,619
20241,3110252,1547
20241,3110251,743
20241,3110250,1340
20241,3110249,1362
20241,3110248,246
20241,3110247,1296
20241,3110246,1946
20241,3110245,560
20241,3110244,994
20241,3110243,2287
20241,3110242,1079
20241,3110241,1795
20241,3110240,190
20241,3110239,70
20241,3110238,366
20241,3110237,1740
20241,3110236,1389
20241,3110235,58
20241,3110234,832
20241,3110233,598
20241,3110232,2490
20241,3110231,540
20241,3110230,3450
20241,3110229,7220
20241,3110228,4301
20241,3110227,1410
20241,3110226,8399
20241,3110225,1522
20241,3110224,402
20241,3110223,4971
20241,3110222,647
20241,3110221,258
20241,3110220,943
20241,3110219,1315
20241,3110218,1511
20241,3110217,2727
20241,3110216,466
20241,3110215,1024
20241,3110214,937
20241,3110213,569
20241,3110212,1463
20241,3110211,827
20241,3110210,871
20241,3110209,542
20241,3110208,476
20241,3110207,860
20241,3110206,241
20241,3110205,414
20241,3110204,1154
20241,3110203,712
20241,3110202,225
20241,3110201,111
20241,3110200,907
20241,3110199,2111
20241,3110198,2234
20241,3110197,146
20241,3110196,726
20241,3110195,4453
20241,3110194,3068
20241,3110193,991
20241,3110192,4076
20241,3110191,1249
20241,3110190,1500
20241,3110189,3682
20241,3110188,5058
20241,3110187,5483
20241,3110186,982
20241,3110185,4064
20241,3110184,3875
20241,3110183,3162
20241,3110182,2702
20241,3110181,7784
20241,3110180,4161
20241,3110179,1441
20241,3110178,1441
20241,3110177,116
20241,3110176,2112
20241,3110175,3615
20241,3110174,2675
20241,3110173,2203
20241,3110172,1999
20241,3110171,1498
20241,3110170,2572
20241,3110169,2695
20241,3110168,751
20241,3110167,3097
20241,3110166,3221
20241,3110165,1233
20241,3110164,1547
20241,3110163,1730
20241,3110162,2048
20241,3110161,831
20241,3110160,801
20241,3110159,7855
20241,3110158,1012
20241,3110157,1679
20241,3110156,2163
20241,3110155,5068
20241,3110154,2796
20241,3110153,2831
20241,3110152,1153
20241,3110151,2225
20241,3110150,3048
20241,3110149,478
20241,3110148,149
20241,3110147,1242
20241,3110146,1382
20241,3110145,280
20241,3110144,299
20241,3110143,177
20241,3110142,5657
20241,3110141,2422
20241,3110140,3728
20241,3110139,551
20241,3110138,2479
20241,3110137,22462
20241,3110136,16276
20241,3110135,10332
20241,3110134,2235
20241,3110133,2919
20241,3110132,6447
20241,3110131,17210
20241,3110130,549
20241,3110129,5497
20241,3110128,2315
20241,3110127,2780
20241,3110126,2363
20241,3110125,253
20241,3110124,2007
20241,3110123,1524
20241,3110122,1524
20241,3110121,81
20241,3110120,317
20241,3110119,1478
20241,3110118,749
20241,3110117,2407
20241,3110116,4622
20241,3110115,2450
20241,3110114,1255
20241,3110113,365
20241,3110112,996
20241,3110111,97
20241,3110110,786
20241,3110109,1211
20241,3110108,625
20241,3110107,875
20241,3110106,358
20241,3110105,1201
20241,3110104,211
20241,3110103,1209
20241,3110102,2294
20241,3110101,2280
20241,3110100,2280
20241,3110099,8886
20241,3110098,6480
20241,3110097,4261
20241,3110096,1947
20241,3110095,16785
20241,3110094,131
20241,3110093,16566
20241,3110092,816
20241,3110091,15631
20241,3110090,2561
20241,3110089,4886
20241,3110088,3769
20241,3110087,12822
20241,3110086,13504
20241,3110085,2473
20241,3110084,826
20241,3110083,4641
20241,3110082,15237
20241,3110081,599
20241,3110080,926
20241,3110079,11814
20241,3110078,608
20241,3110077,2539
20241,3110076,1855
20241,3110075,7916
20241,3110074,11590
20241,3110073,7344
20241,3110072,734
20241,3110071,1700
20241,3110070,207
20241,3110069,4296
20241,3110068,6457
20241,3110067,3358
20241,3110066,1861
20241,3110065,2432
20241,3110064,2687
20241,3110063,4441
20241,3110062,14969
20241,3110061,1617
20241,3110060,3064
20241,3110059,1734
20241,3110058,5171
20241,3110057,712
20241,3110056,1413
20241,3110055,655
20241,3110054,18849
20241,3110053,1577
20241,3110052,13505
20241,3110051,3849
20241,3110050,10504
20241,3110049,19861
20241,3110048,8557
20241,3110047,9921
20241,3110046,3953
20241,3110045,12851
20241,3110044,8522
20241,3110043,10386
20241,3110042,4486
20241,3110041,5466
20241,3110040,7289
20241,3110039,22742
20241,3110038,10698
20241,3110037,1862
20241,3110036,1219
20241,3110035,1712
20241,3110034,1480
20241,3110033,273
20241,3110032,1978
20241,3110031,187
20241,3110030,1217
20241,3110029,1775
20241,3110028,3996
20241,3110027,1144
20241,3110026,5793
20241,3110025,4139
20241,3110024,3062
20241,3110023,426
20241,3110022,4062
20241,3110021,2416
20241,3110020,1591
20241,3110019,5295
20241,3110018,10056
20241,3110017,2598
20241,3110016,3548
20241,3110015,3559
20241,3110014,1904
20241,3110013,3169
20241,3110012,24081
20241,3110011,1169
20241,3110010,4412
20241,3110009,373
20241,3110008,4698
20241,3110007,1527
20241,3110006,277
20241,3110005,1093
20241,3110004,50
20241,3110003,2828
20241,3110002,403
20241,3110001,3401
20234,3111090,149
20234,3111089,1339
20234,3111088,717
20234,3111087,171
20234,3111086,372
20234,3111085,653
20234,3111084,401
20234,3111083,1254
20234,3111082,301
20234,3111081,885
20234,3111080,4009
20234,3111079,737
20234,3111078,4505
20234,3111077,5656
20234,3111076,2164
20234,3111075,4216
20234,3111074,1627
20234,3111073,4269
20234,3111072,3471
20234,3111071,1214
20234,3111070,2243
20234,3111069,2634
20234,3111068,3531
20234,3111067,6229
20234,3111066,1507
20234,3111065,765
20234,3111064,3208
20234,3111063,561
20234,3111062,3810
20234,3111061,3166
20234,3111060,3394
20234,3111059,4198
20234,3111058,2252
20234,3111057,891
20234,3111056,1207
20234,3111055,875
20234,3111054,1537
20234,3111053,9916
20234,3111052,1657
20234,3111051,2533
20234,3111050,3556
20234,3111049,990
20234,3111048,990
20234,3111047,405
20234,3111046,1599
20234,3111045,784
20234,3111044,1497
20234,3111043,1067
20234,3111042,4556
20234,3111041,1644
20234,3111040,1944
20234,3111039,3730
20234,3111038,2968
20234,3111037,2346
20234,3111036,1568
20234,3111035,4123
20234,3111034,4967
20234,3111033,1194
20234,3111032,12896
20234,3111031,3881
20234,3111030,10552
20234,3111029,3979
20234,3111028,3468
20234,3111027,24175
20234,3111026,26419
20234,3111025,10945
20234,3111024,18297
20234,3111023,22886
20234,3111022,7539
20234,3111021,13051
20234,3111020,792
20234,3111019,14818
20234,3111018,172
20234,3111017,4639
20234,3111016,3407
20234,3111015,15619
20234,3111014,18175
20234,3111013,24546
20234,3111012,5520
20234,3111011,4260
20234,3111010,10191
20234,3111009,688
20234,3111008,2341
20234,3111007,2293
20234,3111006,4087
20234,3111005,2559
20234,3111004,8042
20234,3111003,4343
20234,3111002,32
20234,3111001,51
20234,3111000,12
20234,3110999,150
20234,3110998,56
20234,3110997,1322
20234,3110996,14891
20234,3110995,31454
20234,3110994,3473
20234,3110993,1310
20234,3110992,17959
20234,3110991,78288
20234,3110990,9384
20234,3110989,13522
20234,3110988,10384
20234,3110987,6705
20234,3110986,12489
20234,3110985,13251
20234,3110984,4071
20234,3110983,4005
20234,3110982,4372
20234,3110981,7426
20234,3110980,15825
20234,3110979,7131
20234,3110978,43631
20234,3110977,17674
20234,3110976,11497
20234,3110975,64795
20234,3110974,11522
20234,3110973,13788
20234,3110972,16555
20234,3110971,26363
20234,3110970,11474
20234,3110969,36672
20234,3110968,19724
20234,3110967,22014
20234,3110966,23749
20234,3110965,14495
20234,3110964,10816
20234,3110963,22038
20234,3110962,9897
20234,3110961,18218
20234,3110960,20903
20234,3110959,9354
20234,3110958,21069
20234,3110957,20369
20234,3110956,10332
20234,3110955,17986
20234,3110954,11672
20234,3110953,17470
20234,3110952,6769
20234,3110951,11761
20234,3110950,12968
20234,3110949,7790
20234,3110948,55
20234,3110947,861
20234,3110946,699
20234,3110945,164
20234,3110944,442
20234,3110943,7464
20234,3110942,13869
20234,3110941,6373
20234,3110940,10961
20234,3110939,64180
20234,3110938,5417
20234,3110937,6653
20234,3110936,5614
20234,3110935,6285
20234,3110934,621
20234,3110933,4940
20234,3110932,5113
20234,3110931,104
20234,3110930,9282
20234,3110929,25906
20234,3110928,14453
20234,3110927,123
20234,3110926,10276
20234,3110925,7067
20234,3110924,13720
20234,3110923,6070
20234,3110922,11757
20234,3110921,15640
20234,3110920,7164
20234,3110919,8531
20234,3110918,8023
20234,3110917,6043
20234,3110916,16764
20234,3110915,4273
20234,3110914,7318
20234,3110913,11559
20234,3110912,2302
20234,3110911,11187
20234,3110910,10629
20234,3110909,1511
20234,3110908,6068
20234,3110907,14615
20234,3110906,4340
20234,3110905,8419
20234,3110904,9900
20234,3110903,8757
20234,3110902,4172
20234,3110901,640
20234,3110900,891
20234,3110899,830
20234,3110898,173
20234,3110897,3509
20234,3110896,862
20234,3110895,6365
20234,3110894,38
20234,3110893,889
20234,3110892,4405
20234,3110891,1190
20234,3110890,1511
20234,3110889,429
20234,3110888,863
20234,3110887,343
20234,3110886,606
20234,3110885,684
20234,3110884,1851
20234,3110883,2632
20234,3110882,1477
20234,3110881,981
20234,3110880,1252
20234,3110879,1065
20234,3110878,266
20234,3110877,3412
20234,3110876,583
20234,3110875,2074
20234,3110874,668
20234,3110873,9458
20234,3110872,128
20234,3110871,973
20234,3110870,72
20234,3110869,7553
20234,3110868,1648
20234,3110867,1723
20234,3110866,667
20234,3110865,1478
20234,3110864,1235
20234,3110863,1491
20234,3110862,1194
20234,3110861,3972
20234,3110860,2546
20234,3110859,325
20234,3110858,1446
20234,3110857,1354
20234,3110856,2359
20234,3110855,4206
20234,3110854,1353
20234,3110853,4003
20234,3110852,6195
20234,3110851,2500
20234,3110850,10531
20234,3110849,2429
20234,3110848,1821
20234,3110847,1010
20234,3110846,1827
20234,3110845,155
20234,3110844,7
20234,3110843,1002
20234,3110842,23
20234,3110841,9
20234,3110840,54
20234,3110839,724
20234,3110838,646
20234,3110837,1354
20234,3110836,1404
20234,3110835,839
20234,3110834,148
20234,3110833,508
20234,3110832,2913
20234,3110831,291
20234,3110830,560
20234,3110829,936
20234,3110828,3088
20234,3110827,1070
20234,3110826,1239
20234,3110825,1760
20234,3110824,1543
20234,3110823,11820
20234,3110822,3199
20234,3110821,5519
20234,3110820,1769
20234,3110819,4140
20234,3110818,2604
20234,3110817,3217
20234,3110816,1785
20234,3110815,4316
20234,3110814,3677
20234,3110813,3407
20234,3110812,2140
20234,3110811,2479
20234,3110810,2463
20234,3110809,1561
20234,3110808,441
20234,3110807,434
20234,3110806,3285
20234,3110805,176
20234,3110804,1159
20234,3110803,1538
20234,3110802,1180
20234,3110801,69
20234,3110800,4634
20234,3110799,639
20234,3110798,615
20234,3110797,207
20234,3110796,3738
20234,3110795,957
20234,3110794,4147
20234,3110793,369
20234,3110792,3063
20234,3110791,540
20234,3110790,941
20234,3110789,2036
20234,3110788,1158
20234,3110787,567
20234,3110786,1702
20234,3110785,478
20234,3110784,737
20234,3110783,2517
20234,3110782,1793
20234,3110781,1564
20234,3110780,1003
20234,3110779,214
20234,3110778,7693
20234,3110777,28491
20234,3110776,3032
20234,3110775,1886
20234,3110774,6428
20234,3110773,2645
20234,3110772,1516
20234,3110771,2228
20234,3110770,2476
20234,3110769,1451
20234,3110768,244
20234,3110767,3837
20234,3110766,3428
20234,3110765,14156
20234,3110764,1076
20234,3110763,8237
20234,3110762,9180
20234,3110761,6262
20234,3110760,8163
20234,3110759,48752
20234,3110758,2047
20234,3110757,2170
20234,3110756,2918
20234,3110755,1351
20234,3110754,1107
20234,3110753,1354
20234,3110752,1303
20234,3110751,1808
20234,3110750,1331
20234,3110749,1521
20234,3110748,716
20234,3110747,686
20234,3110746,1207
20234,3110745,769
20234,3110744,1593
20234,3110743,2120
20234,3110742,658
20234,3110741,1289
20234,3110740,2664
20234,3110739,1182
20234,3110738,2631
20234,3110737,2296
20234,3110736,2707
20234,3110735,2287
20234,3110734,1395
20234,3110733,1395
20234,3110732,4908
20234,3110731,2378
20234,3110730,2433
20234,3110729,5076
20234,3110728,2611
20234,3110727,1216
20234,3110726,140
20234,3110725,1850
20234,3110724,12573
20234,3110723,7478
20234,3110722,24014
20234,3110721,15608
20234,3110720,1294
20234,3110719,8259
20234,3110718,4797
20234,3110717,18201
20234,3110716,1317
20234,3110715,1968
20234,3110714,1642
20234,3110713,6053
20234,3110712,1510
20234,3110711,2282
20234,3110710,12747
20234,3110709,594
20234,3110708,1121
20234,3110707,4239
20234,3110706,1555
20234,3110705,928
20234,3110704,417
20234,3110703,6530
20234,3110702,4954
20234,3110701,922
20234,3110700,2447
20234,3110699,574
20234,3110698,4861
20234,3110697,442
20234,3110696,2383
20234,3110695,7784
20234,3110694,8615
20234,3110693,1505
20234,3110692,5576
20234,3110691,6634
20234,3110690,2173
20234,3110689,3040
20234,3110688,1050
20234,3110687,189
20234,3110686,652
20234,3110685,31
20234,3110684,232
20234,3110683,218
20234,3110682,201
20234,3110681,385
20234,3110680,684
20234,3110679,2414
20234,3110678,1238
20234,3110677,1301
20234,3110676,2290
20234,3110675,2218
20234,3110674,1330
20234,3110673,4651
20234,3110672,490
20234,3110671,4578
20234,3110670,1885
20234,3110669,3377
20234,3110668,4984
20234,3110667,546
20234,3110666,609
20234,3110665,6494
20234,3110664,3136
20234,3110663,4495
20234,3110662,3151
20234,3110661,2744
20234,3110660,7748
20234,3110659,2456
20234,3110658,1530
20234,3110657,3732
20234,3110656,2404
20234,3110655,4772
20234,3110654,2976
20234,3110653,2311
20234,3110652,2059
20234,3110651,1743
20234,3110650,1027
20234,3110649,1546
20234,3110648,3604
20234,3110647,3658
20234,3110646,3043
20234,3110645,1741
20234,3110644,123
20234,3110643,1474
20234,3110642,364
20234,3110641,877
20234,3110640,1811
20234,3110639,1225
20234,3110638,3311
20234,3110637,1654
20234,3110636,1778
20234,3110635,1614
20234,3110634,3042
20234,3110633,1549
20234,3110632,2236
20234,3110631,1042
20234,3110630,1546
20234,3110629,1061
20234,3110628,1457
20234,3110627,17066
20234,3110626,2254
20234,3110625,17718
20234,3110624,296
20234,3110623,422
20234,3110622,1492
20234,3110621,843
20234,3110620,1357
20234,3110619,1088
20234,3110618,2613
20234,3110617,1267
20234,3110616,4743
20234,3110615,6259
20234,3110614,2892
20234,3110613,3834
20234,3110612,6506
20234,3110611,3854
20234,3110610,622
20234,3110609,1281
20234,3110608,1863
20234,3110607,709
20234,3110606,2189
20234,3110605,830
20234,3110604,1777
20234,3110603,722
20234,3110602,1706
20234,3110601,1415
20234,3110600,2386
20234,3110599,1324
20234,3110598,2285
20234,3110597,2286
20234,3110596,1005
20234,3110595,1901
20234,3110594,517
20234,3110593,1405
20234,3110592,1366
20234,3110591,2816
20234,3110590,1093
20234,3110589,585
20234,3110588,2334
20234,3110587,6043
20234,3110586,11201
20234,3110585,2085
20234,3110584,871
20234,3110583,5752
20234,3110582,899
20234,3110581,9208
20234,3110580,636
20234,3110579,5579
20234,3110578,2507
20234,3110577,7320
20234,3110576,2781
20234,3110575,1336
20234,3110574,799
20234,3110573,1345
20234,3110572,2851
20234,3110571,1729
20234,3110570,1439
20234,3110569,3303
20234,3110568,444
20234,3110567,504
20234,3110566,5292
20234,3110565,1501
20234,3110564,3783
20234,3110563,1505
20234,3110562,3384
20234,3110561,2905
20234,3110560,3585
20234,3110559,4396
20234,3110558,4441
20234,3110557,4689
20234,3110556,919
20234,3110555,4457
20234,3110554,5294
20234,3110553,957
20234,3110552,2234
20234,3110551,2447
20234,3110550,5928
20234,3110549,1625
20234,3110548,3310
20234,3110547,3956
20234,3110546,1182
20234,3110545,1845
20234,3110544,5567
20234,3110543,5
20234,3110542,3048
20234,3110541,2248
20234,3110540,658
20234,3110539,14339
20234,3110538,7016
20234,3110537,7159
20234,3110536,3018
20234,3110535,689
20234,3110534,2880
20234,3110533,4385
20234,3110532,1148
20234,3110531,641
20234,3110530,888
20234,3110529,1843
20234,3110528,1678
20234,3110527,2308
20234,3110526,27
20234,3110525,1703
20234,3110524,66
20234,3110523,703
20234,3110522,2526
20234,3110521,2651
20234,3110520,935
20234,3110519,1423
20234,3110518,5353
20234,3110517,7185
20234,3110516,1387
20234,3110515,177
20234,3110514,1825
20234,3110513,7330
20234,3110512,6525
20234,3110511,8821
20234,3110510,1965
20234,3110509,2865
20234,3110508,8050
20234,3110507,2454
20234,3110506,3743
20234,3110505,338
20234,3110504,274
20234,3110503,1965
20234,3110502,817
20234,3110501,1832
20234,3110500,209
20234,3110499,205
20234,3110498,1557
20234,3110497,1053
20234,3110496,839
20234,3110495,1909
20234,3110494,472
20234,3110493,296
20234,3110492,79
20234,3110491,873
20234,3110490,1355
20234,3110489,619
20234,3110488,1796
20234,3110487,1318
20234,3110486,1853
20234,3110485,3493
20234,3110484,1644
20234,3110483,3746
20234,3110482,1149
20234,3110481,1394
20234,3110480,2338
20234,3110479,7789
20234,3110478,1477
20234,3110477,2129
20234,3110476,154
20234,3110475,698
20234,3110474,2911
20234,3110473,2305
20234,3110472,2166
20234,3110471,925
20234,3110470,672
20234,3110469,1478
20234,3110468,2768
20234,3110467,2788
20234,3110466,1319
20234,3110465,3763
20234,3110464,2327
20234,3110463,932
20234,3110462,850
20234,3110461,1139
20234,3110460,2692
20234,3110459,1723
20234,3110458,1022
20234,3110457,2011
20234,3110456,1586
20234,3110455,1626
20234,3110454,981
20234,3110453,1189
20234,3110452,1234
20234,3110451,1658
20234,3110450,1393
20234,3110449,1731
20234,3110448,159
20234,3110447,45
20234,3110446,371
20234,3110445,103
20234,3110444,610
20234,3110443,244
20234,3110442,510
20234,3110441,120
20234,3110440,122
20234,3110439,194
20234,3110438,3626
20234,3110437,304
20234,3110436,1066
20234,3110435,591
20234,3110434,8220
20234,3110433,8905
20234,3110432,439
20234,3110431,1238
20234,3110430,1061
20234,3110429,12239
20234,3110428,1067
20234,3110427,294
20234,3110426,693
20234,3110425,1299
20234,3110424,898
20234,3110423,689
20234,3110422,586
20234,3110421,707
20234,3110420,285
20234,3110419,2530
20234,3110418,275
20234,3110417,21
20234,3110416,1256
20234,3110415,2927
20234,3110414,148
20234,3110413,459
20234,3110412,191
20234,3110411,677
20234,3110410,2677
20234,3110409,2885
20234,3110408,1757
20234,3110407,999
20234,3110406,519
20234,3110405,4320
20234,3110404,1034
20234,3110403,4841
20234,3110402,2108
20234,3110401,1774
20234,3110400,2180
20234,3110399,1019
20234,3110398,1513
20234,3110397,821
20234,3110396,1189
20234,3110395,1491
20234,3110394,2864
20234,3110393,946
20234,3110392,175
20234,3110391,159
20234,3110390,1272
20234,3110389,500
20234,3110388,511
20234,3110387,360
20234,3110386,144
20234,3110385,85
20234,3110384,228
20234,3110383,353
20234,3110382,496
20234,3110381,511
20234,3110380,69
20234,3110379,603
20234,3110378,184
20234,3110377,598
20234,3110376,1794
20234,3110375,1269
20234,3110374,490
20234,3110373,2459
20234,3110372,924
20234,3110371,539
20234,3110370,510
20234,3110369,3344
20234,3110368,133
20234,3110367,2214
20234,3110366,1104
20234,3110365,2000
20234,3110364,2422
20234,3110363,124
20234,3110362,837
20234,3110361,287
20234,3110360,2634
20234,3110359,1782
20234,3110358,2266
20234,3110357,1150
20234,3110356,792
20234,3110355,369
20234,3110354,300
20234,3110353,1042
20234,3110352,341
20234,3110351,719
20234,3110350,861
20234,3110349,198
20234,3110348,1112
20234,3110347,40
20234,3110346,517
20234,3110345,629
20234,3110344,130
20234,3110343,868
20234,3110342,284
20234,3110341,306
20234,3110340,823
20234,3110339,528
20234,3110338,279
20234,3110337,710
20234,3110336,439
20234,3110335,1031
20234,3110334,648
20234,3110333,863
20234,3110332,635
20234,3110331,1055
20234,3110330,1025
20234,3110329,248
20234,3110328,1735
20234,3110327,1395
20234,3110326,100
20234,3110325,223
20234,3110324,2514
20234,3110323,1966
20234,3110322,155
20234,3110321,259
20234,3110320,4825
20234,3110319,6497
20234,3110318,2895
20234,3110317,4237
20234,3110316,1534
20234,3110315,8878
20234,3110314,7238
20234,3110313,2742
20234,3110312,1624
20234,3110311,431
20234,3110310,700
20234,3110309,1819
20234,3110308,1689
20234,3110307,2933
20234,3110306,1167
20234,3110305,2393
20234,3110304,3361
20234,3110303,2560
20234,3110302,2119
20234,3110301,2454
20234,3110300,7215
20234,3110299,1397
20234,3110298,507
20234,3110297,8970
20234,3110296,3670
20234,3110295,1430
20234,3110294,1219
20234,3110293,8746
20234,3110292,556
20234,3110291,1747
20234,3110290,431
20234,3110289,1000
20234,3110288,7670
20234,3110287,147
20234,3110286,6912
20234,3110285,4017
20234,3110284,246
20234,3110283,3162
20234,3110282,164
20234,3110281,1365
20234,3110280,1380
20234,3110279,181
20234,3110278,810
20234,3110277,978
20234,3110276,201
20234,3110275,925
20234,3110274,724
20234,3110273,984
20234,3110272,1679
20234,3110271,130
20234,3110270,287
20234,3110269,755
20234,3110268,502
20234,3110267,980
20234,3110266,833
20234,3110265,2552
20234,3110264,905
20234,3110263,1539
20234,3110262,2237
20234,3110261,1162
20234,3110260,1481
20234,3110259,1051
20234,3110258,852
20234,3110257,1481
20234,3110256,3463
20234,3110255,3414
20234,3110254,651
20234,3110253,619
20234,3110252,1547
20234,3110251,743
20234,3110250,1340
20234,3110249,1362
20234,3110248,246
20234,3110247,1296
20234,3110246,1946
20234,3110245,560
20234,3110244,994
20234,3110243,2287
20234,3110242,1079
20234,3110241,1795
20234,3110240,190
20234,3110239,70
20234,3110238,366
20234,3110237,1740
20234,3110236,1389
20234,3110235,58
20234,3110234,832
20234,3110233,598
20234,3110232,2490
20234,3110231,540
20234,3110230,3450
20234,3110229,7220
20234,3110228,4301
20234,3110227,1410
20234,3110226,8399
20234,3110225,1522
20234,3110224,402
20234,3110223,4971
20234,3110222,647
20234,3110221,258
20234,3110220,943
20234,3110219,1315
20234,3110218,1511
20234,3110217,2727
20234,3110216,466
20234,3110215,1024
20234,3110214,937
20234,3110213,569
20234,3110212,1463
20234,3110211,827
20234,3110210,871
20234,3110209,542
20234,3110208,476
20234,3110207,860
20234,3110206,241
20234,3110205,414
20234,3110204,1154
20234,3110203,712
20234,3110202,225
20234,3110201,111
20234,3110200,907
20234,3110199,2111
20234,3110198,2234
20234,3110197,146
20234,3110196,726
20234,3110195,4453
20234,3110194,3068
20234,3110193,991
20234,3110192,4076
20234,3110191,1249
20234,3110190,1500
20234,3110189,3682
20234,3110188,5058
20234,3110187,5483
20234,3110186,982
20234,3110185,4064
20234,3110184,3875
20234,3110183,3162
20234,3110182,2702
20234,3110181,7784
20234,3110180,4161
20234,3110179,1441
20234,3110178,1441
20234,3110177,116
20234,3110176,2112
20234,3110175,3615
20234,3110174,2675
20234,3110173,2203
20234,3110172,1999
20234,3110171,1498
20234,3110170,2572
20234,3110169,2695
20234,3110168,751
20234,3110167,3097
20234,3110166,3221
20234,3110165,1233
20234,3110164,1547
20234,3110163,1730
20234,3110162,2048
20234,3110161,831
20234,3110160,801
20234,3110159,7855
20234,3110158,1012
20234,3110157,1679
20234,3110156,2163
20234,3110155,5068
20234,3110154,2796
20234,3110153,2831
20234,3110152,1153
20234,3110151,2225
20234,3110150,3048
20234,3110149,478
20234,3110148,149
20234,3110147,1242
20234,3110146,1382
20234,3110145,280
20234,3110144,299
20234,3110143,177
20234,3110142,5657
20234,3110141,2422
20234,3110140,3728
20234,3110139,551
20234,3110138,2479
20234,3110137,22462
20234,3110136,16276
20234,3110135,10332
20234,3110134,2235
20234,3110133,2919
20234,3110132,6447
20234,3110131,17210
20234,3110130,549
20234,3110129,5497
20234,3110128,2315
20234,3110127,2780
20234,3110126,2363
20234,3110125,253
20234,3110124,2007
20234,3110123,1524
20234,3110122,1524
20234,3110121,81
20234,3110120,317
20234,3110119,1478
20234,3110118,749
20234,3110117,2407
20234,3110116,4622
20234,3110115,2450
20234,3110114,1255
20234,3110113,365
20234,3110112,996
20234,3110111,97
20234,3110110,786
20234,3110109,1211
20234,3110108,625
20234,3110107,875
20234,3110106,358
20234,3110105,1201
20234,3110104,211
20234,3110103,1209
20234,3110102,2294
20234,3110101,2280
20234,3110100,2280
20234,3110099,8886
20234,3110098,6480
20234,3110097,4261
20234,3110096,1947
20234,3110095,16785
20234,3110094,131
20234,3110093,16566
20234,3110092,816
20234,3110091,15631
20234,3110090,2561
20234,3110089,4886
20234,3110088,3769
20234,3110087,12822
20234,3110086,13504
20234,3110085,2473
20234,3110084,826
20234,3110083,4641
20234,3110082,15237
20234,3110081,599
20234,3110080,926
20234,3110079,11814
20234,3110078,608
20234,3110077,2539
20234,3110076,1855
20234,3110075,7916
20234,3110074,11590
20234,3110073,7344
20234,3110072,734
20234,3110071,1700
20234,3110070,207
20234,3110069,4296
20234,3110068,6457
20234,3110067,3358
20234,3110066,1861
20234,3110065,2432
20234,3110064,2687
20234,3110063,4441
20234,3110062,14969
20234,3110061,1617
20234,3110060,3064
20234,3110059,1734
20234,3110058,5171
20234,3110057,712
20234,3110056,1413
20234,3110055,655
20234,3110054,18849
20234,3110053,1577
20234,3110052,13505
20234,3110051,3849
20234,3110050,10504
20234,3110049,19861
20234,3110048,8557
20234,3110047,9921
20234,3110046,3953
20234,3110045,12851
20234,3110044,8522
20234,3110043,10386
20234,3110042,4486
20234,3110041,5466
20234,3110040,7289
20234,3110039,22742
20234,3110038,10698
20234,3110037,1862
20234,3110036,1219
20234,3110035,1712
20234,3110034,1480
20234,3110033,273
20234,3110032,1978
20234,3110031,187
20234,3110030,1217
20234,3110029,1775
20234,3110028,3996
20234,3110027,1144
20234,3110026,5793
20234,3110025,4139
20234,3110024,3062
20234,3110023,426
20234,3110022,4062
20234,3110021,2416
20234,3110020,1591
20234,3110019,5295
20234,3110018,10056
20234,3110017,2598
20234,3110016,3548
20234,3110015,3559
20234,3110014,1904
20234,3110013,3169
20234,3110012,24081
20234,3110011,1169
20234,3110010,4412
20234,3110009,373
20234,3110008,4698
20234,3110007,1527
20234,3110006,277
20234,3110005,1093
20234,3110004,50
20234,3110003,2828
20234,3110002,403
20234,3110001,3401
20233,3111090,156
20233,3111089,1573
20233,3111088,576
20233,3111087,311
20233,3111086,477
20233,3111085,812
20233,3111084,505
20233,3111083,1393
20233,3111082,295
20233,3111081,883
20233,3111080,3347
20233,3111079,922
20233,3111078,3800
20233,3111077,6667
20233,3111076,2483
20233,3111075,2836
20233,3111074,1223
20233,3111073,4732
20233,3111072,2022
20233,3111071,1959
20233,3111070,995
20233,3111069,1091
20233,3111068,3806
20233,3111067,6166
20233,3111066,1053
20233,3111065,432
20233,3111064,2258
20233,3111063,603
20233,3111062,2905
20233,3111061,4068
20233,3111060,3112
20233,3111059,4098
20233,3111058,1955
20233,3111057,728
20233,3111056,1491
20233,3111055,1249
20233,3111054,2151
20233,3111053,9520
20233,3111052,2115
20233,3111051,2931
20233,3111050,4842
20233,3111049,1189
20233,3111048,1144
20233,3111047,501
20233,3111046,2087
20233,3111045,957
20233,3111044,1817
20233,3111043,1263
20233,3111042,4763
20233,3111041,1484
20233,3111040,1940
20233,3111039,3815
20233,3111038,3031
20233,3111037,2095
20233,3111036,1452
20233,3111035,3548
20233,3111034,5163
20233,3111033,1394
20233,3111032,13092
20233,3111031,5030
20233,3111030,10597
20233,3111029,4920
20233,3111028,4120
20233,3111027,27852
20233,3111026,21644
20233,3111025,8648
20233,3111024,17474
20233,3111023,24260
20233,3111022,8456
20233,3111021,10767
20233,3111020,726
20233,3111019,14797
20233,3111018,180
20233,3111017,4077
20233,3111016,4757
20233,3111015,11900
20233,3111014,15687
20233,3111013,18561
20233,3111012,4872
20233,3111011,4925
20233,3111010,9271
20233,3111009,797
20233,3111008,2793
20233,3111007,2558
20233,3111006,4065
20233,3111005,2375
20233,3111004,8220
20233,3111003,4832
20233,3111002,63
20233,3111001,76
20233,3111000,30
20233,3110999,142
20233,3110998,107
20233,3110997,1226
20233,3110996,11240
20233,3110995,14482
20233,3110994,3868
20233,3110993,522
20233,3110992,20346
20233,3110991,52228
20233,3110990,10067
20233,3110989,13186
20233,3110988,10377
20233,3110987,6564
20233,3110986,10444
20233,3110985,14673
20233,3110984,3559
20233,3110983,3675
20233,3110982,4014
20233,3110981,6506
20233,3110980,15686
20233,3110979,8834
20233,3110978,38497
20233,3110977,11981
20233,3110976,12552
20233,3110975,29732
20233,3110974,10044
20233,3110973,11196
20233,3110972,14661
20233,3110971,24667
20233,3110970,9287
20233,3110969,32978
20233,3110968,14596
20233,3110967,21478
20233,3110966,21992
20233,3110965,12551
20233,3110964,12997
20233,3110963,23280
20233,3110962,9934
20233,3110961,19360
20233,3110960,19019
20233,3110959,9431
20233,3110958,18329
20233,3110957,20208
20233,3110956,9423
20233,3110955,18556
20233,3110954,11304
20233,3110953,17052
20233,3110952,6560
20233,3110951,12501
20233,3110950,13882
20233,3110949,9158
20233,3110948,55
20233,3110947,546
20233,3110946,458
20233,3110945,117
20233,3110944,457
20233,3110943,6446
20233,3110942,11540
20233,3110941,5190
20233,3110940,9910
20233,3110939,47896
20233,3110938,5765
20233,3110937,7519
20233,3110936,5784
20233,3110935,5014
20233,3110934,571
20233,3110933,4655
20233,3110932,4898
20233,3110931,73
20233,3110930,9013
20233,3110929,26314
20233,3110928,14444
20233,3110927,268
20233,3110926,9598
20233,3110925,5942
20233,3110924,9214
20233,3110923,7784
20233,3110922,13270
20233,3110921,10569
20233,3110920,8661
20233,3110919,11523
20233,3110918,7916
20233,3110917,4455
20233,3110916,16683
20233,3110915,4497
20233,3110914,9468
20233,3110913,7044
20233,3110912,2786
20233,3110911,6825
20233,3110910,9117
20233,3110909,494
20233,3110908,10981
20233,3110907,9783
20233,3110906,3221
20233,3110905,3951
20233,3110904,6370
20233,3110903,9526
20233,3110902,4490
20233,3110901,1009
20233,3110900,2129
20233,3110899,1369
20233,3110898,229
20233,3110897,4526
20233,3110896,977
20233,3110895,8000
20233,3110894,291
20233,3110893,1232
20233,3110892,5567
20233,3110891,1351
20233,3110890,1787
20233,3110889,254
20233,3110888,1055
20233,3110887,402
20233,3110886,903
20233,3110885,1126
20233,3110884,1262
20233,3110883,1257
20233,3110882,2016
20233,3110881,1229
20233,3110880,1524
20233,3110879,1306
20233,3110878,291
20233,3110877,2379
20233,3110876,522
20233,3110875,735
20233,3110874,819
20233,3110873,4102
20233,3110872,145
20233,3110871,1196
20233,3110870,63
20233,3110869,4722
20233,3110868,2015
20233,3110867,2231
20233,3110866,676
20233,3110865,1728
20233,3110864,1347
20233,3110863,1761
20233,3110862,1327
20233,3110861,4708
20233,3110860,3122
20233,3110859,676
20233,3110858,1420
20233,3110857,1536
20233,3110856,2720
20233,3110855,4190
20233,3110854,1512
20233,3110853,4113
20233,3110852,4327
20233,3110851,3050
20233,3110850,7232
20233,3110849,3283
20233,3110848,2430
20233,3110847,1804
20233,3110846,2885
20233,3110845,188
20233,3110844,7
20233,3110843,1389
20233,3110842,40
20233,3110841,28
20233,3110840,72
20233,3110839,1032
20233,3110838,828
20233,3110837,1705
20233,3110836,1702
20233,3110835,1010
20233,3110834,192
20233,3110833,654
20233,3110832,3979
20233,3110831,364
20233,3110830,677
20233,3110829,1318
20233,3110828,4268
20233,3110827,1313
20233,3110826,1424
20233,3110825,1791
20233,3110824,2019
20233,3110823,8391
20233,3110822,4354
20233,3110821,6329
20233,3110820,2348
20233,3110819,3977
20233,3110818,2124
20233,3110817,3100
20233,3110816,2499
20233,3110815,4814
20233,3110814,3912
20233,3110813,4489
20233,3110812,2796
20233,3110811,3127
20233,3110810,2986
20233,3110809,1804
20233,3110808,785
20233,3110807,855
20233,3110806,1826
20233,3110805,222
20233,3110804,1517
20233,3110803,2020
20233,3110802,1487
20233,3110801,88
20233,3110800,3904
20233,3110799,782
20233,3110798,892
20233,3110797,259
20233,3110796,2655
20233,3110795,1292
20233,3110794,5225
20233,3110793,443
20233,3110792,3995
20233,3110791,818
20233,3110790,1297
20233,3110789,2526
20233,3110788,1510
20233,3110787,654
20233,3110786,2748
20233,3110785,613
20233,3110784,1216
20233,3110783,3121
20233,3110782,2342
20233,3110781,1653
20233,3110780,1100
20233,3110779,280
20233,3110778,9112
20233,3110777,23927
20233,3110776,3590
20233,3110775,2234
20233,3110774,5738
20233,3110773,2816
20233,3110772,1858
20233,3110771,2790
20233,3110770,3173
20233,3110769,1908
20233,3110768,304
20233,3110767,2779
20233,3110766,4498
20233,3110765,10750
20233,3110764,1290
20233,3110763,6892
20233,3110762,10783
20233,3110761,4296
20233,3110760,10088
20233,3110759,37983
20233,3110758,1151
20233,3110757,1971
20233,3110756,1957
20233,3110755,1846
20233,3110754,1681
20233,3110753,1962
20233,3110752,1610
20233,3110751,2034
20233,3110750,1479
20233,3110749,1364
20233,3110748,935
20233,3110747,645
20233,3110746,1482
20233,3110745,1035
20233,3110744,1963
20233,3110743,2364
20233,3110742,718
20233,3110741,1805
20233,3110740,2658
20233,3110739,1029
20233,3110738,3181
20233,3110737,2321
20233,3110736,3335
20233,3110735,2465
20233,3110734,2452
20233,3110733,958
20233,3110732,3266
20233,3110731,3093
20233,3110730,2972
20233,3110729,3238
20233,3110728,3291
20233,3110727,1383
20233,3110726,163
20233,3110725,2001
20233,3110724,10248
20233,3110723,7074
20233,3110722,22147
20233,3110721,14180
20233,3110720,1687
20233,3110719,10565
20233,3110718,6139
20233,3110717,20131
20233,3110716,1549
20233,3110715,2198
20233,3110714,1864
20233,3110713,5673
20233,3110712,1635
20233,3110711,2438
20233,3110710,12384
20233,3110709,607
20233,3110708,1175
20233,3110707,2319
20233,3110706,1808
20233,3110705,1199
20233,3110704,411
20233,3110703,4684
20233,3110702,4680
20233,3110701,993
20233,3110700,1704
20233,3110699,673
20233,3110698,4795
20233,3110697,635
20233,3110696,3286
20233,3110695,3054
20233,3110694,3302
20233,3110693,2236
20233,3110692,2343
20233,3110691,2050
20233,3110690,2781
20233,3110689,3813
20233,3110688,1497
20233,3110687,169
20233,3110686,826
20233,3110685,41
20233,3110684,223
20233,3110683,207
20233,3110682,256
20233,3110681,521
20233,3110680,891
20233,3110679,2368
20233,3110678,1148
20233,3110677,1373
20233,3110676,3229
20233,3110675,2502
20233,3110674,928
20233,3110673,3198
20233,3110672,577
20233,3110671,4438
20233,3110670,1139
20233,3110669,3009
20233,3110668,2955
20233,3110667,342
20233,3110666,575
20233,3110665,3820
20233,3110664,2711
20233,3110663,3610
20233,3110662,2449
20233,3110661,2696
20233,3110660,5671
20233,3110659,2715
20233,3110658,1523
20233,3110657,2768
20233,3110656,2663
20233,3110655,4335
20233,3110654,2842
20233,3110653,2493
20233,3110652,1325
20233,3110651,1766
20233,3110650,896
20233,3110649,1357
20233,3110648,2651
20233,3110647,4538
20233,3110646,4067
20233,3110645,1561
20233,3110644,151
20233,3110643,1282
20233,3110642,556
20233,3110641,988
20233,3110640,2563
20233,3110639,1111
20233,3110638,3667
20233,3110637,1985
20233,3110636,2192
20233,3110635,1694
20233,3110634,3186
20233,3110633,1844
20233,3110632,2907
20233,3110631,997
20233,3110630,1613
20233,3110629,1213
20233,3110628,1397
20233,3110627,10563
20233,3110626,2997
20233,3110625,10396
20233,3110624,347
20233,3110623,253
20233,3110622,2116
20233,3110621,746
20233,3110620,1426
20233,3110619,1299
20233,3110618,3002
20233,3110617,1495
20233,3110616,4245
20233,3110615,6475
20233,3110614,2761
20233,3110613,6545
20233,3110612,7578
20233,3110611,2988
20233,3110610,1050
20233,3110609,1224
20233,3110608,2528
20233,3110607,1039
20233,3110606,2733
20233,3110605,1044
20233,3110604,1970
20233,3110603,840
20233,3110602,2020
20233,3110601,1740
20233,3110600,2567
20233,3110599,1538
20233,3110598,2500
20233,3110597,2491
20233,3110596,1230
20233,3110595,2429
20233,3110594,440
20233,3110593,1657
20233,3110592,1494
20233,3110591,2183
20233,3110590,1191
20233,3110589,687
20233,3110588,2261
20233,3110587,4689
20233,3110586,7206
20233,3110585,1095
20233,3110584,876
20233,3110583,3827
20233,3110582,1092
20233,3110581,8323
20233,3110580,767
20233,3110579,5145
20233,3110578,2748
20233,3110577,6659
20233,3110576,2926
20233,3110575,1415
20233,3110574,1043
20233,3110573,1308
20233,3110572,3286
20233,3110571,1846
20233,3110570,1455
20233,3110569,3753
20233,3110568,372
20233,3110567,448
20233,3110566,5840
20233,3110565,2404
20233,3110564,3151
20233,3110563,1448
20233,3110562,2517
20233,3110561,2755
20233,3110560,3533
20233,3110559,3895
20233,3110558,4055
20233,3110557,4120
20233,3110556,670
20233,3110555,3964
20233,3110554,5552
20233,3110553,989
20233,3110552,2250
20233,3110551,3179
20233,3110550,5706
20233,3110549,1627
20233,3110548,4153
20233,3110547,5727
20233,3110546,1242
20233,3110545,2149
20233,3110544,6900
20233,3110543,1
20233,3110542,3702
20233,3110541,3247
20233,3110540,688
20233,3110539,10939
20233,3110538,5332
20233,3110537,5428
20233,3110536,2666
20233,3110535,859
20233,3110534,2031
20233,3110533,3547
20233,3110532,1219
20233,3110531,956
20233,3110530,904
20233,3110529,1836
20233,3110528,1941
20233,3110527,1883
20233,3110526,32
20233,3110525,1754
20233,3110524,70
20233,3110523,473
20233,3110522,1758
20233,3110521,1862
20233,3110520,1111
20233,3110519,1001
20233,3110518,1446
20233,3110517,2075
20233,3110516,985
20233,3110515,168
20233,3110514,1849
20233,3110513,2891
20233,3110512,1955
20233,3110511,3646
20233,3110510,901
20233,3110509,2678
20233,3110508,3407
20233,3110507,1653
20233,3110506,1580
20233,3110505,245
20233,3110504,175
20233,3110503,1116
20233,3110502,745
20233,3110501,828
20233,3110500,248
20233,3110499,234
20233,3110498,1700
20233,3110497,1006
20233,3110496,1072
20233,3110495,2148
20233,3110494,572
20233,3110493,351
20233,3110492,96
20233,3110491,174
20233,3110490,2161
20233,3110489,758
20233,3110488,2330
20233,3110487,1848
20233,3110486,2812
20233,3110485,874
20233,3110484,2491
20233,3110483,1062
20233,3110482,311
20233,3110481,2133
20233,3110480,1328
20233,3110479,2087
20233,3110478,2059
20233,3110477,2705
20233,3110476,230
20233,3110475,855
20233,3110474,1005
20233,3110473,2594
20233,3110472,2516
20233,3110471,1024
20233,3110470,866
20233,3110469,1565
20233,3110468,3198
20233,3110467,1204
20233,3110466,1375
20233,3110465,2839
20233,3110464,2748
20233,3110463,1030
20233,3110462,671
20233,3110461,1259
20233,3110460,3032
20233,3110459,2022
20233,3110458,1097
20233,3110457,2190
20233,3110456,1742
20233,3110455,1986
20233,3110454,1156
20233,3110453,1454
20233,3110452,1428
20233,3110451,1726
20233,3110450,1530
20233,3110449,1755
20233,3110448,275
20233,3110447,56
20233,3110446,439
20233,3110445,89
20233,3110444,765
20233,3110443,253
20233,3110442,122
20233,3110441,157
20233,3110440,152
20233,3110439,356
20233,3110438,1539
20233,3110437,454
20233,3110436,1424
20233,3110435,482
20233,3110434,2794
20233,3110433,3585
20233,3110432,532
20233,3110431,1486
20233,3110430,1309
20233,3110429,4406
20233,3110428,1279
20233,3110427,387
20233,3110426,757
20233,3110425,1480
20233,3110424,1039
20233,3110423,999
20233,3110422,705
20233,3110421,927
20233,3110420,685
20233,3110419,2842
20233,3110418,486
20233,3110417,73
20233,3110416,1568
20233,3110415,3270
20233,3110414,140
20233,3110413,567
20233,3110412,107
20233,3110411,973
20233,3110410,1882
20233,3110409,3647
20233,3110408,1991
20233,3110407,1286
20233,3110406,562
20233,3110405,2594
20233,3110404,1158
20233,3110403,2687
20233,3110402,1458
20233,3110401,2267
20233,3110400,2271
20233,3110399,1183
20233,3110398,1916
20233,3110397,1006
20233,3110396,1426
20233,3110395,1148
20233,3110394,2189
20233,3110393,1139
20233,3110392,248
20233,3110391,223
20233,3110390,1462
20233,3110389,512
20233,3110388,643
20233,3110387,352
20233,3110386,244
20233,3110385,46
20233,3110384,237
20233,3110383,419
20233,3110382,448
20233,3110381,236
20233,3110380,24
20233,3110379,282
20233,3110378,204
20233,3110377,839
20233,3110376,1840
20233,3110375,620
20233,3110374,558
20233,3110373,2140
20233,3110372,914
20233,3110371,658
20233,3110370,620
20233,3110369,2162
20233,3110368,209
20233,3110367,2644
20233,3110366,1078
20233,3110365,646
20233,3110364,748
20233,3110363,185
20233,3110362,885
20233,3110361,396
20233,3110360,2332
20233,3110359,2033
20233,3110358,2482
20233,3110357,1344
20233,3110356,870
20233,3110355,593
20233,3110354,453
20233,3110353,1244
20233,3110352,382
20233,3110351,900
20233,3110350,1071
20233,3110349,270
20233,3110348,1356
20233,3110347,61
20233,3110346,629
20233,3110345,556
20233,3110344,187
20233,3110343,1085
20233,3110342,384
20233,3110341,426
20233,3110340,938
20233,3110339,632
20233,3110338,454
20233,3110337,862
20233,3110336,547
20233,3110335,1513
20233,3110334,756
20233,3110333,1285
20233,3110332,956
20233,3110331,1495
20233,3110330,1170
20233,3110329,224
20233,3110328,959
20233,3110327,1019
20233,3110326,158
20233,3110325,246
20233,3110324,1301
20233,3110323,1524
20233,3110322,222
20233,3110321,732
20233,3110320,4431
20233,3110319,7377
20233,3110318,5507
20233,3110317,4604
20233,3110316,1898
20233,3110315,9874
20233,3110314,11123
20233,3110313,1939
20233,3110312,1030
20233,3110311,715
20233,3110310,825
20233,3110309,2061
20233,3110308,1985
20233,3110307,3082
20233,3110306,1349
20233,3110305,3015
20233,3110304,3978
20233,3110303,1317
20233,3110302,2778
20233,3110301,1149
20233,3110300,7151
20233,3110299,1579
20233,3110298,633
20233,3110297,10166
20233,3110296,3076
20233,3110295,1729
20233,3110294,1240
20233,3110293,8624
20233,3110292,780
20233,3110291,2342
20233,3110290,354
20233,3110289,1055
20233,3110288,9174
20233,3110287,162
20233,3110286,9447
20233,3110285,4856
20233,3110284,263
20233,3110283,3603
20233,3110282,202
20233,3110281,1907
20233,3110280,1812
20233,3110279,389
20233,3110278,962
20233,3110277,1188
20233,3110276,519
20233,3110275,1175
20233,3110274,719
20233,3110273,1270
20233,3110272,1960
20233,3110271,520
20233,3110270,417
20233,3110269,710
20233,3110268,626
20233,3110267,1397
20233,3110266,1111
20233,3110265,3611
20233,3110264,1196
20233,3110263,1723
20233,3110262,2882
20233,3110261,1494
20233,3110260,1307
20233,3110259,1239
20233,3110258,857
20233,3110257,1934
20233,3110256,2289
20233,3110255,3243
20233,3110254,933
20233,3110253,941
20233,3110252,1213
20233,3110251,789
20233,3110250,629
20233,3110249,1603
20233,3110248,276
20233,3110247,1573
20233,3110246,1484
20233,3110245,617
20233,3110244,1123
20233,3110243,1029
20233,3110242,819
20233,3110241,2142
20233,3110240,238
20233,3110239,116
20233,3110238,409
20233,3110237,1403
20233,3110236,1597
20233,3110235,114
20233,3110234,1207
20233,3110233,879
20233,3110232,2519
20233,3110231,282
20233,3110230,3179
20233,3110229,5742
20233,3110228,4456
20233,3110227,1522
20233,3110226,7290
20233,3110225,1449
20233,3110224,504
20233,3110223,4595
20233,3110222,675
20233,3110221,722
20233,3110220,920
20233,3110219,1432
20233,3110218,1916
20233,3110217,2770
20233,3110216,536
20233,3110215,1074
20233,3110214,875
20233,3110213,497
20233,3110212,1912
20233,3110211,1010
20233,3110210,1050
20233,3110209,570
20233,3110208,515
20233,3110207,1217
20233,3110206,452
20233,3110205,441
20233,3110204,945
20233,3110203,993
20233,3110202,422
20233,3110201,151
20233,3110200,975
20233,3110199,1698
20233,3110198,1862
20233,3110197,86
20233,3110196,374
20233,3110195,3484
20233,3110194,1802
20233,3110193,494
20233,3110192,3067
20233,3110191,557
20233,3110190,822
20233,3110189,2699
20233,3110188,5889
20233,3110187,6375
20233,3110186,834
20233,3110185,6194
20233,3110184,4678
20233,3110183,3722
20233,3110182,3012
20233,3110181,9876
20233,3110180,6308
20233,3110179,1759
20233,3110178,1759
20233,3110177,98
20233,3110176,2394
20233,3110175,4430
20233,3110174,3296
20233,3110173,2455
20233,3110172,2395
20233,3110171,1612
20233,3110170,3177
20233,3110169,3367
20233,3110168,883
20233,3110167,3559
20233,3110166,4412
20233,3110165,1493
20233,3110164,2098
20233,3110163,2489
20233,3110162,2229
20233,3110161,1266
20233,3110160,942
20233,3110159,9539
20233,3110158,1503
20233,3110157,2675
20233,3110156,2598
20233,3110155,5816
20233,3110154,4528
20233,3110153,2989
20233,3110152,1459
20233,3110151,2957
20233,3110150,3438
20233,3110149,738
20233,3110148,204
20233,3110147,1459
20233,3110146,1563
20233,3110145,308
20233,3110144,350
20233,3110143,240
20233,3110142,2328
20233,3110141,1810
20233,3110140,4204
20233,3110139,709
20233,3110138,1229
20233,3110137,13069
20233,3110136,12360
20233,3110135,5477
20233,3110134,2631
20233,3110133,2771
20233,3110132,4011
20233,3110131,12923
20233,3110130,657
20233,3110129,4111
20233,3110128,2553
20233,3110127,3242
20233,3110126,2545
20233,3110125,289
20233,3110124,2191
20233,3110123,1614
20233,3110122,1616
20233,3110121,113
20233,3110120,240
20233,3110119,1512
20233,3110118,858
20233,3110117,2515
20233,3110116,4753
20233,3110115,2601
20233,3110114,1276
20233,3110113,496
20233,3110112,1093
20233,3110111,158
20233,3110110,830
20233,3110109,1577
20233,3110108,809
20233,3110107,1230
20233,3110106,473
20233,3110105,1652
20233,3110104,288
20233,3110103,772
20233,3110102,1167
20233,3110101,913
20233,3110100,913
20233,3110099,9100
20233,3110098,9039
20233,3110097,5934
20233,3110096,2185
20233,3110095,20865
20233,3110094,172
20233,3110093,23133
20233,3110092,1301
20233,3110091,20767
20233,3110090,2777
20233,3110089,5476
20233,3110088,4137
20233,3110087,14418
20233,3110086,18201
20233,3110085,3112
20233,3110084,1013
20233,3110083,5240
20233,3110082,16995
20233,3110081,724
20233,3110080,1047
20233,3110079,10647
20233,3110078,741
20233,3110077,2477
20233,3110076,1851
20233,3110075,8720
20233,3110074,10102
20233,3110073,7622
20233,3110072,908
20233,3110071,2034
20233,3110070,152
20233,3110069,5263
20233,3110068,6431
20233,3110067,3772
20233,3110066,2029
20233,3110065,2540
20233,3110064,3279
20233,3110063,4761
20233,3110062,13468
20233,3110061,1740
20233,3110060,3325
20233,3110059,2315
20233,3110058,5418
20233,3110057,656
20233,3110056,1410
20233,3110055,590
20233,3110054,9244
20233,3110053,1753
20233,3110052,5527
20233,3110051,3989
20233,3110050,12675
20233,3110049,10101
20233,3110048,9199
20233,3110047,12519
20233,3110046,4887
20233,3110045,13800
20233,3110044,8915
20233,3110043,10499
20233,3110042,3299
20233,3110041,5469
20233,3110040,6280
20233,3110039,21065
20233,3110038,8843
20233,3110037,2171
20233,3110036,1299
20233,3110035,1872
20233,3110034,1687
20233,3110033,325
20233,3110032,2230
20233,3110031,228
20233,3110030,1348
20233,3110029,1930
20233,3110028,4534
20233,3110027,1573
20233,3110026,6267
20233,3110025,4440
20233,3110024,4266
20233,3110023,585
20233,3110022,4360
20233,3110021,3021
20233,3110020,1917
20233,3110019,5058
20233,3110018,10923
20233,3110017,3536
20233,3110016,5619
20233,3110015,4460
20233,3110014,1710
20233,3110013,3798
20233,3110012,22142
20233,3110011,569
20233,3110010,6039
20233,3110009,392
20233,3110008,5744
20233,3110007,1424
20233,3110006,243
20233,3110005,1363
20233,3110004,170
20233,3110003,3605
20233,3110002,470
20233,3110001,3778
20232,3111090,156
20232,3111089,1573
20232,3111088,576
20232,3111087,311
20232,3111086,477
20232,3111085,812
20232,3111084,505
20232,3111083,1393
20232,3111082,295
20232,3111081,883
20232,3111080,3347
20232,3111079,922
20232,3111078,3800
20232,3111077,6667
20232,3111076,2483
20232,3111075,2836
20232,3111074,1223
20232,3111073,4732
20232,3111072,2022
20232,3111071,1959
20232,3111070,995
20232,3111069,1091
20232,3111068,3806
20232,3111067,6166
20232,3111066,1053
20232,3111065,432
20232,3111064,2258
20232,3111063,603
20232,3111062,2905
20232,3111061,4068
20232,3111060,3112
20232,3111059,4098
20232,3111058,1955
20232,3111057,728
20232,3111056,1491
20232,3111055,1249
20232,3111054,2151
20232,3111053,9520
20232,3111052,2115
20232,3111051,2931
20232,3111050,4842
20232,3111049,1189
20232,3111048,1144
20232,3111047,501
20232,3111046,2087
20232,3111045,957
20232,3111044,1817
20232,3111043,1263
20232,3111042,4763
20232,3111041,1484
20232,3111040,1940
20232,3111039,3815
20232,3111038,3031
20232,3111037,2095
20232,3111036,1452
20232,3111035,3548
20232,3111034,5163
20232,3111033,1394
20232,3111032,13092
20232,3111031,5030
20232,3111030,10597
20232,3111029,4920
20232,3111028,4120
20232,3111027,27852
20232,3111026,21644
20232,3111025,8648
20232,3111024,17474
20232,3111023,24260
20232,3111022,8456
20232,3111021,10767
20232,3111020,726
20232,3111019,14797
20232,3111018,180
20232,3111017,4077
20232,3111016,4757
20232,3111015,11900
20232,3111014,15687
20232,3111013,18561
20232,3111012,4872
20232,3111011,4925
20232,3111010,9271
20232,3111009,797
20232,3111008,2793
20232,3111007,2558
20232,3111006,4065
20232,3111005,2375
20232,3111004,8220
20232,3111003,4832
20232,3111002,63
20232,3111001,76
20232,3111000,30
20232,3110999,142
20232,3110998,107
20232,3110997,1226
20232,3110996,11240
20232,3110995,14482
20232,3110994,3868
20232,3110993,522
20232,3110992,20346
20232,3110991,52228
20232,3110990,10067
20232,3110989,13186
20232,3110988,10377
20232,3110987,6564
20232,3110986,10444
20232,3110985,14673
20232,3110984,3559
20232,3110983,3675
20232,3110982,4014
20232,3110981,6506
20232,3110980,15686
20232,3110979,8834
20232,3110978,38497
20232,3110977,11981
20232,3110976,12552
20232,3110975,29732
20232,3110974,10044
20232,3110973,11196
20232,3110972,14661
20232,3110971,24667
20232,3110970,9287
20232,3110969,32978
20232,3110968,14596
20232,3110967,21478
20232,3110966,21992
20232,3110965,12551
20232,3110964,12997
20232,3110963,23280
20232,3110962,9934
20232,3110961,19360
20232,3110960,19019
20232,3110959,9431
20232,3110958,18329
20232,3110957,20208
20232,3110956,9423
20232,3110955,18556
20232,3110954,11304
20232,3110953,17052
20232,3110952,6560
20232,3110951,12501
20232,3110950,13882
20232,3110949,9158
20232,3110948,55
20232,3110947,546
20232,3110946,458
20232,3110945,117
20232,3110944,457
20232,3110943,6446
20232,3110942,11540
20232,3110941,5190
20232,3110940,9910
20232,3110939,47896
20232,3110938,5765
20232,3110937,7519
20232,3110936,5784
20232,3110935,5014
20232,3110934,571
20232,3110933,4655
20232,3110932,4898
20232,3110931,73
20232,3110930,9013
20232,3110929,26314
20232,3110928,14444
20232,3110927,268
20232,3110926,9598
20232,3110925,5942
20232,3110924,9214
20232,3110923,7784
20232,3110922,13270
20232,3110921,10569
20232,3110920,8661
20232,3110919,11523
20232,3110918,7916
20232,3110917,4455
20232,3110916,16683
20232,3110915,4497
20232,3110914,9468
20232,3110913,7044
20232,3110912,2786
20232,3110911,6825
20232,3110910,9117
20232,3110909,494
20232,3110908,10981
20232,3110907,9783
20232,3110906,3221
20232,3110905,3951
20232,3110904,6370
20232,3110903,9526
20232,3110902,4490
20232,3110901,1009
20232,3110900,2129
20232,3110899,1369
20232,3110898,229
20232,3110897,4526
20232,3110896,977
20232,3110895,8000
20232,3110894,291
20232,3110893,1232
20232,3110892,5567
20232,3110891,1351
20232,3110890,1787
20232,3110889,254
20232,3110888,1055
20232,3110887,402
20232,3110886,903
20232,3110885,1126
20232,3110884,1262
20232,3110883,1257
20232,3110882,2016
20232,3110881,1229
20232,3110880,1524
20232,3110879,1306
20232,3110878,291
20232,3110877,2379
20232,3110876,522
20232,3110875,735
20232,3110874,819
20232,3110873,4102
20232,3110872,145
20232,3110871,1196
20232,3110870,63
20232,3110869,4722
20232,3110868,2015
20232,3110867,2231
20232,3110866,676
20232,3110865,1728
20232,3110864,1347
20232,3110863,1761
20232,3110862,1327
20232,3110861,4708
20232,3110860,3122
20232,3110859,676
20232,3110858,1420
20232,3110857,1536
20232,3110856,2720
20232,3110855,4190
20232,3110854,1512
20232,3110853,4113
20232,3110852,4327
20232,3110851,3050
20232,3110850,7232
20232,3110849,3283
20232,3110848,2430
20232,3110847,1804
20232,3110846,2885
20232,3110845,188
20232,3110844,7
20232,3110843,1389
20232,3110842,40
20232,3110841,28
20232,3110840,72
20232,3110839,1032
20232,3110838,828
20232,3110837,1705
20232,3110836,1702
20232,3110835,1010
20232,3110834,192
20232,3110833,654
20232,3110832,3979
20232,3110831,364
20232,3110830,677
20232,3110829,1318
20232,3110828,4268
20232,3110827,1313
20232,3110826,1424
20232,3110825,1791
20232,3110824,2019
20232,3110823,8391
20232,3110822,4354
20232,3110821,6329
20232,3110820,2348
20232,3110819,3977
20232,3110818,2124
20232,3110817,3100
20232,3110816,2499
20232,3110815,4814
20232,3110814,3912
20232,3110813,4489
20232,3110812,2796
20232,3110811,3127
20232,3110810,2986
20232,3110809,1804
20232,3110808,785
20232,3110807,855
20232,3110806,1826
20232,3110805,222
20232,3110804,1517
20232,3110803,2020
20232,3110802,1487
20232,3110801,88
20232,3110800,3904
20232,3110799,782
20232,3110798,892
20232,3110797,259
20232,3110796,2655
20232,3110795,1292
20232,3110794,5225
20232,3110793,443
20232,3110792,3995
20232,3110791,818
20232,3110790,1297
20232,3110789,2526
20232,3110788,1510
20232,3110787,654
20232,3110786,2748
20232,3110785,613
20232,3110784,1216
20232,3110783,3121
20232,3110782,2342
20232,3110781,1653
20232,3110780,1100
20232,3110779,280
20232,3110778,9112
20232,3110777,23927
20232,3110776,3590
20232,3110775,2234
20232,3110774,5738
20232,3110773,2816
20232,3110772,1858
20232,3110771,2790
20232,3110770,3173
20232,3110769,1908
20232,3110768,304
20232,3110767,2779
20232,3110766,4498
20232,3110765,10750
20232,3110764,1290
20232,3110763,6892
20232,3110762,10783
20232,3110761,4296
20232,3110760,10088
20232,3110759,37983
20232,3110758,1151
20232,3110757,1971
20232,3110756,1957
20232,3110755,1846
20232,3110754,1681
20232,3110753,1962
20232,3110752,1610
20232,3110751,2034
20232,3110750,1479
20232,3110749,1364
20232,3110748,935
20232,3110747,645
20232,3110746,1482
20232,3110745,1035
20232,3110744,1963
20232,3110743,2364
20232,3110742,718
20232,3110741,1805
20232,3110740,2658
20232,3110739,1029
20232,3110738,3181
20232,3110737,2321
20232,3110736,3335
20232,3110735,2465
20232,3110734,2452
20232,3110733,958
20232,3110732,3266
20232,3110731,3093
20232,3110730,2972
20232,3110729,3238
20232,3110728,3291
20232,3110727,1383
20232,3110726,163
20232,3110725,2001
20232,3110724,10248
20232,3110723,7074
20232,3110722,22147
20232,3110721,14180
20232,3110720,1687
20232,3110719,10565
20232,3110718,6139
20232,3110717,20131
20232,3110716,1549
20232,3110715,2198
20232,3110714,1864
20232,3110713,5673
20232,3110712,1635
20232,3110711,2438
20232,3110710,12384
20232,3110709,607
20232,3110708,1175
20232,3110707,2319
20232,3110706,1808
20232,3110705,1199
20232,3110704,411
20232,3110703,4684
20232,3110702,4680
20232,3110701,993
20232,3110700,1704
20232,3110699,673
20232,3110698,4795
20232,3110697,635
20232,3110696,3286
20232,3110695,3054
20232,3110694,3302
20232,3110693,2236
20232,3110692,2343
20232,3110691,2050
20232,3110690,2781
20232,3110689,3813
20232,3110688,1497
20232,3110687,169
20232,3110686,826
20232,3110685,41
20232,3110684,223
20232,3110683,207
20232,3110682,256
20232,3110681,521
20232,3110680,891
20232,3110679,2368
20232,3110678,1148
20232,3110677,1373
20232,3110676,3229
20232,3110675,2502
20232,3110674,928
20232,3110673,3198
20232,3110672,577
20232,3110671,4438
20232,3110670,1139
20232,3110669,3009
20232,3110668,2955
20232,3110667,342
20232,3110666,575
20232,3110665,3820
20232,3110664,2711
20232,3110663,3610
20232,3110662,2449
20232,3110661,2696
20232,3110660,5671
20232,3110659,2715
20232,3110658,1523
20232,3110657,2768
20232,3110656,2663
20232,3110655,4335
20232,3110654,2842
20232,3110653,2493
20232,3110652,1325
20232,3110651,1766
20232,3110650,896
20232,3110649,1357
20232,3110648,2651
20232,3110647,4538
20232,3110646,4067
20232,3110645,1561
20232,3110644,151
20232,3110643,1282
20232,3110642,556
20232,3110641,988
20232,3110640,2563
20232,3110639,1111
20232,3110638,3667
20232,3110637,1985
20232,3110636,2192
20232,3110635,1694
20232,3110634,3186
20232,3110633,1844
20232,3110632,2907
20232,3110631,997
20232,3110630,1613
20232,3110629,1213
20232,3110628,1397
20232,3110627,10563
20232,3110626,2997
20232,3110625,10396
20232,3110624,347
20232,3110623,253
20232,3110622,2116
20232,3110621,746
20232,3110620,1426
20232,3110619,1299
20232,3110618,3002
20232,3110617,1495
20232,3110616,4245
20232,3110615,6475
20232,3110614,2761
20232,3110613,6545
20232,3110612,7578
20232,3110611,2988
20232,3110610,1050
20232,3110609,1224
20232,3110608,2528
20232,3110607,1039
20232,3110606,2733
20232,3110605,1044
20232,3110604,1970
20232,3110603,840
20232,3110602,2020
20232,3110601,1740
20232,3110600,2567
20232,3110599,1538
20232,3110598,2500
20232,3110597,2491
20232,3110596,1230
20232,3110595,2429
20232,3110594,440
20232,3110593,1657
20232,3110592,1494
20232,3110591,2183
20232,3110590,1191
20232,3110589,687
20232,3110588,2261
20232,3110587,4689
20232,3110586,7206
20232,3110585,1095
20232,3110584,876
20232,3110583,3827
20232,3110582,1092
20232,3110581,8323
20232,3110580,767
20232,3110579,5145
20232,3110578,2748
20232,3110577,6659
20232,3110576,2926
20232,3110575,1415
20232,3110574,1043
20232,3110573,1308
20232,3110572,3286
20232,3110571,1846
20232,3110570,1455
20232,3110569,3753
20232,3110568,372
20232,3110567,448
20232,3110566,5840
20232,3110565,2404
20232,3110564,3151
20232,3110563,1448
20232,3110562,2517
20232,3110561,2755
20232,3110560,3533
20232,3110559,3895
20232,3110558,4055
20232,3110557,4120
20232,3110556,670
20232,3110555,3964
20232,3110554,5552
20232,3110553,989
20232,3110552,2250
20232,3110551,3179
20232,3110550,5706
20232,3110549,1627
20232,3110548,4153
20232,3110547,5727
20232,3110546,1242
20232,3110545,2149
20232,3110544,6900
20232,3110543,1
20232,3110542,3702
20232,3110541,3247
20232,3110540,688
20232,3110539,10939
20232,3110538,5332
20232,3110537,5428
20232,3110536,2666
20232,3110535,859
20232,3110534,2031
20232,3110533,3547
20232,3110532,1219
20232,3110531,956
20232,3110530,904
20232,3110529,1836
20232,3110528,1941
20232,3110527,1883
20232,3110526,32
20232,3110525,1754
20232,3110524,70
20232,3110523,473
20232,3110522,1758
20232,3110521,1862
20232,3110520,1111
20232,3110519,1001
20232,3110518,1446
20232,3110517,2075
20232,3110516,985
20232,3110515,168
20232,3110514,1849
20232,3110513,2891
20232,3110512,1955
20232,3110511,3646
20232,3110510,901
20232,3110509,2678
20232,3110508,3407
20232,3110507,1653
20232,3110506,1580
20232,3110505,245
20232,3110504,175
20232,3110503,1116
20232,3110502,745
20232,3110501,828
20232,3110500,248
20232,3110499,234
20232,3110498,1700
20232,3110497,1006
20232,3110496,1072
20232,3110495,2148
20232,3110494,572
20232,3110493,351
20232,3110492,96
20232,3110491,174
20232,3110490,2161
20232,3110489,758
20232,3110488,2330
20232,3110487,1848
20232,3110486,2812
20232,3110485,874
20232,3110484,2491
20232,3110483,1062
20232,3110482,311
20232,3110481,2133
20232,3110480,1328
20232,3110479,2087
20232,3110478,2059
20232,3110477,2705
20232,3110476,230
20232,3110475,855
20232,3110474,1005
20232,3110473,2594
20232,3110472,2516
20232,3110471,1024
20232,3110470,866
20232,3110469,1565
20232,3110468,3198
20232,3110467,1204
20232,3110466,1375
20232,3110465,2839
20232,3110464,2748
20232,3110463,1030
20232,3110462,671
20232,3110461,1259
20232,3110460,3032
20232,3110459,2022
20232,3110458,1097
20232,3110457,2190
20232,3110456,1742
20232,3110455,1986
20232,3110454,1156
20232,3110453,1454
20232,3110452,1428
20232,3110451,1726
20232,3110450,1530
20232,3110449,1755
20232,3110448,275
20232,3110447,56
20232,3110446,439
20232,3110445,89
20232,3110444,765
20232,3110443,253
20232,3110442,122
20232,3110441,157
20232,3110440,152
20232,3110439,356
20232,3110438,1539
20232,3110437,454
20232,3110436,1424
20232,3110435,482
20232,3110434,2794
20232,3110433,3585
20232,3110432,532
20232,3110431,1486
20232,3110430,1309
20232,3110429,4406
20232,3110428,1279
20232,3110427,387
20232,3110426,757
20232,3110425,1480
20232,3110424,1039
20232,3110423,999
20232,3110422,705
20232,3110421,927
20232,3110420,685
20232,3110419,2842
20232,3110418,486
20232,3110417,73
20232,3110416,1568
20232,3110415,3270
20232,3110414,140
20232,3110413,567
20232,3110412,107
20232,3110411,973
20232,3110410,1882
20232,3110409,3647
20232,3110408,1991
20232,3110407,1286
20232,3110406,562
20232,3110405,2594
20232,3110404,1158
20232,3110403,2687
20232,3110402,1458
20232,3110401,2267
20232,3110400,2271
20232,3110399,1183
20232,3110398,1916
20232,3110397,1006
20232,3110396,1426
20232,3110395,1148
20232,3110394,2189
20232,3110393,1139
20232,3110392,248
20232,3110391,223
20232,3110390,1462
20232,3110389,512
20232,3110388,643
20232,3110387,352
20232,3110386,244
20232,3110385,46
20232,3110384,237
20232,3110383,419
20232,3110382,448
20232,3110381,236
20232,3110380,24
20232,3110379,282
20232,3110378,204
20232,3110377,839
20232,3110376,1840
20232,3110375,620
20232,3110374,558
20232,3110373,2140
20232,3110372,914
20232,3110371,658
20232,3110370,620
20232,3110369,2162
20232,3110368,209
20232,3110367,2644
20232,3110366,1078
20232,3110365,646
20232,3110364,748
20232,3110363,185
20232,3110362,885
20232,3110361,396
20232,3110360,2332
20232,3110359,2033
20232,3110358,2482
20232,3110357,1344
20232,3110356,870
20232,3110355,593
20232,3110354,453
20232,3110353,1244
20232,3110352,382
20232,3110351,900
20232,3110350,1071
20232,3110349,270
20232,3110348,1356
20232,3110347,61
20232,3110346,629
20232,3110345,556
20232,3110344,187
20232,3110343,1085
20232,3110342,384
20232,3110341,426
20232,3110340,938
20232,3110339,632
20232,3110338,454
20232,3110337,862
20232,3110336,547
20232,3110335,1513
20232,3110334,756
20232,3110333,1285
20232,3110332,956
20232,3110331,1495
20232,3110330,1170
20232,3110329,224
20232,3110328,959
20232,3110327,1019
20232,3110326,158
20232,3110325,246
20232,3110324,1301
20232,3110323,1524
20232,3110322,222
20232,3110321,732
20232,3110320,4431
20232,3110319,7377
20232,3110318,5507
20232,3110317,4604
20232,3110316,1898
20232,3110315,9874
20232,3110314,11123
20232,3110313,1939
20232,3110312,1030
20232,3110311,715
20232,3110310,825
20232,3110309,2061
20232,3110308,1985
20232,3110307,3082
20232,3110306,1349
20232,3110305,3015
20232,3110304,3978
20232,3110303,1317
20232,3110302,2778
20232,3110301,1149
20232,3110300,7151
20232,3110299,1579
20232,3110298,633
20232,3110297,10166
20232,3110296,3076
20232,3110295,1729
20232,3110294,1240
20232,3110293,8624
20232,3110292,780
20232,3110291,2342
20232,3110290,354
20232,3110289,1055
20232,3110288,9174
20232,3110287,162
20232,3110286,9447
20232,3110285,4856
20232,3110284,263
20232,3110283,3603
20232,3110282,202
20232,3110281,1907
20232,3110280,1812
20232,3110279,389
20232,3110278,962
20232,3110277,1188
20232,3110276,519
20232,3110275,1175
20232,3110274,719
20232,3110273,1270
20232,3110272,1960
20232,3110271,520
20232,3110270,417
20232,3110269,710
20232,3110268,626
20232,3110267,1397
20232,3110266,1111
20232,3110265,3611
20232,3110264,1196
20232,3110263,1723
20232,3110262,2882
20232,3110261,1494
20232,3110260,1307
20232,3110259,1239
20232,3110258,857
20232,3110257,1934
20232,3110256,2289
20232,3110255,3243
20232,3110254,933
20232,3110253,941
20232,3110252,1213
20232,3110251,789
20232,3110250,629
20232,3110249,1603
20232,3110248,276
20232,3110247,1573
20232,3110246,1484
20232,3110245,617
20232,3110244,1123
20232,3110243,1029
20232,3110242,819
20232,3110241,2142
20232,3110240,238
20232,3110239,116
20232,3110238,409
20232,3110237,1403
20232,3110236,1597
20232,3110235,114
20232,3110234,1207
20232,3110233,879
20232,3110232,2519
20232,3110231,282
20232,3110230,3179
20232,3110229,5742
20232,3110228,4456
20232,3110227,1522
20232,3110226,7290
20232,3110225,1449
20232,3110224,504
20232,3110223,4595
20232,3110222,675
20232,3110221,722
20232,3110220,920
20232,3110219,1432
20232,3110218,1916
20232,3110217,2770
20232,3110216,536
20232,3110215,1074
20232,3110214,875
20232,3110213,497
20232,3110212,1912
20232,3110211,1010
20232,3110210,1050
20232,3110209,570
20232,3110208,515
20232,3110207,1217
20232,3110206,452
20232,3110205,441
20232,3110204,945
20232,3110203,993
20232,3110202,422
20232,3110201,151
20232,3110200,975
20232,3110199,1698
20232,3110198,1862
20232,3110197,86
20232,3110196,374
20232,3110195,3484
20232,3110194,1802
20232,3110193,494
20232,3110192,3067
20232,3110191,557
20232,3110190,822
20232,3110189,2699
20232,3110188,5889
20232,3110187,6375
20232,3110186,834
20232,3110185,6194
20232,3110184,4678
20232,3110183,3722
20232,3110182,3012
20232,3110181,9876
20232,3110180,6308
20232,3110179,1759
20232,3110178,1759
20232,3110177,98
20232,3110176,2394
20232,3110175,4430
20232,3110174,3296
20232,3110173,2455
20232,3110172,2395
20232,3110171,1612
20232,3110170,3177
20232,3110169,3367
20232,3110168,883
20232,3110167,3559
20232,3110166,4412
20232,3110165,1493
20232,3110164,2098
20232,3110163,2489
20232,3110162,2229
20232,3110161,1266
20232,3110160,942
20232,3110159,9539
20232,3110158,1503
20232,3110157,2675
20232,3110156,2598
20232,3110155,5816
20232,3110154,4528
20232,3110153,2989
20232,3110152,1459
20232,3110151,2957
20232,3110150,3438
20232,3110149,738
20232,3110148,204
20232,3110147,1459
20232,3110146,1563
20232,3110145,308
20232,3110144,350
20232,3110143,240
20232,3110142,2328
20232,3110141,1810
20232,3110140,4204
20232,3110139,709
20232,3110138,1229
20232,3110137,13069
20232,3110136,12360
20232,3110135,5477
20232,3110134,2631
20232,3110133,2771
20232,3110132,4011
20232,3110131,12923
20232,3110130,657
20232,3110129,4111
20232,3110128,2553
20232,3110127,3242
20232,3110126,2545
20232,3110125,289
20232,3110124,2191
20232,3110123,1614
20232,3110122,1616
20232,3110121,113
20232,3110120,240
20232,3110119,1512
20232,3110118,858
20232,3110117,2515
20232,3110116,4753
20232,3110115,2601
20232,3110114,1276
20232,3110113,496
20232,3110112,1093
20232,3110111,158
20232,3110110,830
20232,3110109,1577
20232,3110108,809
20232,3110107,1230
20232,3110106,473
20232,3110105,1652
20232,3110104,288
20232,3110103,772
20232,3110102,1167
20232,3110101,913
20232,3110100,913
20232,3110099,9100
20232,3110098,9039
20232,3110097,5934
20232,3110096,2185
20232,3110095,20865
20232,3110094,172
20232,3110093,23133
20232,3110092,1301
20232,3110091,20767
20232,3110090,2777
20232,3110089,5476
20232,3110088,4137
20232,3110087,14418
20232,3110086,18201
20232,3110085,3112
20232,3110084,1013
20232,3110083,5240
20232,3110082,16995
20232,3110081,724
20232,3110080,1047
20232,3110079,10647
20232,3110078,741
20232,3110077,2477
20232,3110076,1851
20232,3110075,8720
20232,3110074,10102
20232,3110073,7622
20232,3110072,908
20232,3110071,2034
20232,3110070,152
20232,3110069,5263
20232,3110068,6431
20232,3110067,3772
20232,3110066,2029
20232,3110065,2540
20232,3110064,3279
20232,3110063,4761
20232,3110062,13468
20232,3110061,1740
20232,3110060,3325
20232,3110059,2315
20232,3110058,5418
20232,3110057,656
20232,3110056,1410
20232,3110055,590
20232,3110054,9244
20232,3110053,1753
20232,3110052,5527
20232,3110051,3989
20232,3110050,12675
20232,3110049,10101
20232,3110048,9199
20232,3110047,12519
20232,3110046,4887
20232,3110045,13800
20232,3110044,8915
20232,3110043,10499
20232,3110042,3299
20232,3110041,5469
20232,3110040,6280
20232,3110039,21065
20232,3110038,8843
20232,3110037,2171
20232,3110036,1299
20232,3110035,1872
20232,3110034,1687
20232,3110033,325
20232,3110032,2230
20232,3110031,228
20232,3110030,1348
20232,3110029,1930
20232,3110028,4534
20232,3110027,1573
20232,3110026,6267
20232,3110025,4440
20232,3110024,4266
20232,3110023,585
20232,3110022,4360
20232,3110021,3021
20232,3110020,1917
20232,3110019,5058
20232,3110018,10923
20232,3110017,3536
20232,3110016,5619
20232,3110015,4460
20232,3110014,1710
20232,3110013,3798
20232,3110012,22142
20232,3110011,569
20232,3110010,6039
20232,3110009,392
20232,3110008,5744
20232,3110007,1424
20232,3110006,243
20232,3110005,1363
20232,3110004,170
20232,3110003,3605
20232,3110002,470
20232,3110001,3778
20231,3111090,156
20231,3111089,1573
20231,3111088,576
20231,3111087,311
20231,3111086,477
20231,3111085,812
20231,3111084,505
20231,3111083,1393
20231,3111082,295
20231,3111081,883
20231,3111080,3347
20231,3111079,922
20231,3111078,3800
20231,3111077,6667
20231,3111076,2483
20231,3111075,2836
20231,3111074,1223
20231,3111073,4732
20231,3111072,2022
20231,3111071,1959
20231,3111070,995
20231,3111069,1091
20231,3111068,3806
20231,3111067,6166
20231,3111066,1053
20231,3111065,432
20231,3111064,2258
20231,3111063,603
20231,3111062,2905
20231,3111061,4068
20231,3111060,3112
20231,3111059,4098
20231,3111058,1955
20231,3111057,728
20231,3111056,1491
20231,3111055,1249
20231,3111054,2151
20231,3111053,9520
20231,3111052,2115
20231,3111051,2931
20231,3111050,4842
20231,3111049,1189
20231,3111048,1144
20231,3111047,501
20231,3111046,2087
20231,3111045,957
20231,3111044,1817
20231,3111043,1263
20231,3111042,4763
20231,3111041,1484
20231,3111040,1940
20231,3111039,3815
20231,3111038,3031
20231,3111037,2095
20231,3111036,1452
20231,3111035,3548
20231,3111034,5163
20231,3111033,1394
20231,3111032,13092
20231,3111031,5030
20231,3111030,10597
20231,3111029,4920
20231,3111028,4120
20231,3111027,27852
20231,3111026,21644
20231,3111025,8648
20231,3111024,17474
20231,3111023,24260
20231,3111022,8456
20231,3111021,10767
20231,3111020,726
20231,3111019,14797
20231,3111018,180
20231,3111017,4077
20231,3111016,4757
20231,3111015,11900
20231,3111014,15687
20231,3111013,18561
20231,3111012,4872
20231,3111011,4925
20231,3111010,9271
20231,3111009,797
20231,3111008,2793
20231,3111007,2558
20231,3111006,4065
20231,3111005,2375
20231,3111004,8220
20231,3111003,4832
20231,3111002,63
20231,3111001,76
20231,3111000,30
20231,3110999,142
20231,3110998,107
20231,3110997,1226
20231,3110996,11240
20231,3110995,14482
20231,3110994,3868
20231,3110993,522
20231,3110992,20346
20231,3110991,52228
20231,3110990,10067
20231,3110989,13186
20231,3110988,10377
20231,3110987,6564
20231,3110986,10444
20231,3110985,14673
20231,3110984,3559
20231,3110983,3675
20231,3110982,4014
20231,3110981,6506
20231,3110980,15686
20231,3110979,8834
20231,3110978,38497
20231,3110977,11981
20231,3110976,12552
20231,3110975,29732
20231,3110974,10044
20231,3110973,11196
20231,3110972,14661
20231,3110971,24667
20231,3110970,9287
20231,3110969,32978
20231,3110968,14596
20231,3110967,21478
20231,3110966,21992
20231,3110965,12551
20231,3110964,12997
20231,3110963,23280
20231,3110962,9934
20231,3110961,19360
20231,3110960,19019
20231,3110959,9431
20231,3110958,18329
20231,3110957,20208
20231,3110956,9423
20231,3110955,18556
20231,3110954,11304
20231,3110953,17052
20231,3110952,6560
20231,3110951,12501
20231,3110950,13882
20231,3110949,9158
20231,3110948,55
20231,3110947,546
20231,3110946,458
20231,3110945,117
20231,3110944,457
20231,3110943,6446
20231,3110942,11540
20231,3110941,5190
20231,3110940,9910
20231,3110939,47896
20231,3110938,5765
20231,3110937,7519
20231,3110936,5784
20231,3110935,5014
20231,3110934,571
20231,3110933,4655
20231,3110932,4898
20231,3110931,73
20231,3110930,9013
20231,3110929,26314
20231,3110928,14444
20231,3110927,268
20231,3110926,9598
20231,3110925,5942
20231,3110924,9214
20231,3110923,7784
20231,3110922,13270
20231,3110921,10569
20231,3110920,8661
20231,3110919,11523
20231,3110918,7916
20231,3110917,4455
20231,3110916,16683
20231,3110915,4497
20231,3110914,9468
20231,3110913,7044
20231,3110912,2786
20231,3110911,6825
20231,3110910,9117
20231,3110909,494
20231,3110908,10981
20231,3110907,9783
20231,3110906,3221
20231,3110905,3951
20231,3110904,6370
20231,3110903,9526
20231,3110902,4490
20231,3110901,1009
20231,3110900,2129
20231,3110899,1369
20231,3110898,229
20231,3110897,4526
20231,3110896,977
20231,3110895,8000
20231,3110894,291
20231,3110893,1232
20231,3110892,5567
20231,3110891,1351
20231,3110890,1787
20231,3110889,254
20231,3110888,1055
20231,3110887,402
20231,3110886,903
20231,3110885,1126
20231,3110884,1262
20231,3110883,1257
20231,3110882,2016
20231,3110881,1229
20231,3110880,1524
20231,3110879,1306
20231,3110878,291
20231,3110877,2379
20231,3110876,522
20231,3110875,735
20231,3110874,819
20231,3110873,4102
20231,3110872,145
20231,3110871,1196
20231,3110870,63
20231,3110869,4722
20231,3110868,2015
20231,3110867,2231
20231,3110866,676
20231,3110865,1728
20231,3110864,1347
20231,3110863,1761
20231,3110862,1327
20231,3110861,4708
20231,3110860,3122
20231,3110859,676
20231,3110858,1420
20231,3110857,1536
20231,3110856,2720
20231,3110855,4190
20231,3110854,1512
20231,3110853,4113
20231,3110852,4327
20231,3110851,3050
20231,3110850,7232
20231,3110849,3283
20231,3110848,2430
20231,3110847,1804
20231,3110846,2885
20231,3110845,188
20231,3110844,7
20231,3110843,1389
20231,3110842,40
20231,3110841,28
20231,3110840,72
20231,3110839,1032
20231,3110838,828
20231,3110837,1705
20231,3110836,1702
20231,3110835,1010
20231,3110834,192
20231,3110833,654
20231,3110832,3979
20231,3110831,364
20231,3110830,677
20231,3110829,1318
20231,3110828,4268
20231,3110827,1313
20231,3110826,1424
20231,3110825,1791
20231,3110824,2019
20231,3110823,8391
20231,3110822,4354
20231,3110821,6329
20231,3110820,2348
20231,3110819,3977
20231,3110818,2124
20231,3110817,3100
20231,3110816,2499
20231,3110815,4814
20231,3110814,3912
20231,3110813,4489
20231,3110812,2796
20231,3110811,3127
20231,3110810,2986
20231,3110809,1804
20231,3110808,785
20231,3110807,855
20231,3110806,1826
20231,3110805,222
20231,3110804,1517
20231,3110803,2020
20231,3110802,1487
20231,3110801,88
20231,3110800,3904
20231,3110799,782
20231,3110798,892
20231,3110797,259
20231,3110796,2655
20231,3110795,1292
20231,3110794,5225
20231,3110793,443
20231,3110792,3995
20231,3110791,818
20231,3110790,1297
20231,3110789,2526
20231,3110788,1510
20231,3110787,654
20231,3110786,2748
20231,3110785,613
20231,3110784,1216
20231,3110783,3121
20231,3110782,2342
20231,3110781,1653
20231,3110780,1100
20231,3110779,280
20231,3110778,9112
20231,3110777,23927
20231,3110776,3590
20231,3110775,2234
20231,3110774,5738
20231,3110773,2816
20231,3110772,1858
20231,3110771,2790
20231,3110770,3173
20231,3110769,1908
20231,3110768,304
20231,3110767,2779
20231,3110766,4498
20231,3110765,10750
20231,3110764,1290
20231,3110763,6892
20231,3110762,10783
20231,3110761,4296
20231,3110760,10088
20231,3110759,37983
20231,3110758,1151
20231,3110757,1971
20231,3110756,1957
20231,3110755,1846
20231,3110754,1681
20231,3110753,1962
20231,3110752,1610
20231,3110751,2034
20231,3110750,1479
20231,3110749,1364
20231,3110748,935
20231,3110747,645
20231,3110746,1482
20231,3110745,1035
20231,3110744,1963
20231,3110743,2364
20231,3110742,718
20231,3110741,1805
20231,3110740,2658
20231,3110739,1029
20231,3110738,3181
20231,3110737,2321
20231,3110736,3335
20231,3110735,2465
20231,3110734,2452
20231,3110733,958
20231,3110732,3266
20231,3110731,3093
20231,3110730,2972
20231,3110729,3238
20231,3110728,3291
20231,3110727,1383
20231,3110726,163
20231,3110725,2001
20231,3110724,10248
20231,3110723,7074
20231,3110722,22147
20231,3110721,14180
20231,3110720,1687
20231,3110719,10565
20231,3110718,6139
20231,3110717,20131
20231,3110716,1549
20231,3110715,2198
20231,3110714,1864
20231,3110713,5673
20231,3110712,1635
20231,3110711,2438
20231,3110710,12384
20231,3110709,607
20231,3110708,1175
20231,3110707,2319
20231,3110706,1808
20231,3110705,1199
20231,3110704,411
20231,3110703,4684
20231,3110702,4680
20231,3110701,993
20231,3110700,1704
20231,3110699,673
20231,3110698,4795
20231,3110697,635
20231,3110696,3286
20231,3110695,3054
20231,3110694,3302
20231,3110693,2236
20231,3110692,2343
20231,3110691,2050
20231,3110690,2781
20231,3110689,3813
20231,3110688,1497
20231,3110687,169
20231,3110686,826
20231,3110685,41
20231,3110684,223
20231,3110683,207
20231,3110682,256
20231,3110681,521
20231,3110680,891
20231,3110679,2368
20231,3110678,1148
20231,3110677,1373
20231,3110676,3229
20231,3110675,2502
20231,3110674,928
20231,3110673,3198
20231,3110672,577
20231,3110671,4438
20231,3110670,1139
20231,3110669,3009
20231,3110668,2955
20231,3110667,342
20231,3110666,575
20231,3110665,3820
20231,3110664,2711
20231,3110663,3610
20231,3110662,2449
20231,3110661,2696
20231,3110660,5671
20231,3110659,2715
20231,3110658,1523
20231,3110657,2768
20231,3110656,2663
20231,3110655,4335
20231,3110654,2842
20231,3110653,2493
20231,3110652,1325
20231,3110651,1766
20231,3110650,896
20231,3110649,1357
20231,3110648,2651
20231,3110647,4538
20231,3110646,4067
20231,3110645,1561
20231,3110644,151
20231,3110643,1282
20231,3110642,556
20231,3110641,988
20231,3110640,2563
20231,3110639,1111
20231,3110638,3667
20231,3110637,1985
20231,3110636,2192
20231,3110635,1694
20231,3110634,3186
20231,3110633,1844
20231,3110632,2907
20231,3110631,997
20231,3110630,1613
20231,3110629,1213
20231,3110628,1397
20231,3110627,10563
20231,3110626,2997
20231,3110625,10396
20231,3110624,347
20231,3110623,253
20231,3110622,2116
20231,3110621,746
20231,3110620,1426
20231,3110619,1299
20231,3110618,3002
20231,3110617,1495
20231,3110616,4245
20231,3110615,6475
20231,3110614,2761
20231,3110613,6545
20231,3110612,7578
20231,3110611,2988
20231,3110610,1050
20231,3110609,1224
20231,3110608,2528
20231,3110607,1039
20231,3110606,2733
20231,3110605,1044
20231,3110604,1970
20231,3110603,840
20231,3110602,2020
20231,3110601,1740
20231,3110600,2567
20231,3110599,1538
20231,3110598,2500
20231,3110597,2491
20231,3110596,1230
20231,3110595,2429
20231,3110594,440
20231,3110593,1657
20231,3110592,1494
20231,3110591,2183
20231,3110590,1191
20231,3110589,687
20231,3110588,2261
20231,3110587,4689
20231,3110586,7206
20231,3110585,1095
20231,3110584,876
20231,3110583,3827
20231,3110582,1092
20231,3110581,8323
20231,3110580,767
20231,3110579,5145
20231,3110578,2748
20231,3110577,6659
20231,3110576,2926
20231,3110575,1415
20231,3110574,1043
20231,3110573,1308
20231,3110572,3286
20231,3110571,1846
20231,3110570,1455
20231,3110569,3753
20231,3110568,372
20231,3110567,448
20231,3110566,5840
20231,3110565,2404
20231,3110564,3151
20231,3110563,1448
20231,3110562,2517
20231,3110561,2755
20231,3110560,3533
20231,3110559,3895
20231,3110558,4055
20231,3110557,4120
20231,3110556,670
20231,3110555,3964
20231,3110554,5552
20231,3110553,989
20231,3110552,2250
20231,3110551,3179
20231,3110550,5706
20231,3110549,1627
20231,3110548,4153
20231,3110547,5727
20231,3110546,1242
20231,3110545,2149
20231,3110544,6900
20231,3110543,1
20231,3110542,3702
20231,3110541,3247
20231,3110540,688
20231,3110539,10939
20231,3110538,5332
20231,3110537,5428
20231,3110536,2666
20231,3110535,859
20231,3110534,2031
20231,3110533,3547
20231,3110532,1219
20231,3110531,956
20231,3110530,904
20231,3110529,1836
20231,3110528,1941
20231,3110527,1883
20231,3110526,32
20231,3110525,1754
20231,3110524,70
20231,3110523,473
20231,3110522,1758
20231,3110521,1862
20231,3110520,1111
20231,3110519,1001
20231,3110518,1446
20231,3110517,2075
20231,3110516,985
20231,3110515,168
20231,3110514,1849
20231,3110513,2891
20231,3110512,1955
20231,3110511,3646
20231,3110510,901
20231,3110509,2678
20231,3110508,3407
20231,3110507,1653
20231,3110506,1580
20231,3110505,245
20231,3110504,175
20231,3110503,1116
20231,3110502,745
20231,3110501,828
20231,3110500,248
20231,3110499,234
20231,3110498,1700
20231,3110497,1006
20231,3110496,1072
20231,3110495,2148
20231,3110494,572
20231,3110493,351
20231,3110492,96
20231,3110491,174
20231,3110490,2161
20231,3110489,758
20231,3110488,2330
20231,3110487,1848
20231,3110486,2812
20231,3110485,874
20231,3110484,2491
20231,3110483,1062
20231,3110482,311
20231,3110481,2133
20231,3110480,1328
20231,3110479,2087
20231,3110478,2059
20231,3110477,2705
20231,3110476,230
20231,3110475,855
20231,3110474,1005
20231,3110473,2594
20231,3110472,2516
20231,3110471,1024
20231,3110470,866
20231,3110469,1565
20231,3110468,3198
20231,3110467,1204
20231,3110466,1375
20231,3110465,2839
20231,3110464,2748
20231,3110463,1030
20231,3110462,671
20231,3110461,1259
20231,3110460,3032
20231,3110459,2022
20231,3110458,1097
20231,3110457,2190
20231,3110456,1742
20231,3110455,1986
20231,3110454,1156
20231,3110453,1454
20231,3110452,1428
20231,3110451,1726
20231,3110450,1530
20231,3110449,1755
20231,3110448,275
20231,3110447,56
20231,3110446,439
20231,3110445,89
20231,3110444,765
20231,3110443,253
20231,3110442,122
20231,3110441,157
20231,3110440,152
20231,3110439,356
20231,3110438,1539
20231,3110437,454
20231,3110436,1424
20231,3110435,482
20231,3110434,2794
20231,3110433,3585
20231,3110432,532
20231,3110431,1486
20231,3110430,1309
20231,3110429,4406
20231,3110428,1279
20231,3110427,387
20231,3110426,757
20231,3110425,1480
20231,3110424,1039
20231,3110423,999
20231,3110422,705
20231,3110421,927
20231,3110420,685
20231,3110419,2842
20231,3110418,486
20231,3110417,73
20231,3110416,1568
20231,3110415,3270
20231,3110414,140
20231,3110413,567
20231,3110412,107
20231,3110411,973
20231,3110410,1882
20231,3110409,3647
20231,3110408,1991
20231,3110407,1286
20231,3110406,562
20231,3110405,2594
20231,3110404,1158
20231,3110403,2687
20231,3110402,1458
20231,3110401,2267
20231,3110400,2271
20231,3110399,1183
20231,3110398,1916
20231,3110397,1006
20231,3110396,1426
20231,3110395,1148
20231,3110394,2189
20231,3110393,1139
20231,3110392,248
20231,3110391,223
20231,3110390,1462
20231,3110389,512
20231,3110388,643
20231,3110387,352
20231,3110386,244
20231,3110385,46
20231,3110384,237
20231,3110383,419
20231,3110382,448
20231,3110381,236
20231,3110380,24
20231,3110379,282
20231,3110378,204
20231,3110377,839
20231,3110376,1840
20231,3110375,620
20231,3110374,558
20231,3110373,2140
20231,3110372,914
20231,3110371,658
20231,3110370,620
20231,3110369,2162
20231,3110368,209
20231,3110367,2644
20231,3110366,1078
20231,3110365,646
20231,3110364,748
20231,3110363,185
20231,3110362,885
20231,3110361,396
20231,3110360,2332
20231,3110359,2033
20231,3110358,2482
20231,3110357,1344
20231,3110356,870
20231,3110355,593
20231,3110354,453
20231,3110353,1244
20231,3110352,382
20231,3110351,900
20231,3110350,1071
20231,3110349,270
20231,3110348,1356
20231,3110347,61
20231,3110346,629
20231,3110345,556
20231,3110344,187
20231,3110343,1085
20231,3110342,384
20231,3110341,426
20231,3110340,938
20231,3110339,632
20231,3110338,454
20231,3110337,862
20231,3110336,547
20231,3110335,1513
20231,3110334,756
20231,3110333,1285
20231,3110332,956
20231,3110331,1495
20231,3110330,1170
20231,3110329,224
20231,3110328,959
20231,3110327,1019
20231,3110326,158
20231,3110325,246
20231,3110324,1301
20231,3110323,1524
20231,3110322,222
20231,3110321,732
20231,3110320,4431
20231,3110319,7377
20231,3110318,5507
20231,3110317,4604
20231,3110316,1898
20231,3110315,9874
20231,3110314,11123
20231,3110313,1939
20231,3110312,1030
20231,3110311,715
20231,3110310,825
20231,3110309,2061
20231,3110308,1985
20231,3110307,3082
20231,3110306,1349
20231,3110305,3015
20231,3110304,3978
20231,3110303,1317
20231,3110302,2778
20231,3110301,1149
20231,3110300,7151
20231,3110299,1579
20231,3110298,633
20231,3110297,10166
20231,3110296,3076
20231,3110295,1729
20231,3110294,1240
20231,3110293,8624
20231,3110292,780
20231,3110291,2342
20231,3110290,354
20231,3110289,1055
20231,3110288,9174
20231,3110287,162
20231,3110286,9447
20231,3110285,4856
20231,3110284,263
20231,3110283,3603
20231,3110282,202
20231,3110281,1907
20231,3110280,1812
20231,3110279,389
20231,3110278,962
20231,3110277,1188
20231,3110276,519
20231,3110275,1175
20231,3110274,719
20231,3110273,1270
20231,3110272,1960
20231,3110271,520
20231,3110270,417
20231,3110269,710
20231,3110268,626
20231,3110267,1397
20231,3110266,1111
20231,3110265,3611
20231,3110264,1196
20231,3110263,1723
20231,3110262,2882
20231,3110261,1494
20231,3110260,1307
20231,3110259,1239
20231,3110258,857
20231,3110257,1934
20231,3110256,2289
20231,3110255,3243
20231,3110254,933
20231,3110253,941
20231,3110252,1213
20231,3110251,789
20231,3110250,629
20231,3110249,1603
20231,3110248,276
20231,3110247,1573
20231,3110246,1484
20231,3110245,617
20231,3110244,1123
20231,3110243,1029
20231,3110242,819
20231,3110241,2142
20231,3110240,238
20231,3110239,116
20231,3110238,409
20231,3110237,1403
20231,3110236,1597
20231,3110235,114
20231,3110234,1207
20231,3110233,879
20231,3110232,2519
20231,3110231,282
20231,3110230,3179
20231,3110229,5742
20231,3110228,4456
20231,3110227,1522
20231,3110226,7290
20231,3110225,1449
20231,3110224,504
20231,3110223,4595
20231,3110222,675
20231,3110221,722
20231,3110220,920
20231,3110219,1432
20231,3110218,1916
20231,3110217,2770
20231,3110216,536
20231,3110215,1074
20231,3110214,875
20231,3110213,497
20231,3110212,1912
20231,3110211,1010
20231,3110210,1050
20231,3110209,570
20231,3110208,515
20231,3110207,1217
20231,3110206,452
20231,3110205,441
20231,3110204,945
20231,3110203,993
20231,3110202,422
20231,3110201,151
20231,3110200,975
20231,3110199,1698
20231,3110198,1862
20231,3110197,86
20231,3110196,374
20231,3110195,3484
20231,3110194,1802
20231,3110193,494
20231,3110192,3067
20231,3110191,557
20231,3110190,822
20231,3110189,2699
20231,3110188,5889
20231,3110187,6375
20231,3110186,834
20231,3110185,6194
20231,3110184,4678
20231,3110183,3722
20231,3110182,3012
20231,3110181,9876
20231,3110180,6308
20231,3110179,1759
20231,3110178,1759
20231,3110177,98
20231,3110176,2394
20231,3110175,4430
20231,3110174,3296
20231,3110173,2455
20231,3110172,2395
20231,3110171,1612
20231,3110170,3177
20231,3110169,3367
20231,3110168,883
20231,3110167,3559
20231,3110166,4412
20231,3110165,1493
20231,3110164,2098
20231,3110163,2489
20231,3110162,2229
20231,3110161,1266
20231,3110160,942
20231,3110159,9539
20231,3110158,1503
20231,3110157,2675
20231,3110156,2598
20231,3110155,5816
20231,3110154,4528
20231,3110153,2989
20231,3110152,1459
20231,3110151,2957
20231,3110150,3438
20231,3110149,738
20231,3110148,204
20231,3110147,1459
20231,3110146,1563
20231,3110145,308
20231,3110144,350
20231,3110143,240
20231,3110142,2328
20231,3110141,1810
20231,3110140,4204
20231,3110139,709
20231,3110138,1229
20231,3110137,13069
20231,3110136,12360
20231,3110135,5477
20231,3110134,2631
20231,3110133,2771
20231,3110132,4011
20231,3110131,12923
20231,3110130,657
20231,3110129,4111
20231,3110128,2553
20231,3110127,3242
20231,3110126,2545
20231,3110125,289
20231,3110124,2191
20231,3110123,1614
20231,3110122,1616
20231,3110121,113
20231,3110120,240
20231,3110119,1512
20231,3110118,858
20231,3110117,2515
20231,3110116,4753
20231,3110115,2601
20231,3110114,1276
20231,3110113,496
20231,3110112,1093
20231,3110111,158
20231,3110110,830
20231,3110109,1577
20231,3110108,809
20231,3110107,1230
20231,3110106,473
20231,3110105,1652
20231,3110104,288
20231,3110103,772
20231,3110102,1167
20231,3110101,913
20231,3110100,913
20231,3110099,9100
20231,3110098,9039
20231,3110097,5934
20231,3110096,2185
20231,3110095,20865
20231,3110094,172
20231,3110093,23133
20231,3110092,1301
20231,3110091,20767
20231,3110090,2777
20231,3110089,5476
20231,3110088,4137
20231,3110087,14418
20231,3110086,18201
20231,3110085,3112
20231,3110084,1013
20231,3110083,5240
20231,3110082,16995
20231,3110081,724
20231,3110080,1047
20231,3110079,10647
20231,3110078,741
20231,3110077,2477
20231,3110076,1851
20231,3110075,8720
20231,3110074,10102
20231,3110073,7622
20231,3110072,908
20231,3110071,2034
20231,3110070,152
20231,3110069,5263
20231,3110068,6431
20231,3110067,3772
20231,3110066,2029
20231,3110065,2540
20231,3110064,3279
20231,3110063,4761
20231,3110062,13468
20231,3110061,1740
20231,3110060,3325
20231,3110059,2315
20231,3110058,5418
20231,3110057,656
20231,3110056,1410
20231,3110055,590
20231,3110054,9244
20231,3110053,1753
20231,3110052,5527
20231,3110051,3989
20231,3110050,12675
20231,3110049,10101
20231,3110048,9199
20231,3110047,12519
20231,3110046,4887
20231,3110045,13800
20231,3110044,8915
20231,3110043,10499
20231,3110042,3299
20231,3110041,5469
20231,3110040,6280
20231,3110039,21065
20231,3110038,8843
20231,3110037,2171
20231,3110036,1299
20231,3110035,1872
20231,3110034,1687
20231,3110033,325
20231,3110032,2230
20231,3110031,228
20231,3110030,1348
20231,3110029,1930
20231,3110028,4534
20231,3110027,1573
20231,3110026,6267
20231,3110025,4440
20231,3110024,4266
20231,3110023,585
20231,3110022,4360
20231,3110021,3021
20231,3110020,1917
20231,3110019,5058
20231,3110018,10923
20231,3110017,3536
20231,3110016,5619
20231,3110015,4460
20231,3110014,1710
20231,3110013,3798
20231,3110012,22142
20231,3110011,569
20231,3110010,6039
20231,3110009,392
20231,3110008,5744
20231,3110007,1424
20231,3110006,243
20231,3110005,1363
20231,3110004,170
20231,3110003,3605
20231,3110002,470
20231,3110001,3778
20224,3111090,156
20224,3111089,1573
20224,3111088,576
20224,3111087,311
20224,3111086,477
20224,3111085,812
20224,3111084,505
20224,3111083,1393
20224,3111082,295
20224,3111081,883
20224,3111080,3347
20224,3111079,922
20224,3111078,3800
20224,3111077,6667
20224,3111076,2483
20224,3111075,2836
20224,3111074,1223
20224,3111073,4732
20224,3111072,2022
20224,3111071,1959
20224,3111070,995
20224,3111069,1091
20224,3111068,3806
20224,3111067,6166
20224,3111066,1053
20224,3111065,432
20224,3111064,2258
20224,3111063,603
20224,3111062,2905
20224,3111061,4068
20224,3111060,3112
20224,3111059,4098
20224,3111058,1955
20224,3111057,728
20224,3111056,1491
20224,3111055,1249
20224,3111054,2151
20224,3111053,9520
20224,3111052,2115
20224,3111051,2931
20224,3111050,4842
20224,3111049,1189
20224,3111048,1144
20224,3111047,501
20224,3111046,2087
20224,3111045,957
20224,3111044,1817
20224,3111043,1263
20224,3111042,4763
20224,3111041,1484
20224,3111040,1940
20224,3111039,3815
20224,3111038,3031
20224,3111037,2095
20224,3111036,1452
20224,3111035,3548
20224,3111034,5163
20224,3111033,1394
20224,3111032,13092
20224,3111031,5030
20224,3111030,10597
20224,3111029,4920
20224,3111028,4120
20224,3111027,27852
20224,3111026,21644
20224,3111025,8648
20224,3111024,17474
20224,3111023,24260
20224,3111022,8456
20224,3111021,10767
20224,3111020,726
20224,3111019,14797
20224,3111018,180
20224,3111017,4077
20224,3111016,4757
20224,3111015,11900
20224,3111014,15687
20224,3111013,18561
20224,3111012,4872
20224,3111011,4925
20224,3111010,9271
20224,3111009,797
20224,3111008,2793
20224,3111007,2558
20224,3111006,4065
20224,3111005,2375
20224,3111004,8220
20224,3111003,4832
20224,3111002,63
20224,3111001,76
20224,3111000,30
20224,3110999,142
20224,3110998,107
20224,3110997,1226
20224,3110996,11240
20224,3110995,14482
20224,3110994,3868
20224,3110993,522
20224,3110992,20346
20224,3110991,52228
20224,3110990,10067
20224,3110989,13186
20224,3110988,10377
20224,3110987,6564
20224,3110986,10444
20224,3110985,14673
20224,3110984,3559
20224,3110983,3675
20224,3110982,4014
20224,3110981,6506
20224,3110980,15686
20224,3110979,8834
20224,3110978,38497
20224,3110977,11981
20224,3110976,12552
20224,3110975,29732
20224,3110974,10044
20224,3110973,11196
20224,3110972,14661
20224,3110971,24667
20224,3110970,9287
20224,3110969,32978
20224,3110968,14596
20224,3110967,21478
20224,3110966,21992
20224,3110965,12551
20224,3110964,12997
20224,3110963,23280
20224,3110962,9934
20224,3110961,19360
20224,3110960,19019
20224,3110959,9431
20224,3110958,18329
20224,3110957,20208
20224,3110956,9423
20224,3110955,18556
20224,3110954,11304
20224,3110953,17052
20224,3110952,6560
20224,3110951,12501
20224,3110950,13882
20224,3110949,9158
20224,3110948,55
20224,3110947,546
20224,3110946,458
20224,3110945,117
20224,3110944,457
20224,3110943,6446
20224,3110942,11540
20224,3110941,5190
20224,3110940,9910
20224,3110939,47896
20224,3110938,5765
20224,3110937,7519
20224,3110936,5784
20224,3110935,5014
20224,3110934,571
20224,3110933,4655
20224,3110932,4898
20224,3110931,73
20224,3110930,9013
20224,3110929,26314
20224,3110928,14444
20224,3110927,268
20224,3110926,9598
20224,3110925,5942
20224,3110924,9214
20224,3110923,7784
20224,3110922,13270
20224,3110921,10569
20224,3110920,8661
20224,3110919,11523
20224,3110918,7916
20224,3110917,4455
20224,3110916,16683
20224,3110915,4497
20224,3110914,9468
20224,3110913,7044
20224,3110912,2786
20224,3110911,6825
20224,3110910,9117
20224,3110909,494
20224,3110908,10981
20224,3110907,9783
20224,3110906,3221
20224,3110905,3951
20224,3110904,6370
20224,3110903,9526
20224,3110902,4490
20224,3110901,1009
20224,3110900,2129
20224,3110899,1369
20224,3110898,229
20224,3110897,4526
20224,3110896,977
20224,3110895,8000
20224,3110894,291
20224,3110893,1232
20224,3110892,5567
20224,3110891,1351
20224,3110890,1787
20224,3110889,254
20224,3110888,1055
20224,3110887,402
20224,3110886,903
20224,3110885,1126
20224,3110884,1262
20224,3110883,1257
20224,3110882,2016
20224,3110881,1229
20224,3110880,1524
20224,3110879,1306
20224,3110878,291
20224,3110877,2379
20224,3110876,522
20224,3110875,735
20224,3110874,819
20224,3110873,4102
20224,3110872,145
20224,3110871,1196
20224,3110870,63
20224,3110869,4722
20224,3110868,2015
20224,3110867,2231
20224,3110866,676
20224,3110865,1728
20224,3110864,1347
20224,3110863,1761
20224,3110862,1327
20224,3110861,4708
20224,3110860,3122
20224,3110859,676
20224,3110858,1420
20224,3110857,1536
20224,3110856,2720
20224,3110855,4190
20224,3110854,1512
20224,3110853,4113
20224,3110852,4327
20224,3110851,3050
20224,3110850,7232
20224,3110849,3283
20224,3110848,2430
20224,3110847,1804
20224,3110846,2885
20224,3110845,188
20224,3110844,7
20224,3110843,1389
20224,3110842,40
20224,3110841,28
20224,3110840,72
20224,3110839,1032
20224,3110838,828
20224,3110837,1705
20224,3110836,1702
20224,3110835,1010
20224,3110834,192
20224,3110833,654
20224,3110832,3979
20224,3110831,364
20224,3110830,677
20224,3110829,1318
20224,3110828,4268
20224,3110827,1313
20224,3110826,1424
20224,3110825,1791
20224,3110824,2019
20224,3110823,8391
20224,3110822,4354
20224,3110821,6329
20224,3110820,2348
20224,3110819,3977
20224,3110818,2124
20224,3110817,3100
20224,3110816,2499
20224,3110815,4814
20224,3110814,3912
20224,3110813,4489
20224,3110812,2796
20224,3110811,3127
20224,3110810,2986
20224,3110809,1804
20224,3110808,785
20224,3110807,855
20224,3110806,1826
20224,3110805,222
20224,3110804,1517
20224,3110803,2020
20224,3110802,1487
20224,3110801,88
20224,3110800,3904
20224,3110799,782
20224,3110798,892
20224,3110797,259
20224,3110796,2655
20224,3110795,1292
20224,3110794,5225
20224,3110793,443
20224,3110792,3995
20224,3110791,818
20224,3110790,1297
20224,3110789,2526
20224,3110788,1510
20224,3110787,654
20224,3110786,2748
20224,3110785,613
20224,3110784,1216
20224,3110783,3121
20224,3110782,2342
20224,3110781,1653
20224,3110780,1100
20224,3110779,280
20224,3110778,9112
20224,3110777,23927
20224,3110776,3590
20224,3110775,2234
20224,3110774,5738
20224,3110773,2816
20224,3110772,1858
20224,3110771,2790
20224,3110770,3173
20224,3110769,1908
20224,3110768,304
20224,3110767,2779
20224,3110766,4498
20224,3110765,10750
20224,3110764,1290
20224,3110763,6892
20224,3110762,10783
20224,3110761,4296
20224,3110760,10088
20224,3110759,37983
20224,3110758,1151
20224,3110757,1971
20224,3110756,1957
20224,3110755,1846
20224,3110754,1681
20224,3110753,1962
20224,3110752,1610
20224,3110751,2034
20224,3110750,1479
20224,3110749,1364
20224,3110748,935
20224,3110747,645
20224,3110746,1482
20224,3110745,1035
20224,3110744,1963
20224,3110743,2364
20224,3110742,718
20224,3110741,1805
20224,3110740,2658
20224,3110739,1029
20224,3110738,3181
20224,3110737,2321
20224,3110736,3335
20224,3110735,2465
20224,3110734,2452
20224,3110733,958
20224,3110732,3266
20224,3110731,3093
20224,3110730,2972
20224,3110729,3238
20224,3110728,3291
20224,3110727,1383
20224,3110726,163
20224,3110725,2001
20224,3110724,10248
20224,3110723,7074
20224,3110722,22147
20224,3110721,14180
20224,3110720,1687
20224,3110719,10565
20224,3110718,6139
20224,3110717,20131
20224,3110716,1549
20224,3110715,2198
20224,3110714,1864
20224,3110713,5673
20224,3110712,1635
20224,3110711,2438
20224,3110710,12384
20224,3110709,607
20224,3110708,1175
20224,3110707,2319
20224,3110706,1808
20224,3110705,1199
20224,3110704,411
20224,3110703,4684
20224,3110702,4680
20224,3110701,993
20224,3110700,1704
20224,3110699,673
20224,3110698,4795
20224,3110697,635
20224,3110696,3286
20224,3110695,3054
20224,3110694,3302
20224,3110693,2236
20224,3110692,2343
20224,3110691,2050
20224,3110690,2781
20224,3110689,3813
20224,3110688,1497
20224,3110687,169
20224,3110686,826
20224,3110685,41
20224,3110684,223
20224,3110683,207
20224,3110682,256
20224,3110681,521
20224,3110680,891
20224,3110679,2368
20224,3110678,1148
20224,3110677,1373
20224,3110676,3229
20224,3110675,2502
20224,3110674,928
20224,3110673,3198
20224,3110672,577
20224,3110671,4438
20224,3110670,1139
20224,3110669,3009
20224,3110668,2955
20224,3110667,342
20224,3110666,575
20224,3110665,3820
20224,3110664,2711
20224,3110663,3610
20224,3110662,2449
20224,3110661,2696
20224,3110660,5671
20224,3110659,2715
20224,3110658,1523
20224,3110657,2768
20224,3110656,2663
20224,3110655,4335
20224,3110654,2842
20224,3110653,2493
20224,3110652,1325
20224,3110651,1766
20224,3110650,896
20224,3110649,1357
20224,3110648,2651
20224,3110647,4538
20224,3110646,4067
20224,3110645,1561
20224,3110644,151
20224,3110643,1282
20224,3110642,556
20224,3110641,988
20224,3110640,2563
20224,3110639,1111
20224,3110638,3667
20224,3110637,1985
20224,3110636,2192
20224,3110635,1694
20224,3110634,3186
20224,3110633,1844
20224,3110632,2907
20224,3110631,997
20224,3110630,1613
20224,3110629,1213
20224,3110628,1397
20224,3110627,10563
20224,3110626,2997
20224,3110625,10396
20224,3110624,347
20224,3110623,253
20224,3110622,2116
20224,3110621,746
20224,3110620,1426
20224,3110619,1299
20224,3110618,3002
20224,3110617,1495
20224,3110616,4245
20224,3110615,6475
20224,3110614,2761
20224,3110613,6545
20224,3110612,7578
20224,3110611,2988
20224,3110610,1050
20224,3110609,1224
20224,3110608,2528
20224,3110607,1039
20224,3110606,2733
20224,3110605,1044
20224,3110604,1970
20224,3110603,840
20224,3110602,2020
20224,3110601,1740
20224,3110600,2567
20224,3110599,1538
20224,3110598,2500
20224,3110597,2491
20224,3110596,1230
20224,3110595,2429
20224,3110594,440
20224,3110593,1657
20224,3110592,1494
20224,3110591,2183
20224,3110590,1191
20224,3110589,687
20224,3110588,2261
20224,3110587,4689
20224,3110586,7206
20224,3110585,1095
20224,3110584,876
20224,3110583,3827
20224,3110582,1092
20224,3110581,8323
20224,3110580,767
20224,3110579,5145
20224,3110578,2748
20224,3110577,6659
20224,3110576,2926
20224,3110575,1415
20224,3110574,1043
20224,3110573,1308
20224,3110572,3286
20224,3110571,1846
20224,3110570,1455
20224,3110569,3753
20224,3110568,372
20224,3110567,448
20224,3110566,5840
20224,3110565,2404
20224,3110564,3151
20224,3110563,1448
20224,3110562,2517
20224,3110561,2755
20224,3110560,3533
20224,3110559,3895
20224,3110558,4055
20224,3110557,4120
20224,3110556,670
20224,3110555,3964
20224,3110554,5552
20224,3110553,989
20224,3110552,2250
20224,3110551,3179
20224,3110550,5706
20224,3110549,1627
20224,3110548,4153
20224,3110547,5727
20224,3110546,1242
20224,3110545,2149
20224,3110544,6900
20224,3110543,1
20224,3110542,3702
20224,3110541,3247
20224,3110540,688
20224,3110539,10939
20224,3110538,5332
20224,3110537,5428
20224,3110536,2666
20224,3110535,859
20224,3110534,2031
20224,3110533,3547
20224,3110532,1219
20224,3110531,956
20224,3110530,904
20224,3110529,1836
20224,3110528,1941
20224,3110527,1883
20224,3110526,32
20224,3110525,1754
20224,3110524,70
20224,3110523,473
20224,3110522,1758
20224,3110521,1862
20224,3110520,1111
20224,3110519,1001
20224,3110518,1446
20224,3110517,2075
20224,3110516,985
20224,3110515,168
20224,3110514,1849
20224,3110513,2891
20224,3110512,1955
20224,3110511,3646
20224,3110510,901
20224,3110509,2678
20224,3110508,3407
20224,3110507,1653
20224,3110506,1580
20224,3110505,245
20224,3110504,175
20224,3110503,1116
20224,3110502,745
20224,3110501,828
20224,3110500,248
20224,3110499,234
20224,3110498,1700
20224,3110497,1006
20224,3110496,1072
20224,3110495,2148
20224,3110494,572
20224,3110493,351
20224,3110492,96
20224,3110491,174
20224,3110490,2161
20224,3110489,758
20224,3110488,2330
20224,3110487,1848
20224,3110486,2812
20224,3110485,874
20224,3110484,2491
20224,3110483,1062
20224,3110482,311
20224,3110481,2133
20224,3110480,1328
20224,3110479,2087
20224,3110478,2059
20224,3110477,2705
20224,3110476,230
20224,3110475,855
20224,3110474,1005
20224,3110473,2594
20224,3110472,2516
20224,3110471,1024
20224,3110470,866
20224,3110469,1565
20224,3110468,3198
20224,3110467,1204
20224,3110466,1375
20224,3110465,2839
20224,3110464,2748
20224,3110463,1030
20224,3110462,671
20224,3110461,1259
20224,3110460,3032
20224,3110459,2022
20224,3110458,1097
20224,3110457,2190
20224,3110456,1742
20224,3110455,1986
20224,3110454,1156
20224,3110453,1454
20224,3110452,1428
20224,3110451,1726
20224,3110450,1530
20224,3110449,1755
20224,3110448,275
20224,3110447,56
20224,3110446,439
20224,3110445,89
20224,3110444,765
20224,3110443,253
20224,3110442,122
20224,3110441,157
20224,3110440,152
20224,3110439,356
20224,3110438,1539
20224,3110437,454
20224,3110436,1424
20224,3110435,482
20224,3110434,2794
20224,3110433,3585
20224,3110432,532
20224,3110431,1486
20224,3110430,1309
20224,3110429,4406
20224,3110428,1279
20224,3110427,387
20224,3110426,757
20224,3110425,1480
20224,3110424,1039
20224,3110423,999
20224,3110422,705
20224,3110421,927
20224,3110420,685
20224,3110419,2842
20224,3110418,486
20224,3110417,73
20224,3110416,1568
20224,3110415,3270
20224,3110414,140
20224,3110413,567
20224,3110412,107
20224,3110411,973
20224,3110410,1882
20224,3110409,3647
20224,3110408,1991
20224,3110407,1286
20224,3110406,562
20224,3110405,2594
20224,3110404,1158
20224,3110403,2687
20224,3110402,1458
20224,3110401,2267
20224,3110400,2271
20224,3110399,1183
20224,3110398,1916
20224,3110397,1006
20224,3110396,1426
20224,3110395,1148
20224,3110394,2189
20224,3110393,1139
20224,3110392,248
20224,3110391,223
20224,3110390,1462
20224,3110389,512
20224,3110388,643
20224,3110387,352
20224,3110386,244
20224,3110385,46
20224,3110384,237
20224,3110383,419
20224,3110382,448
20224,3110381,236
20224,3110380,24
20224,3110379,282
20224,3110378,204
20224,3110377,839
20224,3110376,1840
20224,3110375,620
20224,3110374,558
20224,3110373,2140
20224,3110372,914
20224,3110371,658
20224,3110370,620
20224,3110369,2162
20224,3110368,209
20224,3110367,2644
20224,3110366,1078
20224,3110365,646
20224,3110364,748
20224,3110363,185
20224,3110362,885
20224,3110361,396
20224,3110360,2332
20224,3110359,2033
20224,3110358,2482
20224,3110357,1344
20224,3110356,870
20224,3110355,593
20224,3110354,453
20224,3110353,1244
20224,3110352,382
20224,3110351,900
20224,3110350,1071
20224,3110349,270
20224,3110348,1356
20224,3110347,61
20224,3110346,629
20224,3110345,556
20224,3110344,187
20224,3110343,1085
20224,3110342,384
20224,3110341,426
20224,3110340,938
20224,3110339,632
20224,3110338,454
20224,3110337,862
20224,3110336,547
20224,3110335,1513
20224,3110334,756
20224,3110333,1285
20224,3110332,956
20224,3110331,1495
20224,3110330,1170
20224,3110329,224
20224,3110328,959
20224,3110327,1019
20224,3110326,158
20224,3110325,246
20224,3110324,1301
20224,3110323,1524
20224,3110322,222
20224,3110321,732
20224,3110320,4431
20224,3110319,7377
20224,3110318,5507
20224,3110317,4604
20224,3110316,1898
20224,3110315,9874
20224,3110314,11123
20224,3110313,1939
20224,3110312,1030
20224,3110311,715
20224,3110310,825
20224,3110309,2061
20224,3110308,1985
20224,3110307,3082
20224,3110306,1349
20224,3110305,3015
20224,3110304,3978
20224,3110303,1317
20224,3110302,2778
20224,3110301,1149
20224,3110300,7151
20224,3110299,1579
20224,3110298,633
20224,3110297,10166
20224,3110296,3076
20224,3110295,1729
20224,3110294,1240
20224,3110293,8624
20224,3110292,780
20224,3110291,2342
20224,3110290,354
20224,3110289,1055
20224,3110288,9174
20224,3110287,162
20224,3110286,9447
20224,3110285,4856
20224,3110284,263
20224,3110283,3603
20224,3110282,202
20224,3110281,1907
20224,3110280,1812
20224,3110279,389
20224,3110278,962
20224,3110277,1188
20224,3110276,519
20224,3110275,1175
20224,3110274,719
20224,3110273,1270
20224,3110272,1960
20224,3110271,520
20224,3110270,417
20224,3110269,710
20224,3110268,626
20224,3110267,1397
20224,3110266,1111
20224,3110265,3611
20224,3110264,1196
20224,3110263,1723
20224,3110262,2882
20224,3110261,1494
20224,3110260,1307
20224,3110259,1239
20224,3110258,857
20224,3110257,1934
20224,3110256,2289
20224,3110255,3243
20224,3110254,933
20224,3110253,941
20224,3110252,1213
20224,3110251,789
20224,3110250,629
20224,3110249,1603
20224,3110248,276
20224,3110247,1573
20224,3110246,1484
20224,3110245,617
20224,3110244,1123
20224,3110243,1029
20224,3110242,819
20224,3110241,2142
20224,3110240,238
20224,3110239,116
20224,3110238,409
20224,3110237,1403
20224,3110236,1597
20224,3110235,114
20224,3110234,1207
20224,3110233,879
20224,3110232,2519
20224,3110231,282
20224,3110230,3179
20224,3110229,5742
20224,3110228,4456
20224,3110227,1522
20224,3110226,7290
20224,3110225,1449
20224,3110224,504
20224,3110223,4595
20224,3110222,675
20224,3110221,722
20224,3110220,920
20224,3110219,1432
20224,3110218,1916
20224,3110217,2770
20224,3110216,536
20224,3110215,1074
20224,3110214,875
20224,3110213,497
20224,3110212,1912
20224,3110211,1010
20224,3110210,1050
20224,3110209,570
20224,3110208,515
20224,3110207,1217
20224,3110206,452
20224,3110205,441
20224,3110204,945
20224,3110203,993
20224,3110202,422
20224,3110201,151
20224,3110200,975
20224,3110199,1698
20224,3110198,1862
20224,3110197,86
20224,3110196,374
20224,3110195,3484
20224,3110194,1802
20224,3110193,494
20224,3110192,3067
20224,3110191,557
20224,3110190,822
20224,3110189,2699
20224,3110188,5889
20224,3110187,6375
20224,3110186,834
20224,3110185,6194
20224,3110184,4678
20224,3110183,3722
20224,3110182,3012
20224,3110181,9876
20224,3110180,6308
20224,3110179,1759
20224,3110178,1759
20224,3110177,98
20224,3110176,2394
20224,3110175,4430
20224,3110174,3296
20224,3110173,2455
20224,3110172,2395
20224,3110171,1612
20224,3110170,3177
20224,3110169,3367
20224,3110168,883
20224,3110167,3559
20224,3110166,4412
20224,3110165,1493
20224,3110164,2098
20224,3110163,2489
20224,3110162,2229
20224,3110161,1266
20224,3110160,942
20224,3110159,9539
20224,3110158,1503
20224,3110157,2675
20224,3110156,2598
20224,3110155,5816
20224,3110154,4528
20224,3110153,2989
20224,3110152,1459
20224,3110151,2957
20224,3110150,3438
20224,3110149,738
20224,3110148,204
20224,3110147,1459
20224,3110146,1563
20224,3110145,308
20224,3110144,350
20224,3110143,240
20224,3110142,2328
20224,3110141,1810
20224,3110140,4204
20224,3110139,709
20224,3110138,1229
20224,3110137,13069
20224,3110136,12360
20224,3110135,5477
20224,3110134,2631
20224,3110133,2771
20224,3110132,4011
20224,3110131,12923
20224,3110130,657
20224,3110129,4111
20224,3110128,2553
20224,3110127,3242
20224,3110126,2545
20224,3110125,289
20224,3110124,2191
20224,3110123,1614
20224,3110122,1616
20224,3110121,113
20224,3110120,240
20224,3110119,1512
20224,3110118,858
20224,3110117,2515
20224,3110116,4753
20224,3110115,2601
20224,3110114,1276
20224,3110113,496
20224,3110112,1093
20224,3110111,158
20224,3110110,830
20224,3110109,1577
20224,3110108,809
20224,3110107,1230
20224,3110106,473
20224,3110105,1652
20224,3110104,288
20224,3110103,772
20224,3110102,1167
20224,3110101,913
20224,3110100,913
20224,3110099,9100
20224,3110098,9039
20224,3110097,5934
20224,3110096,2185
20224,3110095,20865
20224,3110094,172
20224,3110093,23133
20224,3110092,1301
20224,3110091,20767
20224,3110090,2777
20224,3110089,5476
20224,3110088,4137
20224,3110087,14418
20224,3110086,18201
20224,3110085,3112
20224,3110084,1013
20224,3110083,5240
20224,3110082,16995
20224,3110081,724
20224,3110080,1047
20224,3110079,10647
20224,3110078,741
20224,3110077,2477
20224,3110076,1851
20224,3110075,8720
20224,3110074,10102
20224,3110073,7622
20224,3110072,908
20224,3110071,2034
20224,3110070,152
20224,3110069,5263
20224,3110068,6431
20224,3110067,3772
20224,3110066,2029
20224,3110065,2540
20224,3110064,3279
20224,3110063,4761
20224,3110062,13468
20224,3110061,1740
20224,3110060,3325
20224,3110059,2315
20224,3110058,5418
20224,3110057,656
20224,3110056,1410
20224,3110055,590
20224,3110054,9244
20224,3110053,1753
20224,3110052,5527
20224,3110051,3989
20224,3110050,12675
20224,3110049,10101
20224,3110048,9199
20224,3110047,12519
20224,3110046,4887
20224,3110045,13800
20224,3110044,8915
20224,3110043,10499
20224,3110042,3299
20224,3110041,5469
20224,3110040,6280
20224,3110039,21065
20224,3110038,8843
20224,3110037,2171
20224,3110036,1299
20224,3110035,1872
20224,3110034,1687
20224,3110033,325
20224,3110032,2230
20224,3110031,228
20224,3110030,1348
20224,3110029,1930
20224,3110028,4534
20224,3110027,1573
20224,3110026,6267
20224,3110025,4440
20224,3110024,4266
20224,3110023,585
20224,3110022,4360
20224,3110021,3021
20224,3110020,1917
20224,3110019,5058
20224,3110018,10923
20224,3110017,3536
20224,3110016,5619
20224,3110015,4460
20224,3110014,1710
20224,3110013,3798
20224,3110012,22142
20224,3110011,569
20224,3110010,6039
20224,3110009,392
20224,3110008,5744
20224,3110007,1424
20224,3110006,243
20224,3110005,1363
20224,3110004,170
20224,3110003,3605
20224,3110002,470
20224,3110001,3778
20223,3111090,156
20223,3111089,1403
20223,3111088,694
20223,3111087,340
20223,3111086,450
20223,3111085,799
20223,3111084,561
20223,3111083,1557
20223,3111082,309
20223,3111081,921
20223,3111080,3830
20223,3111079,1048
20223,3111078,4284
20223,3111077,6890
20223,3111076,2623
20223,3111075,3496
20223,3111074,1739
20223,3111073,4556
20223,3111072,2302
20223,3111071,1950
20223,3111070,1129
20223,3111069,1211
20223,3111068,3088
20223,3111067,5787
20223,3111066,1140
20223,3111065,436
20223,3111064,2348
20223,3111063,823
20223,3111062,2942
20223,3111061,3698
20223,3111060,3279
20223,3111059,3933
20223,3111058,1606
20223,3111057,979
20223,3111056,1533
20223,3111055,1028
20223,3111054,1705
20223,3111053,8588
20223,3111052,2159
20223,3111051,3229
20223,3111050,3019
20223,3111049,1186
20223,3111048,1130
20223,3111047,507
20223,3111046,1911
20223,3111045,917
20223,3111044,1638
20223,3111043,1305
20223,3111042,5795
20223,3111041,1988
20223,3111040,2677
20223,3111039,4614
20223,3111038,3650
20223,3111037,2819
20223,3111036,1640
20223,3111035,4319
20223,3111034,6919
20223,3111033,2538
20223,3111032,15288
20223,3111031,6064
20223,3111030,12515
20223,3111029,6227
20223,3111028,4806
20223,3111027,31501
20223,3111026,28692
20223,3111025,9027
20223,3111024,18303
20223,3111023,26720
20223,3111022,9960
20223,3111021,11116
20223,3111020,657
20223,3111019,13054
20223,3111018,159
20223,3111017,6459
20223,3111016,6158
20223,3111015,16794
20223,3111014,18249
20223,3111013,22340
20223,3111012,5390
20223,3111011,4342
20223,3111010,10919
20223,3111009,968
20223,3111008,2696
20223,3111007,1896
20223,3111006,3967
20223,3111005,2291
20223,3111004,8245
20223,3111003,4163
20223,3111002,53
20223,3111001,125
20223,3111000,61
20223,3110999,188
20223,3110998,99
20223,3110997,1871
20223,3110996,19487
20223,3110995,20806
20223,3110994,4115
20223,3110993,466
20223,3110992,18281
20223,3110991,58915
20223,3110990,9171
20223,3110989,13600
20223,3110988,9737
20223,3110987,6365
20223,3110986,9010
20223,3110985,14273
20223,3110984,4097
20223,3110983,4138
20223,3110982,3621
20223,3110981,7686
20223,3110980,20537
20223,3110979,8263
20223,3110978,53847
20223,3110977,13251
20223,3110976,11603
20223,3110975,36976
20223,3110974,8942
20223,3110973,10837
20223,3110972,13102
20223,3110971,27532
20223,3110970,9306
20223,3110969,37094
20223,3110968,13629
20223,3110967,26007
20223,3110966,22585
20223,3110965,16366
20223,3110964,12690
20223,3110963,23326
20223,3110962,9333
20223,3110961,18815
20223,3110960,21588
20223,3110959,9454
20223,3110958,21411
20223,3110957,22062
20223,3110956,11804
20223,3110955,19744
20223,3110954,12790
20223,3110953,15929
20223,3110952,6659
20223,3110951,11723
20223,3110950,12931
20223,3110949,8270
20223,3110948,49
20223,3110947,511
20223,3110946,391
20223,3110945,222
20223,3110944,552
20223,3110943,7782
20223,3110942,9681
20223,3110941,5482
20223,3110940,8862
20223,3110939,62607
20223,3110938,6030
20223,3110937,7178
20223,3110936,5849
20223,3110935,4198
20223,3110934,672
20223,3110933,4612
20223,3110932,4552
20223,3110931,68
20223,3110930,8772
20223,3110929,28521
20223,3110928,14676
20223,3110927,276
20223,3110926,10714
20223,3110925,5542
20223,3110924,9915
20223,3110923,8364
20223,3110922,10976
20223,3110921,11055
20223,3110920,8623
20223,3110919,9725
20223,3110918,7693
20223,3110917,4034
20223,3110916,15161
20223,3110915,4206
20223,3110914,8812
20223,3110913,9434
20223,3110912,3027
20223,3110911,8409
20223,3110910,10989
20223,3110909,350
20223,3110908,11741
20223,3110907,10953
20223,3110906,4137
20223,3110905,3833
20223,3110904,6940
20223,3110903,11048
20223,3110902,4364
20223,3110901,810
20223,3110900,1610
20223,3110899,1260
20223,3110898,210
20223,3110897,4482
20223,3110896,1076
20223,3110895,6828
20223,3110894,511
20223,3110893,870
20223,3110892,5628
20223,3110891,1345
20223,3110890,1800
20223,3110889,274
20223,3110888,1126
20223,3110887,425
20223,3110886,1299
20223,3110885,1383
20223,3110884,1292
20223,3110883,1352
20223,3110882,2397
20223,3110881,1232
20223,3110880,1786
20223,3110879,1310
20223,3110878,290
20223,3110877,2393
20223,3110876,388
20223,3110875,690
20223,3110874,814
20223,3110873,5561
20223,3110872,182
20223,3110871,1070
20223,3110870,81
20223,3110869,5572
20223,3110868,2181
20223,3110867,2426
20223,3110866,686
20223,3110865,1775
20223,3110864,1445
20223,3110863,1825
20223,3110862,1355
20223,3110861,5148
20223,3110860,3433
20223,3110859,319
20223,3110858,1461
20223,3110857,1497
20223,3110856,2868
20223,3110855,5261
20223,3110854,1470
20223,3110853,4657
20223,3110852,4200
20223,3110851,3311
20223,3110850,7929
20223,3110849,2924
20223,3110848,2230
20223,3110847,1700
20223,3110846,2740
20223,3110845,244
20223,3110844,10
20223,3110843,1185
20223,3110842,40
20223,3110841,10
20223,3110840,71
20223,3110839,1110
20223,3110838,1046
20223,3110837,2126
20223,3110836,2042
20223,3110835,1194
20223,3110834,179
20223,3110833,854
20223,3110832,3591
20223,3110831,393
20223,3110830,906
20223,3110829,1482
20223,3110828,3736
20223,3110827,1815
20223,3110826,1918
20223,3110825,2661
20223,3110824,2286
20223,3110823,13550
20223,3110822,5153
20223,3110821,7637
20223,3110820,2021
20223,3110819,5301
20223,3110818,2969
20223,3110817,3314
20223,3110816,2417
20223,3110815,4670
20223,3110814,3718
20223,3110813,3517
20223,3110812,3504
20223,3110811,3833
20223,3110810,2679
20223,3110809,1706
20223,3110808,769
20223,3110807,741
20223,3110806,1844
20223,3110805,297
20223,3110804,1353
20223,3110803,2224
20223,3110802,1653
20223,3110801,80
20223,3110800,3290
20223,3110799,927
20223,3110798,740
20223,3110797,206
20223,3110796,2263
20223,3110795,1477
20223,3110794,4404
20223,3110793,397
20223,3110792,4381
20223,3110791,740
20223,3110790,1192
20223,3110789,2821
20223,3110788,1281
20223,3110787,665
20223,3110786,2777
20223,3110785,678
20223,3110784,1197
20223,3110783,2578
20223,3110782,2145
20223,3110781,1738
20223,3110780,1118
20223,3110779,289
20223,3110778,10312
20223,3110777,27564
20223,3110776,3771
20223,3110775,2096
20223,3110774,6522
20223,3110773,3068
20223,3110772,1278
20223,3110771,2727
20223,3110770,4191
20223,3110769,1722
20223,3110768,393
20223,3110767,3889
20223,3110766,4728
20223,3110765,13654
20223,3110764,2124
20223,3110763,7323
20223,3110762,10053
20223,3110761,5805
20223,3110760,9720
20223,3110759,44054
20223,3110758,1549
20223,3110757,2555
20223,3110756,2596
20223,3110755,1819
20223,3110754,1559
20223,3110753,1964
20223,3110752,1704
20223,3110751,2012
20223,3110750,1449
20223,3110749,1367
20223,3110748,1008
20223,3110747,448
20223,3110746,1552
20223,3110745,1130
20223,3110744,2030
20223,3110743,2561
20223,3110742,790
20223,3110741,1908
20223,3110740,3388
20223,3110739,1062
20223,3110738,3092
20223,3110737,2587
20223,3110736,3154
20223,3110735,2845
20223,3110734,1768
20223,3110733,1463
20223,3110732,3401
20223,3110731,2844
20223,3110730,2899
20223,3110729,3810
20223,3110728,3508
20223,3110727,1411
20223,3110726,130
20223,3110725,2446
20223,3110724,9329
20223,3110723,8724
20223,3110722,22909
20223,3110721,13854
20223,3110720,1790
20223,3110719,11231
20223,3110718,6134
20223,3110717,17931
20223,3110716,1643
20223,3110715,2146
20223,3110714,1977
20223,3110713,5995
20223,3110712,1645
20223,3110711,3061
20223,3110710,13797
20223,3110709,1053
20223,3110708,1352
20223,3110707,2195
20223,3110706,1697
20223,3110705,1061
20223,3110704,427
20223,3110703,6170
20223,3110702,5509
20223,3110701,1082
20223,3110700,2119
20223,3110699,711
20223,3110698,5015
20223,3110697,292
20223,3110696,3913
20223,3110695,3964
20223,3110694,4703
20223,3110693,2441
20223,3110692,2916
20223,3110691,3181
20223,3110690,3098
20223,3110689,4203
20223,3110688,1472
20223,3110687,186
20223,3110686,864
20223,3110685,43
20223,3110684,328
20223,3110683,328
20223,3110682,254
20223,3110681,540
20223,3110680,953
20223,3110679,3248
20223,3110678,1703
20223,3110677,1926
20223,3110676,4290
20223,3110675,2516
20223,3110674,735
20223,3110673,3243
20223,3110672,412
20223,3110671,5095
20223,3110670,1377
20223,3110669,4506
20223,3110668,3551
20223,3110667,486
20223,3110666,721
20223,3110665,4225
20223,3110664,4308
20223,3110663,5433
20223,3110662,2839
20223,3110661,4265
20223,3110660,7903
20223,3110659,3095
20223,3110658,1857
20223,3110657,5126
20223,3110656,2880
20223,3110655,5556
20223,3110654,3221
20223,3110653,3259
20223,3110652,2869
20223,3110651,1808
20223,3110650,1209
20223,3110649,1872
20223,3110648,5112
20223,3110647,4475
20223,3110646,4253
20223,3110645,2187
20223,3110644,323
20223,3110643,1502
20223,3110642,636
20223,3110641,1255
20223,3110640,2549
20223,3110639,1334
20223,3110638,4251
20223,3110637,2618
20223,3110636,2564
20223,3110635,2206
20223,3110634,4529
20223,3110633,2070
20223,3110632,3034
20223,3110631,1198
20223,3110630,2190
20223,3110629,1807
20223,3110628,1656
20223,3110627,11643
20223,3110626,3030
20223,3110625,11676
20223,3110624,384
20223,3110623,294
20223,3110622,2118
20223,3110621,843
20223,3110620,1366
20223,3110619,1287
20223,3110618,2871
20223,3110617,1223
20223,3110616,4587
20223,3110615,6708
20223,3110614,2603
20223,3110613,6012
20223,3110612,7436
20223,3110611,3016
20223,3110610,828
20223,3110609,1394
20223,3110608,2496
20223,3110607,1056
20223,3110606,2717
20223,3110605,1005
20223,3110604,2312
20223,3110603,983
20223,3110602,1919
20223,3110601,1722
20223,3110600,2748
20223,3110599,1544
20223,3110598,2371
20223,3110597,2795
20223,3110596,1234
20223,3110595,2449
20223,3110594,505
20223,3110593,1778
20223,3110592,1586
20223,3110591,2801
20223,3110590,1179
20223,3110589,681
20223,3110588,2743
20223,3110587,5700
20223,3110586,9070
20223,3110585,1223
20223,3110584,1381
20223,3110583,4482
20223,3110582,1094
20223,3110581,9258
20223,3110580,814
20223,3110579,6665
20223,3110578,2680
20223,3110577,7163
20223,3110576,3004
20223,3110575,1593
20223,3110574,1135
20223,3110573,1457
20223,3110572,3311
20223,3110571,1746
20223,3110570,1312
20223,3110569,3230
20223,3110568,370
20223,3110567,453
20223,3110566,5337
20223,3110565,1662
20223,3110564,3915
20223,3110563,1509
20223,3110562,2941
20223,3110561,2898
20223,3110560,3770
20223,3110559,3731
20223,3110558,5044
20223,3110557,4538
20223,3110556,676
20223,3110555,3739
20223,3110554,5410
20223,3110553,1220
20223,3110552,2692
20223,3110551,3163
20223,3110550,5846
20223,3110549,1954
20223,3110548,4090
20223,3110547,5666
20223,3110546,1217
20223,3110545,2117
20223,3110544,6518
20223,3110543,1
20223,3110542,3813
20223,3110541,2850
20223,3110540,743
20223,3110539,13182
20223,3110538,6815
20223,3110537,8000
20223,3110536,3832
20223,3110535,814
20223,3110534,2932
20223,3110533,4718
20223,3110532,1773
20223,3110531,796
20223,3110530,1451
20223,3110529,2191
20223,3110528,2395
20223,3110527,2184
20223,3110526,35
20223,3110525,2136
20223,3110524,71
20223,3110523,435
20223,3110522,2100
20223,3110521,2190
20223,3110520,1266
20223,3110519,1216
20223,3110518,2125
20223,3110517,2750
20223,3110516,1177
20223,3110515,271
20223,3110514,1654
20223,3110513,2977
20223,3110512,2642
20223,3110511,3787
20223,3110510,910
20223,3110509,2500
20223,3110508,3467
20223,3110507,1589
20223,3110506,1596
20223,3110505,222
20223,3110504,226
20223,3110503,1170
20223,3110502,725
20223,3110501,617
20223,3110500,221
20223,3110499,337
20223,3110498,1878
20223,3110497,1917
20223,3110496,906
20223,3110495,1957
20223,3110494,518
20223,3110493,366
20223,3110492,121
20223,3110491,304
20223,3110490,1171
20223,3110489,787
20223,3110488,1752
20223,3110487,1862
20223,3110486,1848
20223,3110485,1545
20223,3110484,2486
20223,3110483,1901
20223,3110482,449
20223,3110481,2098
20223,3110480,1662
20223,3110479,3903
20223,3110478,2041
20223,3110477,2617
20223,3110476,230
20223,3110475,986
20223,3110474,1373
20223,3110473,2644
20223,3110472,2568
20223,3110471,1161
20223,3110470,1040
20223,3110469,1849
20223,3110468,3198
20223,3110467,1539
20223,3110466,1567
20223,3110465,3127
20223,3110464,2730
20223,3110463,1147
20223,3110462,668
20223,3110461,1431
20223,3110460,3074
20223,3110459,1983
20223,3110458,1156
20223,3110457,2224
20223,3110456,1772
20223,3110455,2062
20223,3110454,1134
20223,3110453,1393
20223,3110452,1463
20223,3110451,1825
20223,3110450,1591
20223,3110449,1816
20223,3110448,264
20223,3110447,92
20223,3110446,384
20223,3110445,133
20223,3110444,735
20223,3110443,259
20223,3110442,132
20223,3110441,121
20223,3110440,186
20223,3110439,426
20223,3110438,1736
20223,3110437,522
20223,3110436,1516
20223,3110435,399
20223,3110434,4100
20223,3110433,4776
20223,3110432,609
20223,3110431,1590
20223,3110430,1345
20223,3110429,5918
20223,3110428,1334
20223,3110427,405
20223,3110426,811
20223,3110425,1468
20223,3110424,1088
20223,3110423,1517
20223,3110422,690
20223,3110421,1615
20223,3110420,480
20223,3110419,2759
20223,3110418,609
20223,3110417,54
20223,3110416,1603
20223,3110415,2881
20223,3110414,298
20223,3110413,631
20223,3110412,128
20223,3110411,813
20223,3110410,1842
20223,3110409,3411
20223,3110408,2315
20223,3110407,1201
20223,3110406,577
20223,3110405,2300
20223,3110404,1264
20223,3110403,2603
20223,3110402,1587
20223,3110401,2278
20223,3110400,2642
20223,3110399,1313
20223,3110398,1939
20223,3110397,1146
20223,3110396,1599
20223,3110395,1152
20223,3110394,2060
20223,3110393,1100
20223,3110392,314
20223,3110391,254
20223,3110390,1433
20223,3110389,553
20223,3110388,602
20223,3110387,368
20223,3110386,161
20223,3110385,65
20223,3110384,271
20223,3110383,457
20223,3110382,552
20223,3110381,240
20223,3110380,49
20223,3110379,172
20223,3110378,239
20223,3110377,861
20223,3110376,1850
20223,3110375,522
20223,3110374,571
20223,3110373,2373
20223,3110372,882
20223,3110371,790
20223,3110370,638
20223,3110369,2476
20223,3110368,270
20223,3110367,2711
20223,3110366,978
20223,3110365,852
20223,3110364,866
20223,3110363,204
20223,3110362,917
20223,3110361,428
20223,3110360,2563
20223,3110359,2305
20223,3110358,2717
20223,3110357,1393
20223,3110356,872
20223,3110355,600
20223,3110354,439
20223,3110353,1228
20223,3110352,392
20223,3110351,928
20223,3110350,1076
20223,3110349,281
20223,3110348,1276
20223,3110347,107
20223,3110346,846
20223,3110345,858
20223,3110344,208
20223,3110343,1179
20223,3110342,388
20223,3110341,489
20223,3110340,1082
20223,3110339,906
20223,3110338,396
20223,3110337,1144
20223,3110336,601
20223,3110335,2003
20223,3110334,768
20223,3110333,1816
20223,3110332,1000
20223,3110331,1469
20223,3110330,1122
20223,3110329,278
20223,3110328,1143
20223,3110327,1130
20223,3110326,230
20223,3110325,278
20223,3110324,1955
20223,3110323,1710
20223,3110322,247
20223,3110321,324
20223,3110320,4845
20223,3110319,7803
20223,3110318,3853
20223,3110317,5156
20223,3110316,2044
20223,3110315,10714
20223,3110314,9651
20223,3110313,1826
20223,3110312,1298
20223,3110311,845
20223,3110310,1295
20223,3110309,1914
20223,3110308,2645
20223,3110307,3752
20223,3110306,1663
20223,3110305,2938
20223,3110304,3423
20223,3110303,1370
20223,3110302,2665
20223,3110301,1274
20223,3110300,7184
20223,3110299,1644
20223,3110298,675
20223,3110297,10984
20223,3110296,3328
20223,3110295,1845
20223,3110294,1414
20223,3110293,9835
20223,3110292,803
20223,3110291,2686
20223,3110290,412
20223,3110289,1120
20223,3110288,8651
20223,3110287,151
20223,3110286,8578
20223,3110285,4757
20223,3110284,205
20223,3110283,3969
20223,3110282,169
20223,3110281,1937
20223,3110280,2096
20223,3110279,169
20223,3110278,949
20223,3110277,1286
20223,3110276,297
20223,3110275,1245
20223,3110274,712
20223,3110273,1278
20223,3110272,1658
20223,3110271,211
20223,3110270,410
20223,3110269,802
20223,3110268,748
20223,3110267,1297
20223,3110266,1120
20223,3110265,3527
20223,3110264,1241
20223,3110263,1793
20223,3110262,2691
20223,3110261,1586
20223,3110260,1182
20223,3110259,1329
20223,3110258,854
20223,3110257,2013
20223,3110256,2391
20223,3110255,3300
20223,3110254,1079
20223,3110253,1030
20223,3110252,1430
20223,3110251,971
20223,3110250,796
20223,3110249,1979
20223,3110248,307
20223,3110247,1562
20223,3110246,1554
20223,3110245,701
20223,3110244,1564
20223,3110243,1225
20223,3110242,1031
20223,3110241,2360
20223,3110240,263
20223,3110239,98
20223,3110238,679
20223,3110237,1436
20223,3110236,1688
20223,3110235,128
20223,3110234,1201
20223,3110233,901
20223,3110232,2495
20223,3110231,337
20223,3110230,3427
20223,3110229,5857
20223,3110228,4393
20223,3110227,1578
20223,3110226,7522
20223,3110225,1473
20223,3110224,468
20223,3110223,4343
20223,3110222,914
20223,3110221,369
20223,3110220,897
20223,3110219,1708
20223,3110218,2074
20223,3110217,2327
20223,3110216,473
20223,3110215,1267
20223,3110214,624
20223,3110213,448
20223,3110212,2062
20223,3110211,907
20223,3110210,947
20223,3110209,737
20223,3110208,429
20223,3110207,1081
20223,3110206,461
20223,3110205,452
20223,3110204,695
20223,3110203,1075
20223,3110202,451
20223,3110201,139
20223,3110200,1009
20223,3110199,1836
20223,3110198,1919
20223,3110197,68
20223,3110196,416
20223,3110195,3588
20223,3110194,2056
20223,3110193,650
20223,3110192,2824
20223,3110191,670
20223,3110190,1073
20223,3110189,3030
20223,3110188,5478
20223,3110187,5887
20223,3110186,948
20223,3110185,5113
20223,3110184,4660
20223,3110183,3717
20223,3110182,2909
20223,3110181,10491
20223,3110180,6302
20223,3110179,1090
20223,3110178,1090
20223,3110177,121
20223,3110176,2624
20223,3110175,4449
20223,3110174,3529
20223,3110173,2255
20223,3110172,2277
20223,3110171,1703
20223,3110170,2764
20223,3110169,3171
20223,3110168,980
20223,3110167,3667
20223,3110166,4362
20223,3110165,1574
20223,3110164,1958
20223,3110163,2155
20223,3110162,2374
20223,3110161,1131
20223,3110160,952
20223,3110159,9577
20223,3110158,1422
20223,3110157,2430
20223,3110156,2602
20223,3110155,5896
20223,3110154,4230
20223,3110153,3060
20223,3110152,1096
20223,3110151,2974
20223,3110150,3510
20223,3110149,781
20223,3110148,186
20223,3110147,1582
20223,3110146,1583
20223,3110145,319
20223,3110144,362
20223,3110143,297
20223,3110142,3753
20223,3110141,2028
20223,3110140,4507
20223,3110139,786
20223,3110138,1879
20223,3110137,13432
20223,3110136,11071
20223,3110135,6507
20223,3110134,2432
20223,3110133,2426
20223,3110132,3927
20223,3110131,12609
20223,3110130,652
20223,3110129,3925
20223,3110128,2011
20223,3110127,2956
20223,3110126,2667
20223,3110125,282
20223,3110124,2211
20223,3110123,1757
20223,3110122,1761
20223,3110121,103
20223,3110120,178
20223,3110119,1558
20223,3110118,837
20223,3110117,2468
20223,3110116,4575
20223,3110115,2571
20223,3110114,1190
20223,3110113,497
20223,3110112,1120
20223,3110111,222
20223,3110110,1022
20223,3110109,1602
20223,3110108,814
20223,3110107,1319
20223,3110106,468
20223,3110105,1768
20223,3110104,322
20223,3110103,1252
20223,3110102,1832
20223,3110101,1654
20223,3110100,1654
20223,3110099,9233
20223,3110098,9787
20223,3110097,7114
20223,3110096,2665
20223,3110095,21902
20223,3110094,190
20223,3110093,21696
20223,3110092,969
20223,3110091,21221
20223,3110090,2702
20223,3110089,5057
20223,3110088,4134
20223,3110087,14424
20223,3110086,19464
20223,3110085,3150
20223,3110084,1010
20223,3110083,4543
20223,3110082,18132
20223,3110081,663
20223,3110080,1081
20223,3110079,14351
20223,3110078,1320
20223,3110077,2600
20223,3110076,1925
20223,3110075,9017
20223,3110074,9894
20223,3110073,6713
20223,3110072,604
20223,3110071,1963
20223,3110070,168
20223,3110069,6077
20223,3110068,8149
20223,3110067,3839
20223,3110066,1977
20223,3110065,1860
20223,3110064,3170
20223,3110063,4753
20223,3110062,15582
20223,3110061,1866
20223,3110060,4084
20223,3110059,2267
20223,3110058,5005
20223,3110057,709
20223,3110056,1558
20223,3110055,626
20223,3110054,10660
20223,3110053,1782
20223,3110052,6402
20223,3110051,4621
20223,3110050,11113
20223,3110049,11914
20223,3110048,8918
20223,3110047,10314
20223,3110046,3801
20223,3110045,14308
20223,3110044,9303
20223,3110043,11480
20223,3110042,3539
20223,3110041,5560
20223,3110040,5698
20223,3110039,19001
20223,3110038,9289
20223,3110037,1909
20223,3110036,1381
20223,3110035,1927
20223,3110034,1807
20223,3110033,335
20223,3110032,2374
20223,3110031,206
20223,3110030,1428
20223,3110029,1356
20223,3110028,3209
20223,3110027,1644
20223,3110026,4551
20223,3110025,3220
20223,3110024,3874
20223,3110023,600
20223,3110022,4022
20223,3110021,2776
20223,3110020,1880
20223,3110019,6406
20223,3110018,12522
20223,3110017,2799
20223,3110016,5129
20223,3110015,4204
20223,3110014,1117
20223,3110013,4134
20223,3110012,25422
20223,3110011,539
20223,3110010,4188
20223,3110009,441
20223,3110008,6282
20223,3110007,1871
20223,3110006,237
20223,3110005,1631
20223,3110004,167
20223,3110003,3448
20223,3110002,492
20223,3110001,3344
20222,3111090,156
20222,3111089,1403
20222,3111088,694
20222,3111087,340
20222,3111086,450
20222,3111085,799
20222,3111084,561
20222,3111083,1557
20222,3111082,309
20222,3111081,921
20222,3111080,3830
20222,3111079,1048
20222,3111078,4284
20222,3111077,6890
20222,3111076,2623
20222,3111075,3496
20222,3111074,1739
20222,3111073,4556
20222,3111072,2302
20222,3111071,1950
20222,3111070,1129
20222,3111069,1211
20222,3111068,3088
20222,3111067,5787
20222,3111066,1140
20222,3111065,436
20222,3111064,2348
20222,3111063,823
20222,3111062,2942
20222,3111061,3698
20222,3111060,3279
20222,3111059,3933
20222,3111058,1606
20222,3111057,979
20222,3111056,1533
20222,3111055,1028
20222,3111054,1705
20222,3111053,8588
20222,3111052,2159
20222,3111051,3229
20222,3111050,3019
20222,3111049,1186
20222,3111048,1130
20222,3111047,507
20222,3111046,1911
20222,3111045,917
20222,3111044,1638
20222,3111043,1305
20222,3111042,5795
20222,3111041,1988
20222,3111040,2677
20222,3111039,4614
20222,3111038,3650
20222,3111037,2819
20222,3111036,1640
20222,3111035,4319
20222,3111034,6919
20222,3111033,2538
20222,3111032,15288
20222,3111031,6064
20222,3111030,12515
20222,3111029,6227
20222,3111028,4806
20222,3111027,31501
20222,3111026,28692
20222,3111025,9027
20222,3111024,18303
20222,3111023,26720
20222,3111022,9960
20222,3111021,11116
20222,3111020,657
20222,3111019,13054
20222,3111018,159
20222,3111017,6459
20222,3111016,6158
20222,3111015,16794
20222,3111014,18249
20222,3111013,22340
20222,3111012,5390
20222,3111011,4342
20222,3111010,10919
20222,3111009,968
20222,3111008,2696
20222,3111007,1896
20222,3111006,3967
20222,3111005,2291
20222,3111004,8245
20222,3111003,4163
20222,3111002,53
20222,3111001,125
20222,3111000,61
20222,3110999,188
20222,3110998,99
20222,3110997,1871
20222,3110996,19487
20222,3110995,20806
20222,3110994,4115
20222,3110993,466
20222,3110992,18281
20222,3110991,58915
20222,3110990,9171
20222,3110989,13600
20222,3110988,9737
20222,3110987,6365
20222,3110986,9010
20222,3110985,14273
20222,3110984,4097
20222,3110983,4138
20222,3110982,3621
20222,3110981,7686
20222,3110980,20537
20222,3110979,8263
20222,3110978,53847
20222,3110977,13251
20222,3110976,11603
20222,3110975,36976
20222,3110974,8942
20222,3110973,10837
20222,3110972,13102
20222,3110971,27532
20222,3110970,9306
20222,3110969,37094
20222,3110968,13629
20222,3110967,26007
20222,3110966,22585
20222,3110965,16366
20222,3110964,12690
20222,3110963,23326
20222,3110962,9333
20222,3110961,18815
20222,3110960,21588
20222,3110959,9454
20222,3110958,21411
20222,3110957,22062
20222,3110956,11804
20222,3110955,19744
20222,3110954,12790
20222,3110953,15929
20222,3110952,6659
20222,3110951,11723
20222,3110950,12931
20222,3110949,8270
20222,3110948,49
20222,3110947,511
20222,3110946,391
20222,3110945,222
20222,3110944,552
20222,3110943,7782
20222,3110942,9681
20222,3110941,5482
20222,3110940,8862
20222,3110939,62607
20222,3110938,6030
20222,3110937,7178
20222,3110936,5849
20222,3110935,4198
20222,3110934,672
20222,3110933,4612
20222,3110932,4552
20222,3110931,68
20222,3110930,8772
20222,3110929,28521
20222,3110928,14676
20222,3110927,276
20222,3110926,10714
20222,3110925,5542
20222,3110924,9915
20222,3110923,8364
20222,3110922,10976
20222,3110921,11055
20222,3110920,8623
20222,3110919,9725
20222,3110918,7693
20222,3110917,4034
20222,3110916,15161
20222,3110915,4206
20222,3110914,8812
20222,3110913,9434
20222,3110912,3027
20222,3110911,8409
20222,3110910,10989
20222,3110909,350
20222,3110908,11741
20222,3110907,10953
20222,3110906,4137
20222,3110905,3833
20222,3110904,6940
20222,3110903,11048
20222,3110902,4364
20222,3110901,810
20222,3110900,1610
20222,3110899,1260
20222,3110898,210
20222,3110897,4482
20222,3110896,1076
20222,3110895,6828
20222,3110894,511
20222,3110893,870
20222,3110892,5628
20222,3110891,1345
20222,3110890,1800
20222,3110889,274
20222,3110888,1126
20222,3110887,425
20222,3110886,1299
20222,3110885,1383
20222,3110884,1292
20222,3110883,1352
20222,3110882,2397
20222,3110881,1232
20222,3110880,1786
20222,3110879,1310
20222,3110878,290
20222,3110877,2393
20222,3110876,388
20222,3110875,690
20222,3110874,814
20222,3110873,5561
20222,3110872,182
20222,3110871,1070
20222,3110870,81
20222,3110869,5572
20222,3110868,2181
20222,3110867,2426
20222,3110866,686
20222,3110865,1775
20222,3110864,1445
20222,3110863,1825
20222,3110862,1355
20222,3110861,5148
20222,3110860,3433
20222,3110859,319
20222,3110858,1461
20222,3110857,1497
20222,3110856,2868
20222,3110855,5261
20222,3110854,1470
20222,3110853,4657
20222,3110852,4200
20222,3110851,3311
20222,3110850,7929
20222,3110849,2924
20222,3110848,2230
20222,3110847,1700
20222,3110846,2740
20222,3110845,244
20222,3110844,10
20222,3110843,1185
20222,3110842,40
20222,3110841,10
20222,3110840,71
20222,3110839,1110
20222,3110838,1046
20222,3110837,2126
20222,3110836,2042
20222,3110835,1194
20222,3110834,179
20222,3110833,854
20222,3110832,3591
20222,3110831,393
20222,3110830,906
20222,3110829,1482
20222,3110828,3736
20222,3110827,1815
20222,3110826,1918
20222,3110825,2661
20222,3110824,2286
20222,3110823,13550
20222,3110822,5153
20222,3110821,7637
20222,3110820,2021
20222,3110819,5301
20222,3110818,2969
20222,3110817,3314
20222,3110816,2417
20222,3110815,4670
20222,3110814,3718
20222,3110813,3517
20222,3110812,3504
20222,3110811,3833
20222,3110810,2679
20222,3110809,1706
20222,3110808,769
20222,3110807,741
20222,3110806,1844
20222,3110805,297
20222,3110804,1353
20222,3110803,2224
20222,3110802,1653
20222,3110801,80
20222,3110800,3290
20222,3110799,927
20222,3110798,740
20222,3110797,206
20222,3110796,2263
20222,3110795,1477
20222,3110794,4404
20222,3110793,397
20222,3110792,4381
20222,3110791,740
20222,3110790,1192
20222,3110789,2821
20222,3110788,1281
20222,3110787,665
20222,3110786,2777
20222,3110785,678
20222,3110784,1197
20222,3110783,2578
20222,3110782,2145
20222,3110781,1738
20222,3110780,1118
20222,3110779,289
20222,3110778,10312
20222,3110777,27564
20222,3110776,3771
20222,3110775,2096
20222,3110774,6522
20222,3110773,3068
20222,3110772,1278
20222,3110771,2727
20222,3110770,4191
20222,3110769,1722
20222,3110768,393
20222,3110767,3889
20222,3110766,4728
20222,3110765,13654
20222,3110764,2124
20222,3110763,7323
20222,3110762,10053
20222,3110761,5805
20222,3110760,9720
20222,3110759,44054
20222,3110758,1549
20222,3110757,2555
20222,3110756,2596
20222,3110755,1819
20222,3110754,1559
20222,3110753,1964
20222,3110752,1704
20222,3110751,2012
20222,3110750,1449
20222,3110749,1367
20222,3110748,1008
20222,3110747,448
20222,3110746,1552
20222,3110745,1130
20222,3110744,2030
20222,3110743,2561
20222,3110742,790
20222,3110741,1908
20222,3110740,3388
20222,3110739,1062
20222,3110738,3092
20222,3110737,2587
20222,3110736,3154
20222,3110735,2845
20222,3110734,1768
20222,3110733,1463
20222,3110732,3401
20222,3110731,2844
20222,3110730,2899
20222,3110729,3810
20222,3110728,3508
20222,3110727,1411
20222,3110726,130
20222,3110725,2446
20222,3110724,9329
20222,3110723,8724
20222,3110722,22909
20222,3110721,13854
20222,3110720,1790
20222,3110719,11231
20222,3110718,6134
20222,3110717,17931
20222,3110716,1643
20222,3110715,2146
20222,3110714,1977
20222,3110713,5995
20222,3110712,1645
20222,3110711,3061
20222,3110710,13797
20222,3110709,1053
20222,3110708,1352
20222,3110707,2195
20222,3110706,1697
20222,3110705,1061
20222,3110704,427
20222,3110703,6170
20222,3110702,5509
20222,3110701,1082
20222,3110700,2119
20222,3110699,711
20222,3110698,5015
20222,3110697,292
20222,3110696,3913
20222,3110695,3964
20222,3110694,4703
20222,3110693,2441
20222,3110692,2916
20222,3110691,3181
20222,3110690,3098
20222,3110689,4203
20222,3110688,1472
20222,3110687,186
20222,3110686,864
20222,3110685,43
20222,3110684,328
20222,3110683,328
20222,3110682,254
20222,3110681,540
20222,3110680,953
20222,3110679,3248
20222,3110678,1703
20222,3110677,1926
20222,3110676,4290
20222,3110675,2516
20222,3110674,735
20222,3110673,3243
20222,3110672,412
20222,3110671,5095
20222,3110670,1377
20222,3110669,4506
20222,3110668,3551
20222,3110667,486
20222,3110666,721
20222,3110665,4225
20222,3110664,4308
20222,3110663,5433
20222,3110662,2839
20222,3110661,4265
20222,3110660,7903
20222,3110659,3095
20222,3110658,1857
20222,3110657,5126
20222,3110656,2880
20222,3110655,5556
20222,3110654,3221
20222,3110653,3259
20222,3110652,2869
20222,3110651,1808
20222,3110650,1209
20222,3110649,1872
20222,3110648,5112
20222,3110647,4475
20222,3110646,4253
20222,3110645,2187
20222,3110644,323
20222,3110643,1502
20222,3110642,636
20222,3110641,1255
20222,3110640,2549
20222,3110639,1334
20222,3110638,4251
20222,3110637,2618
20222,3110636,2564
20222,3110635,2206
20222,3110634,4529
20222,3110633,2070
20222,3110632,3034
20222,3110631,1198
20222,3110630,2190
20222,3110629,1807
20222,3110628,1656
20222,3110627,11643
20222,3110626,3030
20222,3110625,11676
20222,3110624,384
20222,3110623,294
20222,3110622,2118
20222,3110621,843
20222,3110620,1366
20222,3110619,1287
20222,3110618,2871
20222,3110617,1223
20222,3110616,4587
20222,3110615,6708
20222,3110614,2603
20222,3110613,6012
20222,3110612,7436
20222,3110611,3016
20222,3110610,828
20222,3110609,1394
20222,3110608,2496
20222,3110607,1056
20222,3110606,2717
20222,3110605,1005
20222,3110604,2312
20222,3110603,983
20222,3110602,1919
20222,3110601,1722
20222,3110600,2748
20222,3110599,1544
20222,3110598,2371
20222,3110597,2795
20222,3110596,1234
20222,3110595,2449
20222,3110594,505
20222,3110593,1778
20222,3110592,1586
20222,3110591,2801
20222,3110590,1179
20222,3110589,681
20222,3110588,2743
20222,3110587,5700
20222,3110586,9070
20222,3110585,1223
20222,3110584,1381
20222,3110583,4482
20222,3110582,1094
20222,3110581,9258
20222,3110580,814
20222,3110579,6665
20222,3110578,2680
20222,3110577,7163
20222,3110576,3004
20222,3110575,1593
20222,3110574,1135
20222,3110573,1457
20222,3110572,3311
20222,3110571,1746
20222,3110570,1312
20222,3110569,3230
20222,3110568,370
20222,3110567,453
20222,3110566,5337
20222,3110565,1662
20222,3110564,3915
20222,3110563,1509
20222,3110562,2941
20222,3110561,2898
20222,3110560,3770
20222,3110559,3731
20222,3110558,5044
20222,3110557,4538
20222,3110556,676
20222,3110555,3739
20222,3110554,5410
20222,3110553,1220
20222,3110552,2692
20222,3110551,3163
20222,3110550,5846
20222,3110549,1954
20222,3110548,4090
20222,3110547,5666
20222,3110546,1217
20222,3110545,2117
20222,3110544,6518
20222,3110543,1
20222,3110542,3813
20222,3110541,2850
20222,3110540,743
20222,3110539,13182
20222,3110538,6815
20222,3110537,8000
20222,3110536,3832
20222,3110535,814
20222,3110534,2932
20222,3110533,4718
20222,3110532,1773
20222,3110531,796
20222,3110530,1451
20222,3110529,2191
20222,3110528,2395
20222,3110527,2184
20222,3110526,35
20222,3110525,2136
20222,3110524,71
20222,3110523,435
20222,3110522,2100
20222,3110521,2190
20222,3110520,1266
20222,3110519,1216
20222,3110518,2125
20222,3110517,2750
20222,3110516,1177
20222,3110515,271
20222,3110514,1654
20222,3110513,2977
20222,3110512,2642
20222,3110511,3787
20222,3110510,910
20222,3110509,2500
20222,3110508,3467
20222,3110507,1589
20222,3110506,1596
20222,3110505,222
20222,3110504,226
20222,3110503,1170
20222,3110502,725
20222,3110501,617
20222,3110500,221
20222,3110499,337
20222,3110498,1878
20222,3110497,1917
20222,3110496,906
20222,3110495,1957
20222,3110494,518
20222,3110493,366
20222,3110492,121
20222,3110491,304
20222,3110490,1171
20222,3110489,787
20222,3110488,1752
20222,3110487,1862
20222,3110486,1848
20222,3110485,1545
20222,3110484,2486
20222,3110483,1901
20222,3110482,449
20222,3110481,2098
20222,3110480,1662
20222,3110479,3903
20222,3110478,2041
20222,3110477,2617
20222,3110476,230
20222,3110475,986
20222,3110474,1373
20222,3110473,2644
20222,3110472,2568
20222,3110471,1161
20222,3110470,1040
20222,3110469,1849
20222,3110468,3198
20222,3110467,1539
20222,3110466,1567
20222,3110465,3127
20222,3110464,2730
20222,3110463,1147
20222,3110462,668
20222,3110461,1431
20222,3110460,3074
20222,3110459,1983
20222,3110458,1156
20222,3110457,2224
20222,3110456,1772
20222,3110455,2062
20222,3110454,1134
20222,3110453,1393
20222,3110452,1463
20222,3110451,1825
20222,3110450,1591
20222,3110449,1816
20222,3110448,264
20222,3110447,92
20222,3110446,384
20222,3110445,133
20222,3110444,735
20222,3110443,259
20222,3110442,132
20222,3110441,121
20222,3110440,186
20222,3110439,426
20222,3110438,1736
20222,3110437,522
20222,3110436,1516
20222,3110435,399
20222,3110434,4100
20222,3110433,4776
20222,3110432,609
20222,3110431,1590
20222,3110430,1345
20222,3110429,5918
20222,3110428,1334
20222,3110427,405
20222,3110426,811
20222,3110425,1468
20222,3110424,1088
20222,3110423,1517
20222,3110422,690
20222,3110421,1615
20222,3110420,480
20222,3110419,2759
20222,3110418,609
20222,3110417,54
20222,3110416,1603
20222,3110415,2881
20222,3110414,298
20222,3110413,631
20222,3110412,128
20222,3110411,813
20222,3110410,1842
20222,3110409,3411
20222,3110408,2315
20222,3110407,1201
20222,3110406,577
20222,3110405,2300
20222,3110404,1264
20222,3110403,2603
20222,3110402,1587
20222,3110401,2278
20222,3110400,2642
20222,3110399,1313
20222,3110398,1939
20222,3110397,1146
20222,3110396,1599
20222,3110395,1152
20222,3110394,2060
20222,3110393,1100
20222,3110392,314
20222,3110391,254
20222,3110390,1433
20222,3110389,553
20222,3110388,602
20222,3110387,368
20222,3110386,161
20222,3110385,65
20222,3110384,271
20222,3110383,457
20222,3110382,552
20222,3110381,240
20222,3110380,49
20222,3110379,172
20222,3110378,239
20222,3110377,861
20222,3110376,1850
20222,3110375,522
20222,3110374,571
20222,3110373,2373
20222,3110372,882
20222,3110371,790
20222,3110370,638
20222,3110369,2476
20222,3110368,270
20222,3110367,2711
20222,3110366,978
20222,3110365,852
20222,3110364,866
20222,3110363,204
20222,3110362,917
20222,3110361,428
20222,3110360,2563
20222,3110359,2305
20222,3110358,2717
20222,3110357,1393
20222,3110356,872
20222,3110355,600
20222,3110354,439
20222,3110353,1228
20222,3110352,392
20222,3110351,928
20222,3110350,1076
20222,3110349,281
20222,3110348,1276
20222,3110347,107
20222,3110346,846
20222,3110345,858
20222,3110344,208
20222,3110343,1179
20222,3110342,388
20222,3110341,489
20222,3110340,1082
20222,3110339,906
20222,3110338,396
20222,3110337,1144
20222,3110336,601
20222,3110335,2003
20222,3110334,768
20222,3110333,1816
20222,3110332,1000
20222,3110331,1469
20222,3110330,1122
20222,3110329,278
20222,3110328,1143
20222,3110327,1130
20222,3110326,230
20222,3110325,278
20222,3110324,1955
20222,3110323,1710
20222,3110322,247
20222,3110321,324
20222,3110320,4845
20222,3110319,7803
20222,3110318,3853
20222,3110317,5156
20222,3110316,2044
20222,3110315,10714
20222,3110314,9651
20222,3110313,1826
20222,3110312,1298
20222,3110311,845
20222,3110310,1295
20222,3110309,1914
20222,3110308,2645
20222,3110307,3752
20222,3110306,1663
20222,3110305,2938
20222,3110304,3423
20222,3110303,1370
20222,3110302,2665
20222,3110301,1274
20222,3110300,7184
20222,3110299,1644
20222,3110298,675
20222,3110297,10984
20222,3110296,3328
20222,3110295,1845
20222,3110294,1414
20222,3110293,9835
20222,3110292,803
20222,3110291,2686
20222,3110290,412
20222,3110289,1120
20222,3110288,8651
20222,3110287,151
20222,3110286,8578
20222,3110285,4757
20222,3110284,205
20222,3110283,3969
20222,3110282,169
20222,3110281,1937
20222,3110280,2096
20222,3110279,169
20222,3110278,949
20222,3110277,1286
20222,3110276,297
20222,3110275,1245
20222,3110274,712
20222,3110273,1278
20222,3110272,1658
20222,3110271,211
20222,3110270,410
20222,3110269,802
20222,3110268,748
20222,3110267,1297
20222,3110266,1120
20222,3110265,3527
20222,3110264,1241
20222,3110263,1793
20222,3110262,2691
20222,3110261,1586
20222,3110260,1182
20222,3110259,1329
20222,3110258,854
20222,3110257,2013
20222,3110256,2391
20222,3110255,3300
20222,3110254,1079
20222,3110253,1030
20222,3110252,1430
20222,3110251,971
20222,3110250,796
20222,3110249,1979
20222,3110248,307
20222,3110247,1562
20222,3110246,1554
20222,3110245,701
20222,3110244,1564
20222,3110243,1225
20222,3110242,1031
20222,3110241,2360
20222,3110240,263
20222,3110239,98
20222,3110238,679
20222,3110237,1436
20222,3110236,1688
20222,3110235,128
20222,3110234,1201
20222,3110233,901
20222,3110232,2495
20222,3110231,337
20222,3110230,3427
20222,3110229,5857
20222,3110228,4393
20222,3110227,1578
20222,3110226,7522
20222,3110225,1473
20222,3110224,468
20222,3110223,4343
20222,3110222,914
20222,3110221,369
20222,3110220,897
20222,3110219,1708
20222,3110218,2074
20222,3110217,2327
20222,3110216,473
20222,3110215,1267
20222,3110214,624
20222,3110213,448
20222,3110212,2062
20222,3110211,907
20222,3110210,947
20222,3110209,737
20222,3110208,429
20222,3110207,1081
20222,3110206,461
20222,3110205,452
20222,3110204,695
20222,3110203,1075
20222,3110202,451
20222,3110201,139
20222,3110200,1009
20222,3110199,1836
20222,3110198,1919
20222,3110197,68
20222,3110196,416
20222,3110195,3588
20222,3110194,2056
20222,3110193,650
20222,3110192,2824
20222,3110191,670
20222,3110190,1073
20222,3110189,3030
20222,3110188,5478
20222,3110187,5887
20222,3110186,948
20222,3110185,5113
20222,3110184,4660
20222,3110183,3717
20222,3110182,2909
20222,3110181,10491
20222,3110180,6302
20222,3110179,1090
20222,3110178,1090
20222,3110177,121
20222,3110176,2624
20222,3110175,4449
20222,3110174,3529
20222,3110173,2255
20222,3110172,2277
20222,3110171,1703
20222,3110170,2764
20222,3110169,3171
20222,3110168,980
20222,3110167,3667
20222,3110166,4362
20222,3110165,1574
20222,3110164,1958
20222,3110163,2155
20222,3110162,2374
20222,3110161,1131
20222,3110160,952
20222,3110159,9577
20222,3110158,1422
20222,3110157,2430
20222,3110156,2602
20222,3110155,5896
20222,3110154,4230
20222,3110153,3060
20222,3110152,1096
20222,3110151,2974
20222,3110150,3510
20222,3110149,781
20222,3110148,186
20222,3110147,1582
20222,3110146,1583
20222,3110145,319
20222,3110144,362
20222,3110143,297
20222,3110142,3753
20222,3110141,2028
20222,3110140,4507
20222,3110139,786
20222,3110138,1879
20222,3110137,13432
20222,3110136,11071
20222,3110135,6507
20222,3110134,2432
20222,3110133,2426
20222,3110132,3927
20222,3110131,12609
20222,3110130,652
20222,3110129,3925
20222,3110128,2011
20222,3110127,2956
20222,3110126,2667
20222,3110125,282
20222,3110124,2211
20222,3110123,1757
20222,3110122,1761
20222,3110121,103
20222,3110120,178
20222,3110119,1558
20222,3110118,837
20222,3110117,2468
20222,3110116,4575
20222,3110115,2571
20222,3110114,1190
20222,3110113,497
20222,3110112,1120
20222,3110111,222
20222,3110110,1022
20222,3110109,1602
20222,3110108,814
20222,3110107,1319
20222,3110106,468
20222,3110105,1768
20222,3110104,322
20222,3110103,1252
20222,3110102,1832
20222,3110101,1654
20222,3110100,1654
20222,3110099,9233
20222,3110098,9787
20222,3110097,7114
20222,3110096,2665
20222,3110095,21902
20222,3110094,190
20222,3110093,21696
20222,3110092,969
20222,3110091,21221
20222,3110090,2702
20222,3110089,5057
20222,3110088,4134
20222,3110087,14424
20222,3110086,19464
20222,3110085,3150
20222,3110084,1010
20222,3110083,4543
20222,3110082,18132
20222,3110081,663
20222,3110080,1081
20222,3110079,14351
20222,3110078,1320
20222,3110077,2600
20222,3110076,1925
20222,3110075,9017
20222,3110074,9894
20222,3110073,6713
20222,3110072,604
20222,3110071,1963
20222,3110070,168
20222,3110069,6077
20222,3110068,8149
20222,3110067,3839
20222,3110066,1977
20222,3110065,1860
20222,3110064,3170
20222,3110063,4753
20222,3110062,15582
20222,3110061,1866
20222,3110060,4084
20222,3110059,2267
20222,3110058,5005
20222,3110057,709
20222,3110056,1558
20222,3110055,626
20222,3110054,10660
20222,3110053,1782
20222,3110052,6402
20222,3110051,4621
20222,3110050,11113
20222,3110049,11914
20222,3110048,8918
20222,3110047,10314
20222,3110046,3801
20222,3110045,14308
20222,3110044,9303
20222,3110043,11480
20222,3110042,3539
20222,3110041,5560
20222,3110040,5698
20222,3110039,19001
20222,3110038,9289
20222,3110037,1909
20222,3110036,1381
20222,3110035,1927
20222,3110034,1807
20222,3110033,335
20222,3110032,2374
20222,3110031,206
20222,3110030,1428
20222,3110029,1356
20222,3110028,3209
20222,3110027,1644
20222,3110026,4551
20222,3110025,3220
20222,3110024,3874
20222,3110023,600
20222,3110022,4022
20222,3110021,2776
20222,3110020,1880
20222,3110019,6406
20222,3110018,12522
20222,3110017,2799
20222,3110016,5129
20222,3110015,4204
20222,3110014,1117
20222,3110013,4134
20222,3110012,25422
20222,3110011,539
20222,3110010,4188
20222,3110009,441
20222,3110008,6282
20222,3110007,1871
20222,3110006,237
20222,3110005,1631
20222,3110004,167
20222,3110003,3448
20222,3110002,492
20222,3110001,3344
20221,3111090,156
20221,3111089,1403
20221,3111088,694
20221,3111087,340
20221,3111086,450
20221,3111085,799
20221,3111084,561
20221,3111083,1557
20221,3111082,309
20221,3111081,921
20221,3111080,3830
20221,3111079,1048
20221,3111078,4284
20221,3111077,6890
20221,3111076,2623
20221,3111075,3496
20221,3111074,1739
20221,3111073,4556
20221,3111072,2302
20221,3111071,1950
20221,3111070,1129
20221,3111069,1211
20221,3111068,3088
20221,3111067,5787
20221,3111066,1140
20221,3111065,436
20221,3111064,2348
20221,3111063,823
20221,3111062,2942
20221,3111061,3698
20221,3111060,3279
20221,3111059,3933
20221,3111058,1606
20221,3111057,979
20221,3111056,1533
20221,3111055,1028
20221,3111054,1705
20221,3111053,8588
20221,3111052,2159
20221,3111051,3229
20221,3111050,3019
20221,3111049,1186
20221,3111048,1130
20221,3111047,507
20221,3111046,1911
20221,3111045,917
20221,3111044,1638
20221,3111043,1305
20221,3111042,5795
20221,3111041,1988
20221,3111040,2677
20221,3111039,4614
20221,3111038,3650
20221,3111037,2819
20221,3111036,1640
20221,3111035,4319
20221,3111034,6919
20221,3111033,2538
20221,3111032,15288
20221,3111031,6064
20221,3111030,12515
20221,3111029,6227
20221,3111028,4806
20221,3111027,31501
20221,3111026,28692
20221,3111025,9027
20221,3111024,18303
20221,3111023,26720
20221,3111022,9960
20221,3111021,11116
20221,3111020,657
20221,3111019,13054
20221,3111018,159
20221,3111017,6459
20221,3111016,6158
20221,3111015,16794
20221,3111014,18249
20221,3111013,22340
20221,3111012,5390
20221,3111011,4342
20221,3111010,10919
20221,3111009,968
20221,3111008,2696
20221,3111007,1896
20221,3111006,3967
20221,3111005,2291
20221,3111004,8245
20221,3111003,4163
20221,3111002,53
20221,3111001,125
20221,3111000,61
20221,3110999,188
20221,3110998,99
20221,3110997,1871
20221,3110996,19487
20221,3110995,20806
20221,3110994,4115
20221,3110993,466
20221,3110992,18281
20221,3110991,58915
20221,3110990,9171
20221,3110989,13600
20221,3110988,9737
20221,3110987,6365
20221,3110986,9010
20221,3110985,14273
20221,3110984,4097
20221,3110983,4138
20221,3110982,3621
20221,3110981,7686
20221,3110980,20537
20221,3110979,8263
20221,3110978,53847
20221,3110977,13251
20221,3110976,11603
20221,3110975,36976
20221,3110974,8942
20221,3110973,10837
20221,3110972,13102
20221,3110971,27532
20221,3110970,9306
20221,3110969,37094
20221,3110968,13629
20221,3110967,26007
20221,3110966,22585
20221,3110965,16366
20221,3110964,12690
20221,3110963,23326
20221,3110962,9333
20221,3110961,18815
20221,3110960,21588
20221,3110959,9454
20221,3110958,21411
20221,3110957,22062
20221,3110956,11804
20221,3110955,19744
20221,3110954,12790
20221,3110953,15929
20221,3110952,6659
20221,3110951,11723
20221,3110950,12931
20221,3110949,8270
20221,3110948,49
20221,3110947,511
20221,3110946,391
20221,3110945,222
20221,3110944,552
20221,3110943,7782
20221,3110942,9681
20221,3110941,5482
20221,3110940,8862
20221,3110939,62607
20221,3110938,6030
20221,3110937,7178
20221,3110936,5849
20221,3110935,4198
20221,3110934,672
20221,3110933,4612
20221,3110932,4552
20221,3110931,68
20221,3110930,8772
20221,3110929,28521
20221,3110928,14676
20221,3110927,276
20221,3110926,10714
20221,3110925,5542
20221,3110924,9915
20221,3110923,8364
20221,3110922,10976
20221,3110921,11055
20221,3110920,8623
20221,3110919,9725
20221,3110918,7693
20221,3110917,4034
20221,3110916,15161
20221,3110915,4206
20221,3110914,8812
20221,3110913,9434
20221,3110912,3027
20221,3110911,8409
20221,3110910,10989
20221,3110909,350
20221,3110908,11741
20221,3110907,10953
20221,3110906,4137
20221,3110905,3833
20221,3110904,6940
20221,3110903,11048
20221,3110902,4364
20221,3110901,810
20221,3110900,1610
20221,3110899,1260
20221,3110898,210
20221,3110897,4482
20221,3110896,1076
20221,3110895,6828
20221,3110894,511
20221,3110893,870
20221,3110892,5628
20221,3110891,1345
20221,3110890,1800
20221,3110889,274
20221,3110888,1126
20221,3110887,425
20221,3110886,1299
20221,3110885,1383
20221,3110884,1292
20221,3110883,1352
20221,3110882,2397
20221,3110881,1232
20221,3110880,1786
20221,3110879,1310
20221,3110878,290
20221,3110877,2393
20221,3110876,388
20221,3110875,690
20221,3110874,814
20221,3110873,5561
20221,3110872,182
20221,3110871,1070
20221,3110870,81
20221,3110869,5572
20221,3110868,2181
20221,3110867,2426
20221,3110866,686
20221,3110865,1775
20221,3110864,1445
20221,3110863,1825
20221,3110862,1355
20221,3110861,5148
20221,3110860,3433
20221,3110859,319
20221,3110858,1461
20221,3110857,1497
20221,3110856,2868
20221,3110855,5261
20221,3110854,1470
20221,3110853,4657
20221,3110852,4200
20221,3110851,3311
20221,3110850,7929
20221,3110849,2924
20221,3110848,2230
20221,3110847,1700
20221,3110846,2740
20221,3110845,244
20221,3110844,10
20221,3110843,1185
20221,3110842,40
20221,3110841,10
20221,3110840,71
20221,3110839,1110
20221,3110838,1046
20221,3110837,2126
20221,3110836,2042
20221,3110835,1194
20221,3110834,179
20221,3110833,854
20221,3110832,3591
20221,3110831,393
20221,3110830,906
20221,3110829,1482
20221,3110828,3736
20221,3110827,1815
20221,3110826,1918
20221,3110825,2661
20221,3110824,2286
20221,3110823,13550
20221,3110822,5153
20221,3110821,7637
20221,3110820,2021
20221,3110819,5301
20221,3110818,2969
20221,3110817,3314
20221,3110816,2417
20221,3110815,4670
20221,3110814,3718
20221,3110813,3517
20221,3110812,3504
20221,3110811,3833
20221,3110810,2679
20221,3110809,1706
20221,3110808,769
20221,3110807,741
20221,3110806,1844
20221,3110805,297
20221,3110804,1353
20221,3110803,2224
20221,3110802,1653
20221,3110801,80
20221,3110800,3290
20221,3110799,927
20221,3110798,740
20221,3110797,206
20221,3110796,2263
20221,3110795,1477
20221,3110794,4404
20221,3110793,397
20221,3110792,4381
20221,3110791,740
20221,3110790,1192
20221,3110789,2821
20221,3110788,1281
20221,3110787,665
20221,3110786,2777
20221,3110785,678
20221,3110784,1197
20221,3110783,2578
20221,3110782,2145
20221,3110781,1738
20221,3110780,1118
20221,3110779,289
20221,3110778,10312
20221,3110777,27564
20221,3110776,3771
20221,3110775,2096
20221,3110774,6522
20221,3110773,3068
20221,3110772,1278
20221,3110771,2727
20221,3110770,4191
20221,3110769,1722
20221,3110768,393
20221,3110767,3889
20221,3110766,4728
20221,3110765,13654
20221,3110764,2124
20221,3110763,7323
20221,3110762,10053
20221,3110761,5805
20221,3110760,9720
20221,3110759,44054
20221,3110758,1549
20221,3110757,2555
20221,3110756,2596
20221,3110755,1819
20221,3110754,1559
20221,3110753,1964
20221,3110752,1704
20221,3110751,2012
20221,3110750,1449
20221,3110749,1367
20221,3110748,1008
20221,3110747,448
20221,3110746,1552
20221,3110745,1130
20221,3110744,2030
20221,3110743,2561
20221,3110742,790
20221,3110741,1908
20221,3110740,3388
20221,3110739,1062
20221,3110738,3092
20221,3110737,2587
20221,3110736,3154
20221,3110735,2845
20221,3110734,1768
20221,3110733,1463
20221,3110732,3401
20221,3110731,2844
20221,3110730,2899
20221,3110729,3810
20221,3110728,3508
20221,3110727,1411
20221,3110726,130
20221,3110725,2446
20221,3110724,9329
20221,3110723,8724
20221,3110722,22909
20221,3110721,13854
20221,3110720,1790
20221,3110719,11231
20221,3110718,6134
20221,3110717,17931
20221,3110716,1643
20221,3110715,2146
20221,3110714,1977
20221,3110713,5995
20221,3110712,1645
20221,3110711,3061
20221,3110710,13797
20221,3110709,1053
20221,3110708,1352
20221,3110707,2195
20221,3110706,1697
20221,3110705,1061
20221,3110704,427
20221,3110703,6170
20221,3110702,5509
20221,3110701,1082
20221,3110700,2119
20221,3110699,711
20221,3110698,5015
20221,3110697,292
20221,3110696,3913
20221,3110695,3964
20221,3110694,4703
20221,3110693,2441
20221,3110692,2916
20221,3110691,3181
20221,3110690,3098
20221,3110689,4203
20221,3110688,1472
20221,3110687,186
20221,3110686,864
20221,3110685,43
20221,3110684,328
20221,3110683,328
20221,3110682,254
20221,3110681,540
20221,3110680,953
20221,3110679,3248
20221,3110678,1703
20221,3110677,1926
20221,3110676,4290
20221,3110675,2516
20221,3110674,735
20221,3110673,3243
20221,3110672,412
20221,3110671,5095
20221,3110670,1377
20221,3110669,4506
20221,3110668,3551
20221,3110667,486
20221,3110666,721
20221,3110665,4225
20221,3110664,4308
20221,3110663,5433
20221,3110662,2839
20221,3110661,4265
20221,3110660,7903
20221,3110659,3095
20221,3110658,1857
20221,3110657,5126
20221,3110656,2880
20221,3110655,5556
20221,3110654,3221
20221,3110653,3259
20221,3110652,2869
20221,3110651,1808
20221,3110650,1209
20221,3110649,1872
20221,3110648,5112
20221,3110647,4475
20221,3110646,4253
20221,3110645,2187
20221,3110644,323
20221,3110643,1502
20221,3110642,636
20221,3110641,1255
20221,3110640,2549
20221,3110639,1334
20221,3110638,4251
20221,3110637,2618
20221,3110636,2564
20221,3110635,2206
20221,3110634,4529
20221,3110633,2070
20221,3110632,3034
20221,3110631,1198
20221,3110630,2190
20221,3110629,1807
20221,3110628,1656
20221,3110627,11643
20221,3110626,3030
20221,3110625,11676
20221,3110624,384
20221,3110623,294
20221,3110622,2118
20221,3110621,843
20221,3110620,1366
20221,3110619,1287
20221,3110618,2871
20221,3110617,1223
20221,3110616,4587
20221,3110615,6708
20221,3110614,2603
20221,3110613,6012
20221,3110612,7436
20221,3110611,3016
20221,3110610,828
20221,3110609,1394
20221,3110608,2496
20221,3110607,1056
20221,3110606,2717
20221,3110605,1005
20221,3110604,2312
20221,3110603,983
20221,3110602,1919
20221,3110601,1722
20221,3110600,2748
20221,3110599,1544
20221,3110598,2371
20221,3110597,2795
20221,3110596,1234
20221,3110595,2449
20221,3110594,505
20221,3110593,1778
20221,3110592,1586
20221,3110591,2801
20221,3110590,1179
20221,3110589,681
20221,3110588,2743
20221,3110587,5700
20221,3110586,9070
20221,3110585,1223
20221,3110584,1381
20221,3110583,4482
20221,3110582,1094
20221,3110581,9258
20221,3110580,814
20221,3110579,6665
20221,3110578,2680
20221,3110577,7163
20221,3110576,3004
20221,3110575,1593
20221,3110574,1135
20221,3110573,1457
20221,3110572,3311
20221,3110571,1746
20221,3110570,1312
20221,3110569,3230
20221,3110568,370
20221,3110567,453
20221,3110566,5337
20221,3110565,1662
20221,3110564,3915
20221,3110563,1509
20221,3110562,2941
20221,3110561,2898
20221,3110560,3770
20221,3110559,3731
20221,3110558,5044
20221,3110557,4538
20221,3110556,676
20221,3110555,3739
20221,3110554,5410
20221,3110553,1220
20221,3110552,2692
20221,3110551,3163
20221,3110550,5846
20221,3110549,1954
20221,3110548,4090
20221,3110547,5666
20221,3110546,1217
20221,3110545,2117
20221,3110544,6518
20221,3110543,1
20221,3110542,3813
20221,3110541,2850
20221,3110540,743
20221,3110539,13182
20221,3110538,6815
20221,3110537,8000
20221,3110536,3832
20221,3110535,814
20221,3110534,2932
20221,3110533,4718
20221,3110532,1773
20221,3110531,796
20221,3110530,1451
20221,3110529,2191
20221,3110528,2395
20221,3110527,2184
20221,3110526,35
20221,3110525,2136
20221,3110524,71
20221,3110523,435
20221,3110522,2100
20221,3110521,2190
20221,3110520,1266
20221,3110519,1216
20221,3110518,2125
20221,3110517,2750
20221,3110516,1177
20221,3110515,271
20221,3110514,1654
20221,3110513,2977
20221,3110512,2642
20221,3110511,3787
20221,3110510,910
20221,3110509,2500
20221,3110508,3467
20221,3110507,1589
20221,3110506,1596
20221,3110505,222
20221,3110504,226
20221,3110503,1170
20221,3110502,725
20221,3110501,617
20221,3110500,221
20221,3110499,337
20221,3110498,1878
20221,3110497,1917
20221,3110496,906
20221,3110495,1957
20221,3110494,518
20221,3110493,366
20221,3110492,121
20221,3110491,304
20221,3110490,1171
20221,3110489,787
20221,3110488,1752
20221,3110487,1862
20221,3110486,1848
20221,3110485,1545
20221,3110484,2486
20221,3110483,1901
20221,3110482,449
20221,3110481,2098
20221,3110480,1662
20221,3110479,3903
20221,3110478,2041
20221,3110477,2617
20221,3110476,230
20221,3110475,986
20221,3110474,1373
20221,3110473,2644
20221,3110472,2568
20221,3110471,1161
20221,3110470,1040
20221,3110469,1849
20221,3110468,3198
20221,3110467,1539
20221,3110466,1567
20221,3110465,3127
20221,3110464,2730
20221,3110463,1147
20221,3110462,668
20221,3110461,1431
20221,3110460,3074
20221,3110459,1983
20221,3110458,1156
20221,3110457,2224
20221,3110456,1772
20221,3110455,2062
20221,3110454,1134
20221,3110453,1393
20221,3110452,1463
20221,3110451,1825
20221,3110450,1591
20221,3110449,1816
20221,3110448,264
20221,3110447,92
20221,3110446,384
20221,3110445,133
20221,3110444,735
20221,3110443,259
20221,3110442,132
20221,3110441,121
20221,3110440,186
20221,3110439,426
20221,3110438,1736
20221,3110437,522
20221,3110436,1516
20221,3110435,399
20221,3110434,4100
20221,3110433,4776
20221,3110432,609
20221,3110431,1590
20221,3110430,1345
20221,3110429,5918
20221,3110428,1334
20221,3110427,405
20221,3110426,811
20221,3110425,1468
20221,3110424,1088
20221,3110423,1517
20221,3110422,690
20221,3110421,1615
20221,3110420,480
20221,3110419,2759
20221,3110418,609
20221,3110417,54
20221,3110416,1603
20221,3110415,2881
20221,3110414,298
20221,3110413,631
20221,3110412,128
20221,3110411,813
20221,3110410,1842
20221,3110409,3411
20221,3110408,2315
20221,3110407,1201
20221,3110406,577
20221,3110405,2300
20221,3110404,1264
20221,3110403,2603
20221,3110402,1587
20221,3110401,2278
20221,3110400,2642
20221,3110399,1313
20221,3110398,1939
20221,3110397,1146
20221,3110396,1599
20221,3110395,1152
20221,3110394,2060
20221,3110393,1100
20221,3110392,314
20221,3110391,254
20221,3110390,1433
20221,3110389,553
20221,3110388,602
20221,3110387,368
20221,3110386,161
20221,3110385,65
20221,3110384,271
20221,3110383,457
20221,3110382,552
20221,3110381,240
20221,3110380,49
20221,3110379,172
20221,3110378,239
20221,3110377,861
20221,3110376,1850
20221,3110375,522
20221,3110374,571
20221,3110373,2373
20221,3110372,882
20221,3110371,790
20221,3110370,638
20221,3110369,2476
20221,3110368,270
20221,3110367,2711
20221,3110366,978
20221,3110365,852
20221,3110364,866
20221,3110363,204
20221,3110362,917
20221,3110361,428
20221,3110360,2563
20221,3110359,2305
20221,3110358,2717
20221,3110357,1393
20221,3110356,872
20221,3110355,600
20221,3110354,439
20221,3110353,1228
20221,3110352,392
20221,3110351,928
20221,3110350,1076
20221,3110349,281
20221,3110348,1276
20221,3110347,107
20221,3110346,846
20221,3110345,858
20221,3110344,208
20221,3110343,1179
20221,3110342,388
20221,3110341,489
20221,3110340,1082
20221,3110339,906
20221,3110338,396
20221,3110337,1144
20221,3110336,601
20221,3110335,2003
20221,3110334,768
20221,3110333,1816
20221,3110332,1000
20221,3110331,1469
20221,3110330,1122
20221,3110329,278
20221,3110328,1143
20221,3110327,1130
20221,3110326,230
20221,3110325,278
20221,3110324,1955
20221,3110323,1710
20221,3110322,247
20221,3110321,324
20221,3110320,4845
20221,3110319,7803
20221,3110318,3853
20221,3110317,5156
20221,3110316,2044
20221,3110315,10714
20221,3110314,9651
20221,3110313,1826
20221,3110312,1298
20221,3110311,845
20221,3110310,1295
20221,3110309,1914
20221,3110308,2645
20221,3110307,3752
20221,3110306,1663
20221,3110305,2938
20221,3110304,3423
20221,3110303,1370
20221,3110302,2665
20221,3110301,1274
20221,3110300,7184
20221,3110299,1644
20221,3110298,675
20221,3110297,10984
20221,3110296,3328
20221,3110295,1845
20221,3110294,1414
20221,3110293,9835
20221,3110292,803
20221,3110291,2686
20221,3110290,412
20221,3110289,1120
20221,3110288,8651
20221,3110287,151
20221,3110286,8578
20221,3110285,4757
20221,3110284,205
20221,3110283,3969
20221,3110282,169
20221,3110281,1937
20221,3110280,2096
20221,3110279,169
20221,3110278,949
20221,3110277,1286
20221,3110276,297
20221,3110275,1245
20221,3110274,712
20221,3110273,1278
20221,3110272,1658
20221,3110271,211
20221,3110270,410
20221,3110269,802
20221,3110268,748
20221,3110267,1297
20221,3110266,1120
20221,3110265,3527
20221,3110264,1241
20221,3110263,1793
20221,3110262,2691
20221,3110261,1586
20221,3110260,1182
20221,3110259,1329
20221,3110258,854
20221,3110257,2013
20221,3110256,2391
20221,3110255,3300
20221,3110254,1079
20221,3110253,1030
20221,3110252,1430
20221,3110251,971
20221,3110250,796
20221,3110249,1979
20221,3110248,307
20221,3110247,1562
20221,3110246,1554
20221,3110245,701
20221,3110244,1564
20221,3110243,1225
20221,3110242,1031
20221,3110241,2360
20221,3110240,263
20221,3110239,98
20221,3110238,679
20221,3110237,1436
20221,3110236,1688
20221,3110235,128
20221,3110234,1201
20221,3110233,901
20221,3110232,2495
20221,3110231,337
20221,3110230,3427
20221,3110229,5857
20221,3110228,4393
20221,3110227,1578
20221,3110226,7522
20221,3110225,1473
20221,3110224,468
20221,3110223,4343
20221,3110222,914
20221,3110221,369
20221,3110220,897
20221,3110219,1708
20221,3110218,2074
20221,3110217,2327
20221,3110216,473
20221,3110215,1267
20221,3110214,624
20221,3110213,448
20221,3110212,2062
20221,3110211,907
20221,3110210,947
20221,3110209,737
20221,3110208,429
20221,3110207,1081
20221,3110206,461
20221,3110205,452
20221,3110204,695
20221,3110203,1075
20221,3110202,451
20221,3110201,139
20221,3110200,1009
20221,3110199,1836
20221,3110198,1919
20221,3110197,68
20221,3110196,416
20221,3110195,3588
20221,3110194,2056
20221,3110193,650
20221,3110192,2824
20221,3110191,670
20221,3110190,1073
20221,3110189,3030
20221,3110188,5478
20221,3110187,5887
20221,3110186,948
20221,3110185,5113
20221,3110184,4660
20221,3110183,3717
20221,3110182,2909
20221,3110181,10491
20221,3110180,6302
20221,3110179,1090
20221,3110178,1090
20221,3110177,121
20221,3110176,2624
20221,3110175,4449
20221,3110174,3529
20221,3110173,2255
20221,3110172,2277
20221,3110171,1703
20221,3110170,2764
20221,3110169,3171
20221,3110168,980
20221,3110167,3667
20221,3110166,4362
20221,3110165,1574
20221,3110164,1958
20221,3110163,2155
20221,3110162,2374
20221,3110161,1131
20221,3110160,952
20221,3110159,9577
20221,3110158,1422
20221,3110157,2430
20221,3110156,2602
20221,3110155,5896
20221,3110154,4230
20221,3110153,3060
20221,3110152,1096
20221,3110151,2974
20221,3110150,3510
20221,3110149,781
20221,3110148,186
20221,3110147,1582
20221,3110146,1583
20221,3110145,319
20221,3110144,362
20221,3110143,297
20221,3110142,3753
20221,3110141,2028
20221,3110140,4507
20221,3110139,786
20221,3110138,1879
20221,3110137,13432
20221,3110136,11071
20221,3110135,6507
20221,3110134,2432
20221,3110133,2426
20221,3110132,3927
20221,3110131,12609
20221,3110130,652
20221,3110129,3925
20221,3110128,2011
20221,3110127,2956
20221,3110126,2667
20221,3110125,282
20221,3110124,2211
20221,3110123,1757
20221,3110122,1761
20221,3110121,103
20221,3110120,178
20221,3110119,1558
20221,3110118,837
20221,3110117,2468
20221,3110116,4575
20221,3110115,2571
20221,3110114,1190
20221,3110113,497
20221,3110112,1120
20221,3110111,222
20221,3110110,1022
20221,3110109,1602
20221,3110108,814
20221,3110107,1319
20221,3110106,468
20221,3110105,1768
20221,3110104,322
20221,3110103,1252
20221,3110102,1832
20221,3110101,1654
20221,3110100,1654
20221,3110099,9233
20221,3110098,9787
20221,3110097,7114
20221,3110096,2665
20221,3110095,21902
20221,3110094,190
20221,3110093,21696
20221,3110092,969
20221,3110091,21221
20221,3110090,2702
20221,3110089,5057
20221,3110088,4134
20221,3110087,14424
20221,3110086,19464
20221,3110085,3150
20221,3110084,1010
20221,3110083,4543
20221,3110082,18132
20221,3110081,663
20221,3110080,1081
20221,3110079,14351
20221,3110078,1320
20221,3110077,2600
20221,3110076,1925
20221,3110075,9017
20221,3110074,9894
20221,3110073,6713
20221,3110072,604
20221,3110071,1963
20221,3110070,168
20221,3110069,6077
20221,3110068,8149
20221,3110067,3839
20221,3110066,1977
20221,3110065,1860
20221,3110064,3170
20221,3110063,4753
20221,3110062,15582
20221,3110061,1866
20221,3110060,4084
20221,3110059,2267
20221,3110058,5005
20221,3110057,709
20221,3110056,1558
20221,3110055,626
20221,3110054,10660
20221,3110053,1782
20221,3110052,6402
20221,3110051,4621
20221,3110050,11113
20221,3110049,11914
20221,3110048,8918
20221,3110047,10314
20221,3110046,3801
20221,3110045,14308
20221,3110044,9303
20221,3110043,11480
20221,3110042,3539
20221,3110041,5560
20221,3110040,5698
20221,3110039,19001
20221,3110038,9289
20221,3110037,1909
20221,3110036,1381
20221,3110035,1927
20221,3110034,1807
20221,3110033,335
20221,3110032,2374
20221,3110031,206
20221,3110030,1428
20221,3110029,1356
20221,3110028,3209
20221,3110027,1644
20221,3110026,4551
20221,3110025,3220
20221,3110024,3874
20221,3110023,600
20221,3110022,4022
20221,3110021,2776
20221,3110020,1880
20221,3110019,6406
20221,3110018,12522
20221,3110017,2799
20221,3110016,5129
20221,3110015,4204
20221,3110014,1117
20221,3110013,4134
20221,3110012,25422
20221,3110011,539
20221,3110010,4188
20221,3110009,441
20221,3110008,6282
20221,3110007,1871
20221,3110006,237
20221,3110005,1631
20221,3110004,167
20221,3110003,3448
20221,3110002,492
20221,3110001,3344
20214,3111090,156
20214,3111089,1403
20214,3111088,694
20214,3111087,340
20214,3111086,450
20214,3111085,799
20214,3111084,561
20214,3111083,1557
20214,3111082,309
20214,3111081,921
20214,3111080,3830
20214,3111079,1048
20214,3111078,4284
20214,3111077,6890
20214,3111076,2623
20214,3111075,3496
20214,3111074,1739
20214,3111073,4556
20214,3111072,2302
20214,3111071,1950
20214,3111070,1129
20214,3111069,1211
20214,3111068,3088
20214,3111067,5787
20214,3111066,1140
20214,3111065,436
20214,3111064,2348
20214,3111063,823
20214,3111062,2942
20214,3111061,3698
20214,3111060,3279
20214,3111059,3933
20214,3111058,1606
20214,3111057,979
20214,3111056,1533
20214,3111055,1028
20214,3111054,1705
20214,3111053,8588
20214,3111052,2159
20214,3111051,3229
20214,3111050,3019
20214,3111049,1186
20214,3111048,1130
20214,3111047,507
20214,3111046,1911
20214,3111045,917
20214,3111044,1638
20214,3111043,1305
20214,3111042,5795
20214,3111041,1988
20214,3111040,2677
20214,3111039,4614
20214,3111038,3650
20214,3111037,2819
20214,3111036,1640
20214,3111035,4319
20214,3111034,6919
20214,3111033,2538
20214,3111032,15288
20214,3111031,6064
20214,3111030,12515
20214,3111029,6227
20214,3111028,4806
20214,3111027,31501
20214,3111026,28692
20214,3111025,9027
20214,3111024,18303
20214,3111023,26720
20214,3111022,9960
20214,3111021,11116
20214,3111020,657
20214,3111019,13054
20214,3111018,159
20214,3111017,6459
20214,3111016,6158
20214,3111015,16794
20214,3111014,18249
20214,3111013,22340
20214,3111012,5390
20214,3111011,4342
20214,3111010,10919
20214,3111009,968
20214,3111008,2696
20214,3111007,1896
20214,3111006,3967
20214,3111005,2291
20214,3111004,8245
20214,3111003,4163
20214,3111002,53
20214,3111001,125
20214,3111000,61
20214,3110999,188
20214,3110998,99
20214,3110997,1871
20214,3110996,19487
20214,3110995,20806
20214,3110994,4115
20214,3110993,466
20214,3110992,18281
20214,3110991,58915
20214,3110990,9171
20214,3110989,13600
20214,3110988,9737
20214,3110987,6365
20214,3110986,9010
20214,3110985,14273
20214,3110984,4097
20214,3110983,4138
20214,3110982,3621
20214,3110981,7686
20214,3110980,20537
20214,3110979,8263
20214,3110978,53847
20214,3110977,13251
20214,3110976,11603
20214,3110975,36976
20214,3110974,8942
20214,3110973,10837
20214,3110972,13102
20214,3110971,27532
20214,3110970,9306
20214,3110969,37094
20214,3110968,13629
20214,3110967,26007
20214,3110966,22585
20214,3110965,16366
20214,3110964,12690
20214,3110963,23326
20214,3110962,9333
20214,3110961,18815
20214,3110960,21588
20214,3110959,9454
20214,3110958,21411
20214,3110957,22062
20214,3110956,11804
20214,3110955,19744
20214,3110954,12790
20214,3110953,15929
20214,3110952,6659
20214,3110951,11723
20214,3110950,12931
20214,3110949,8270
20214,3110948,49
20214,3110947,511
20214,3110946,391
20214,3110945,222
20214,3110944,552
20214,3110943,7782
20214,3110942,9681
20214,3110941,5482
20214,3110940,8862
20214,3110939,62607
20214,3110938,6030
20214,3110937,7178
20214,3110936,5849
20214,3110935,4198
20214,3110934,672
20214,3110933,4612
20214,3110932,4552
20214,3110931,68
20214,3110930,8772
20214,3110929,28521
20214,3110928,14676
20214,3110927,276
20214,3110926,10714
20214,3110925,5542
20214,3110924,9915
20214,3110923,8364
20214,3110922,10976
20214,3110921,11055
20214,3110920,8623
20214,3110919,9725
20214,3110918,7693
20214,3110917,4034
20214,3110916,15161
20214,3110915,4206
20214,3110914,8812
20214,3110913,9434
20214,3110912,3027
20214,3110911,8409
20214,3110910,10989
20214,3110909,350
20214,3110908,11741
20214,3110907,10953
20214,3110906,4137
20214,3110905,3833
20214,3110904,6940
20214,3110903,11048
20214,3110902,4364
20214,3110901,810
20214,3110900,1610
20214,3110899,1260
20214,3110898,210
20214,3110897,4482
20214,3110896,1076
20214,3110895,6828
20214,3110894,511
20214,3110893,870
20214,3110892,5628
20214,3110891,1345
20214,3110890,1800
20214,3110889,274
20214,3110888,1126
20214,3110887,425
20214,3110886,1299
20214,3110885,1383
20214,3110884,1292
20214,3110883,1352
20214,3110882,2397
20214,3110881,1232
20214,3110880,1786
20214,3110879,1310
20214,3110878,290
20214,3110877,2393
20214,3110876,388
20214,3110875,690
20214,3110874,814
20214,3110873,5561
20214,3110872,182
20214,3110871,1070
20214,3110870,81
20214,3110869,5572
20214,3110868,2181
20214,3110867,2426
20214,3110866,686
20214,3110865,1775
20214,3110864,1445
20214,3110863,1825
20214,3110862,1355
20214,3110861,5148
20214,3110860,3433
20214,3110859,319
20214,3110858,1461
20214,3110857,1497
20214,3110856,2868
20214,3110855,5261
20214,3110854,1470
20214,3110853,4657
20214,3110852,4200
20214,3110851,3311
20214,3110850,7929
20214,3110849,2924
20214,3110848,2230
20214,3110847,1700
20214,3110846,2740
20214,3110845,244
20214,3110844,10
20214,3110843,1185
20214,3110842,40
20214,3110841,10
20214,3110840,71
20214,3110839,1110
20214,3110838,1046
20214,3110837,2126
20214,3110836,2042
20214,3110835,1194
20214,3110834,179
20214,3110833,854
20214,3110832,3591
20214,3110831,393
20214,3110830,906
20214,3110829,1482
20214,3110828,3736
20214,3110827,1815
20214,3110826,1918
20214,3110825,2661
20214,3110824,2286
20214,3110823,13550
20214,3110822,5153
20214,3110821,7637
20214,3110820,2021
20214,3110819,5301
20214,3110818,2969
20214,3110817,3314
20214,3110816,2417
20214,3110815,4670
20214,3110814,3718
20214,3110813,3517
20214,3110812,3504
20214,3110811,3833
20214,3110810,2679
20214,3110809,1706
20214,3110808,769
20214,3110807,741
20214,3110806,1844
20214,3110805,297
20214,3110804,1353
20214,3110803,2224
20214,3110802,1653
20214,3110801,80
20214,3110800,3290
20214,3110799,927
20214,3110798,740
20214,3110797,206
20214,3110796,2263
20214,3110795,1477
20214,3110794,4404
20214,3110793,397
20214,3110792,4381
20214,3110791,740
20214,3110790,1192
20214,3110789,2821
20214,3110788,1281
20214,3110787,665
20214,3110786,2777
20214,3110785,678
20214,3110784,1197
20214,3110783,2578
20214,3110782,2145
20214,3110781,1738
20214,3110780,1118
20214,3110779,289
20214,3110778,10312
20214,3110777,27564
20214,3110776,3771
20214,3110775,2096
20214,3110774,6522
20214,3110773,3068
20214,3110772,1278
20214,3110771,2727
20214,3110770,4191
20214,3110769,1722
20214,3110768,393
20214,3110767,3889
20214,3110766,4728
20214,3110765,13654
20214,3110764,2124
20214,3110763,7323
20214,3110762,10053
20214,3110761,5805
20214,3110760,9720
20214,3110759,44054
20214,3110758,1549
20214,3110757,2555
20214,3110756,2596
20214,3110755,1819
20214,3110754,1559
20214,3110753,1964
20214,3110752,1704
20214,3110751,2012
20214,3110750,1449
20214,3110749,1367
20214,3110748,1008
20214,3110747,448
20214,3110746,1552
20214,3110745,1130
20214,3110744,2030
20214,3110743,2561
20214,3110742,790
20214,3110741,1908
20214,3110740,3388
20214,3110739,1062
20214,3110738,3092
20214,3110737,2587
20214,3110736,3154
20214,3110735,2845
20214,3110734,1768
20214,3110733,1463
20214,3110732,3401
20214,3110731,2844
20214,3110730,2899
20214,3110729,3810
20214,3110728,3508
20214,3110727,1411
20214,3110726,130
20214,3110725,2446
20214,3110724,9329
20214,3110723,8724
20214,3110722,22909
20214,3110721,13854
20214,3110720,1790
20214,3110719,11231
20214,3110718,6134
20214,3110717,17931
20214,3110716,1643
20214,3110715,2146
20214,3110714,1977
20214,3110713,5995
20214,3110712,1645
20214,3110711,3061
20214,3110710,13797
20214,3110709,1053
20214,3110708,1352
20214,3110707,2195
20214,3110706,1697
20214,3110705,1061
20214,3110704,427
20214,3110703,6170
20214,3110702,5509
20214,3110701,1082
20214,3110700,2119
20214,3110699,711
20214,3110698,5015
20214,3110697,292
20214,3110696,3913
20214,3110695,3964
20214,3110694,4703
20214,3110693,2441
20214,3110692,2916
20214,3110691,3181
20214,3110690,3098
20214,3110689,4203
20214,3110688,1472
20214,3110687,186
20214,3110686,864
20214,3110685,43
20214,3110684,328
20214,3110683,328
20214,3110682,254
20214,3110681,540
20214,3110680,953
20214,3110679,3248
20214,3110678,1703
20214,3110677,1926
20214,3110676,4290
20214,3110675,2516
20214,3110674,735
20214,3110673,3243
20214,3110672,412
20214,3110671,5095
20214,3110670,1377
20214,3110669,4506
20214,3110668,3551
20214,3110667,486
20214,3110666,721
20214,3110665,4225
20214,3110664,4308
20214,3110663,5433
20214,3110662,2839
20214,3110661,4265
20214,3110660,7903
20214,3110659,3095
20214,3110658,1857
20214,3110657,5126
20214,3110656,2880
20214,3110655,5556
20214,3110654,3221
20214,3110653,3259
20214,3110652,2869
20214,3110651,1808
20214,3110650,1209
20214,3110649,1872
20214,3110648,5112
20214,3110647,4475
20214,3110646,4253
20214,3110645,2187
20214,3110644,323
20214,3110643,1502
20214,3110642,636
20214,3110641,1255
20214,3110640,2549
20214,3110639,1334
20214,3110638,4251
20214,3110637,2618
20214,3110636,2564
20214,3110635,2206
20214,3110634,4529
20214,3110633,2070
20214,3110632,3034
20214,3110631,1198
20214,3110630,2190
20214,3110629,1807
20214,3110628,1656
20214,3110627,11643
20214,3110626,3030
20214,3110625,11676
20214,3110624,384
20214,3110623,294
20214,3110622,2118
20214,3110621,843
20214,3110620,1366
20214,3110619,1287
20214,3110618,2871
20214,3110617,1223
20214,3110616,4587
20214,3110615,6708
20214,3110614,2603
20214,3110613,6012
20214,3110612,7436
20214,3110611,3016
20214,3110610,828
20214,3110609,1394
20214,3110608,2496
20214,3110607,1056
20214,3110606,2717
20214,3110605,1005
20214,3110604,2312
20214,3110603,983
20214,3110602,1919
20214,3110601,1722
20214,3110600,2748
20214,3110599,1544
20214,3110598,2371
20214,3110597,2795
20214,3110596,1234
20214,3110595,2449
20214,3110594,505
20214,3110593,1778
20214,3110592,1586
20214,3110591,2801
20214,3110590,1179
20214,3110589,681
20214,3110588,2743
20214,3110587,5700
20214,3110586,9070
20214,3110585,1223
20214,3110584,1381
20214,3110583,4482
20214,3110582,1094
20214,3110581,9258
20214,3110580,814
20214,3110579,6665
20214,3110578,2680
20214,3110577,7163
20214,3110576,3004
20214,3110575,1593
20214,3110574,1135
20214,3110573,1457
20214,3110572,3311
20214,3110571,1746
20214,3110570,1312
20214,3110569,3230
20214,3110568,370
20214,3110567,453
20214,3110566,5337
20214,3110565,1662
20214,3110564,3915
20214,3110563,1509
20214,3110562,2941
20214,3110561,2898
20214,3110560,3770
20214,3110559,3731
20214,3110558,5044
20214,3110557,4538
20214,3110556,676
20214,3110555,3739
20214,3110554,5410
20214,3110553,1220
20214,3110552,2692
20214,3110551,3163
20214,3110550,5846
20214,3110549,1954
20214,3110548,4090
20214,3110547,5666
20214,3110546,1217
20214,3110545,2117
20214,3110544,6518
20214,3110543,1
20214,3110542,3813
20214,3110541,2850
20214,3110540,743
20214,3110539,13182
20214,3110538,6815
20214,3110537,8000
20214,3110536,3832
20214,3110535,814
20214,3110534,2932
20214,3110533,4718
20214,3110532,1773
20214,3110531,796
20214,3110530,1451
20214,3110529,2191
20214,3110528,2395
20214,3110527,2184
20214,3110526,35
20214,3110525,2136
20214,3110524,71
20214,3110523,435
20214,3110522,2100
20214,3110521,2190
20214,3110520,1266
20214,3110519,1216
20214,3110518,2125
20214,3110517,2750
20214,3110516,1177
20214,3110515,271
20214,3110514,1654
20214,3110513,2977
20214,3110512,2642
20214,3110511,3787
20214,3110510,910
20214,3110509,2500
20214,3110508,3467
20214,3110507,1589
20214,3110506,1596
20214,3110505,222
20214,3110504,226
20214,3110503,1170
20214,3110502,725
20214,3110501,617
20214,3110500,221
20214,3110499,337
20214,3110498,1878
20214,3110497,1917
20214,3110496,906
20214,3110495,1957
20214,3110494,518
20214,3110493,366
20214,3110492,121
20214,3110491,304
20214,3110490,1171
20214,3110489,787
20214,3110488,1752
20214,3110487,1862
20214,3110486,1848
20214,3110485,1545
20214,3110484,2486
20214,3110483,1901
20214,3110482,449
20214,3110481,2098
20214,3110480,1662
20214,3110479,3903
20214,3110478,2041
20214,3110477,2617
20214,3110476,230
20214,3110475,986
20214,3110474,1373
20214,3110473,2644
20214,3110472,2568
20214,3110471,1161
20214,3110470,1040
20214,3110469,1849
20214,3110468,3198
20214,3110467,1539
20214,3110466,1567
20214,3110465,3127
20214,3110464,2730
20214,3110463,1147
20214,3110462,668
20214,3110461,1431
20214,3110460,3074
20214,3110459,1983
20214,3110458,1156
20214,3110457,2224
20214,3110456,1772
20214,3110455,2062
20214,3110454,1134
20214,3110453,1393
20214,3110452,1463
20214,3110451,1825
20214,3110450,1591
20214,3110449,1816
20214,3110448,264
20214,3110447,92
20214,3110446,384
20214,3110445,133
20214,3110444,735
20214,3110443,259
20214,3110442,132
20214,3110441,121
20214,3110440,186
20214,3110439,426
20214,3110438,1736
20214,3110437,522
20214,3110436,1516
20214,3110435,399
20214,3110434,4100
20214,3110433,4776
20214,3110432,609
20214,3110431,1590
20214,3110430,1345
20214,3110429,5918
20214,3110428,1334
20214,3110427,405
20214,3110426,811
20214,3110425,1468
20214,3110424,1088
20214,3110423,1517
20214,3110422,690
20214,3110421,1615
20214,3110420,480
20214,3110419,2759
20214,3110418,609
20214,3110417,54
20214,3110416,1603
20214,3110415,2881
20214,3110414,298
20214,3110413,631
20214,3110412,128
20214,3110411,813
20214,3110410,1842
20214,3110409,3411
20214,3110408,2315
20214,3110407,1201
20214,3110406,577
20214,3110405,2300
20214,3110404,1264
20214,3110403,2603
20214,3110402,1587
20214,3110401,2278
20214,3110400,2642
20214,3110399,1313
20214,3110398,1939
20214,3110397,1146
20214,3110396,1599
20214,3110395,1152
20214,3110394,2060
20214,3110393,1100
20214,3110392,314
20214,3110391,254
20214,3110390,1433
20214,3110389,553
20214,3110388,602
20214,3110387,368
20214,3110386,161
20214,3110385,65
20214,3110384,271
20214,3110383,457
20214,3110382,552
20214,3110381,240
20214,3110380,49
20214,3110379,172
20214,3110378,239
20214,3110377,861
20214,3110376,1850
20214,3110375,522
20214,3110374,571
20214,3110373,2373
20214,3110372,882
20214,3110371,790
20214,3110370,638
20214,3110369,2476
20214,3110368,270
20214,3110367,2711
20214,3110366,978
20214,3110365,852
20214,3110364,866
20214,3110363,204
20214,3110362,917
20214,3110361,428
20214,3110360,2563
20214,3110359,2305
20214,3110358,2717
20214,3110357,1393
20214,3110356,872
20214,3110355,600
20214,3110354,439
20214,3110353,1228
20214,3110352,392
20214,3110351,928
20214,3110350,1076
20214,3110349,281
20214,3110348,1276
20214,3110347,107
20214,3110346,846
20214,3110345,858
20214,3110344,208
20214,3110343,1179
20214,3110342,388
20214,3110341,489
20214,3110340,1082
20214,3110339,906
20214,3110338,396
20214,3110337,1144
20214,3110336,601
20214,3110335,2003
20214,3110334,768
20214,3110333,1816
20214,3110332,1000
20214,3110331,1469
20214,3110330,1122
20214,3110329,278
20214,3110328,1143
20214,3110327,1130
20214,3110326,230
20214,3110325,278
20214,3110324,1955
20214,3110323,1710
20214,3110322,247
20214,3110321,324
20214,3110320,4845
20214,3110319,7803
20214,3110318,3853
20214,3110317,5156
20214,3110316,2044
20214,3110315,10714
20214,3110314,9651
20214,3110313,1826
20214,3110312,1298
20214,3110311,845
20214,3110310,1295
20214,3110309,1914
20214,3110308,2645
20214,3110307,3752
20214,3110306,1663
20214,3110305,2938
20214,3110304,3423
20214,3110303,1370
20214,3110302,2665
20214,3110301,1274
20214,3110300,7184
20214,3110299,1644
20214,3110298,675
20214,3110297,10984
20214,3110296,3328
20214,3110295,1845
20214,3110294,1414
20214,3110293,9835
20214,3110292,803
20214,3110291,2686
20214,3110290,412
20214,3110289,1120
20214,3110288,8651
20214,3110287,151
20214,3110286,8578
20214,3110285,4757
20214,3110284,205
20214,3110283,3969
20214,3110282,169
20214,3110281,1937
20214,3110280,2096
20214,3110279,169
20214,3110278,949
20214,3110277,1286
20214,3110276,297
20214,3110275,1245
20214,3110274,712
20214,3110273,1278
20214,3110272,1658
20214,3110271,211
20214,3110270,410
20214,3110269,802
20214,3110268,748
20214,3110267,1297
20214,3110266,1120
20214,3110265,3527
20214,3110264,1241
20214,3110263,1793
20214,3110262,2691
20214,3110261,1586
20214,3110260,1182
20214,3110259,1329
20214,3110258,854
20214,3110257,2013
20214,3110256,2391
20214,3110255,3300
20214,3110254,1079
20214,3110253,1030
20214,3110252,1430
20214,3110251,971
20214,3110250,796
20214,3110249,1979
20214,3110248,307
20214,3110247,1562
20214,3110246,1554
20214,3110245,701
20214,3110244,1564
20214,3110243,1225
20214,3110242,1031
20214,3110241,2360
20214,3110240,263
20214,3110239,98
20214,3110238,679
20214,3110237,1436
20214,3110236,1688
20214,3110235,128
20214,3110234,1201
20214,3110233,901
20214,3110232,2495
20214,3110231,337
20214,3110230,3427
20214,3110229,5857
20214,3110228,4393
20214,3110227,1578
20214,3110226,7522
20214,3110225,1473
20214,3110224,468
20214,3110223,4343
20214,3110222,914
20214,3110221,369
20214,3110220,897
20214,3110219,1708
20214,3110218,2074
20214,3110217,2327
20214,3110216,473
20214,3110215,1267
20214,3110214,624
20214,3110213,448
20214,3110212,2062
20214,3110211,907
20214,3110210,947
20214,3110209,737
20214,3110208,429
20214,3110207,1081
20214,3110206,461
20214,3110205,452
20214,3110204,695
20214,3110203,1075
20214,3110202,451
20214,3110201,139
20214,3110200,1009
20214,3110199,1836
20214,3110198,1919
20214,3110197,68
20214,3110196,416
20214,3110195,3588
20214,3110194,2056
20214,3110193,650
20214,3110192,2824
20214,3110191,670
20214,3110190,1073
20214,3110189,3030
20214,3110188,5478
20214,3110187,5887
20214,3110186,948
20214,3110185,5113
20214,3110184,4660
20214,3110183,3717
20214,3110182,2909
20214,3110181,10491
20214,3110180,6302
20214,3110179,1090
20214,3110178,1090
20214,3110177,121
20214,3110176,2624
20214,3110175,4449
20214,3110174,3529
20214,3110173,2255
20214,3110172,2277
20214,3110171,1703
20214,3110170,2764
20214,3110169,3171
20214,3110168,980
20214,3110167,3667
20214,3110166,4362
20214,3110165,1574
20214,3110164,1958
20214,3110163,2155
20214,3110162,2374
20214,3110161,1131
20214,3110160,952
20214,3110159,9577
20214,3110158,1422
20214,3110157,2430
20214,3110156,2602
20214,3110155,5896
20214,3110154,4230
20214,3110153,3060
20214,3110152,1096
20214,3110151,2974
20214,3110150,3510
20214,3110149,781
20214,3110148,186
20214,3110147,1582
20214,3110146,1583
20214,3110145,319
20214,3110144,362
20214,3110143,297
20214,3110142,3753
20214,3110141,2028
20214,3110140,4507
20214,3110139,786
20214,3110138,1879
20214,3110137,13432
20214,3110136,11071
20214,3110135,6507
20214,3110134,2432
20214,3110133,2426
20214,3110132,3927
20214,3110131,12609
20214,3110130,652
20214,3110129,3925
20214,3110128,2011
20214,3110127,2956
20214,3110126,2667
20214,3110125,282
20214,3110124,2211
20214,3110123,1757
20214,3110122,1761
20214,3110121,103
20214,3110120,178
20214,3110119,1558
20214,3110118,837
20214,3110117,2468
20214,3110116,4575
20214,3110115,2571
20214,3110114,1190
20214,3110113,497
20214,3110112,1120
20214,3110111,222
20214,3110110,1022
20214,3110109,1602
20214,3110108,814
20214,3110107,1319
20214,3110106,468
20214,3110105,1768
20214,3110104,322
20214,3110103,1252
20214,3110102,1832
20214,3110101,1654
20214,3110100,1654
20214,3110099,9233
20214,3110098,9787
20214,3110097,7114
20214,3110096,2665
20214,3110095,21902
20214,3110094,190
20214,3110093,21696
20214,3110092,969
20214,3110091,21221
20214,3110090,2702
20214,3110089,5057
20214,3110088,4134
20214,3110087,14424
20214,3110086,19464
20214,3110085,3150
20214,3110084,1010
20214,3110083,4543
20214,3110082,18132
20214,3110081,663
20214,3110080,1081
20214,3110079,14351
20214,3110078,1320
20214,3110077,2600
20214,3110076,1925
20214,3110075,9017
20214,3110074,9894
20214,3110073,6713
20214,3110072,604
20214,3110071,1963
20214,3110070,168
20214,3110069,6077
20214,3110068,8149
20214,3110067,3839
20214,3110066,1977
20214,3110065,1860
20214,3110064,3170
20214,3110063,4753
20214,3110062,15582
20214,3110061,1866
20214,3110060,4084
20214,3110059,2267
20214,3110058,5005
20214,3110057,709
20214,3110056,1558
20214,3110055,626
20214,3110054,10660
20214,3110053,1782
20214,3110052,6402
20214,3110051,4621
20214,3110050,11113
20214,3110049,11914
20214,3110048,8918
20214,3110047,10314
20214,3110046,3801
20214,3110045,14308
20214,3110044,9303
20214,3110043,11480
20214,3110042,3539
20214,3110041,5560
20214,3110040,5698
20214,3110039,19001
20214,3110038,9289
20214,3110037,1909
20214,3110036,1381
20214,3110035,1927
20214,3110034,1807
20214,3110033,335
20214,3110032,2374
20214,3110031,206
20214,3110030,1428
20214,3110029,1356
20214,3110028,3209
20214,3110027,1644
20214,3110026,4551
20214,3110025,3220
20214,3110024,3874
20214,3110023,600
20214,3110022,4022
20214,3110021,2776
20214,3110020,1880
20214,3110019,6406
20214,3110018,12522
20214,3110017,2799
20214,3110016,5129
20214,3110015,4204
20214,3110014,1117
20214,3110013,4134
20214,3110012,25422
20214,3110011,539
20214,3110010,4188
20214,3110009,441
20214,3110008,6282
20214,3110007,1871
20214,3110006,237
20214,3110005,1631
20214,3110004,167
20214,3110003,3448
20214,3110002,492
20214,3110001,3344
20213,3111090,204
20213,3111089,1070
20213,3111088,717
20213,3111087,387
20213,3111086,539
20213,3111085,802
20213,3111084,589
20213,3111083,1647
20213,3111082,409
20213,3111081,1062
20213,3111080,3602
20213,3111079,1108
20213,3111078,4075
20213,3111077,6854
20213,3111076,2853
20213,3111075,3248
20213,3111074,1542
20213,3111073,4715
20213,3111072,2093
20213,3111071,2031
20213,3111070,1062
20213,3111069,1078
20213,3111068,3148
20213,3111067,5945
20213,3111066,1147
20213,3111065,417
20213,3111064,2235
20213,3111063,781
20213,3111062,3718
20213,3111061,3755
20213,3111060,2828
20213,3111059,4513
20213,3111058,2171
20213,3111057,915
20213,3111056,1591
20213,3111055,1327
20213,3111054,1932
20213,3111053,10593
20213,3111052,1791
20213,3111051,3753
20213,3111050,3808
20213,3111049,1129
20213,3111048,1373
20213,3111047,543
20213,3111046,1845
20213,3111045,879
20213,3111044,1507
20213,3111043,1152
20213,3111042,5296
20213,3111041,1772
20213,3111040,2473
20213,3111039,4609
20213,3111038,3796
20213,3111037,2556
20213,3111036,1580
20213,3111035,4246
20213,3111034,6189
20213,3111033,2520
20213,3111032,12964
20213,3111031,5127
20213,3111030,10056
20213,3111029,5078
20213,3111028,4217
20213,3111027,30262
20213,3111026,22803
20213,3111025,7693
20213,3111024,15134
20213,3111023,20058
20213,3111022,8791
20213,3111021,10924
20213,3111020,558
20213,3111019,13386
20213,3111018,238
20213,3111017,4131
20213,3111016,5212
20213,3111015,11194
20213,3111014,14995
20213,3111013,16649
20213,3111012,4550
20213,3111011,2075
20213,3111010,8437
20213,3111009,941
20213,3111008,2690
20213,3111007,2048
20213,3111006,3970
20213,3111005,2441
20213,3111004,7322
20213,3111003,4186
20213,3111002,99
20213,3111001,120
20213,3111000,64
20213,3110999,178
20213,3110998,107
20213,3110997,1836
20213,3110996,25160
20213,3110995,21784
20213,3110994,2861
20213,3110993,549
20213,3110992,19587
20213,3110991,58373
20213,3110990,12088
20213,3110989,14248
20213,3110988,11741
20213,3110987,6631
20213,3110986,9163
20213,3110985,14673
20213,3110984,3930
20213,3110983,3640
20213,3110982,3934
20213,3110981,7603
20213,3110980,20541
20213,3110979,8563
20213,3110978,44780
20213,3110977,12384
20213,3110976,11749
20213,3110975,35395
20213,3110974,9391
20213,3110973,10738
20213,3110972,13882
20213,3110971,28112
20213,3110970,9826
20213,3110969,36936
20213,3110968,15303
20213,3110967,24763
20213,3110966,22520
20213,3110965,13791
20213,3110964,11940
20213,3110963,23748
20213,3110962,9192
20213,3110961,17609
20213,3110960,24677
20213,3110959,9450
20213,3110958,21269
20213,3110957,21330
20213,3110956,11047
20213,3110955,19550
20213,3110954,12231
20213,3110953,17107
20213,3110952,7440
20213,3110951,11936
20213,3110950,13388
20213,3110949,8376
20213,3110948,65
20213,3110947,487
20213,3110946,409
20213,3110945,188
20213,3110944,412
20213,3110943,7052
20213,3110942,10010
20213,3110941,4871
20213,3110940,8204
20213,3110939,55981
20213,3110938,6967
20213,3110937,8085
20213,3110936,5425
20213,3110935,3978
20213,3110934,602
20213,3110933,4067
20213,3110932,4363
20213,3110931,76
20213,3110930,10579
20213,3110929,26798
20213,3110928,15157
20213,3110927,249
20213,3110926,11085
20213,3110925,5476
20213,3110924,10461
20213,3110923,8623
20213,3110922,10396
20213,3110921,11579
20213,3110920,8936
20213,3110919,9169
20213,3110918,7422
20213,3110917,4575
20213,3110916,15753
20213,3110915,5075
20213,3110914,8368
20213,3110913,9502
20213,3110912,3301
20213,3110911,8900
20213,3110910,11885
20213,3110909,235
20213,3110908,11178
20213,3110907,11811
20213,3110906,4510
20213,3110905,3776
20213,3110904,6624
20213,3110903,11156
20213,3110902,4355
20213,3110901,817
20213,3110900,1660
20213,3110899,673
20213,3110898,237
20213,3110897,4633
20213,3110896,1007
20213,3110895,7148
20213,3110894,512
20213,3110893,835
20213,3110892,5297
20213,3110891,1342
20213,3110890,1611
20213,3110889,350
20213,3110888,1006
20213,3110887,415
20213,3110886,1111
20213,3110885,1210
20213,3110884,1293
20213,3110883,1264
20213,3110882,1882
20213,3110881,1246
20213,3110880,1637
20213,3110879,979
20213,3110878,301
20213,3110877,2376
20213,3110876,391
20213,3110875,712
20213,3110874,781
20213,3110873,3397
20213,3110872,162
20213,3110871,1037
20213,3110870,84
20213,3110869,5369
20213,3110868,2264
20213,3110867,2551
20213,3110866,632
20213,3110865,1555
20213,3110864,1525
20213,3110863,1547
20213,3110862,1214
20213,3110861,4911
20213,3110860,3272
20213,3110859,430
20213,3110858,1416
20213,3110857,1290
20213,3110856,2725
20213,3110855,5335
20213,3110854,2320
20213,3110853,4726
20213,3110852,4111
20213,3110851,3060
20213,3110850,8172
20213,3110849,2856
20213,3110848,1976
20213,3110847,1647
20213,3110846,2334
20213,3110845,195
20213,3110844,11
20213,3110843,1031
20213,3110842,49
20213,3110841,20
20213,3110840,84
20213,3110839,1196
20213,3110838,1088
20213,3110837,2125
20213,3110836,1958
20213,3110835,1116
20213,3110834,259
20213,3110833,752
20213,3110832,4517
20213,3110831,387
20213,3110830,885
20213,3110829,1571
20213,3110828,4249
20213,3110827,1603
20213,3110826,1677
20213,3110825,2793
20213,3110824,2515
20213,3110823,10347
20213,3110822,4093
20213,3110821,9173
20213,3110820,2253
20213,3110819,5222
20213,3110818,3166
20213,3110817,3153
20213,3110816,2634
20213,3110815,4572
20213,3110814,3634
20213,3110813,3640
20213,3110812,4120
20213,3110811,4695
20213,3110810,2544
20213,3110809,1368
20213,3110808,577
20213,3110807,569
20213,3110806,1791
20213,3110805,279
20213,3110804,1276
20213,3110803,1782
20213,3110802,1305
20213,3110801,106
20213,3110800,3138
20213,3110799,749
20213,3110798,767
20213,3110797,241
20213,3110796,2122
20213,3110795,1177
20213,3110794,4645
20213,3110793,449
20213,3110792,4511
20213,3110791,651
20213,3110790,1340
20213,3110789,2788
20213,3110788,1064
20213,3110787,648
20213,3110786,3492
20213,3110785,580
20213,3110784,1304
20213,3110783,2572
20213,3110782,1960
20213,3110781,1918
20213,3110780,956
20213,3110779,495
20213,3110778,11245
20213,3110777,29113
20213,3110776,3284
20213,3110775,2254
20213,3110774,5700
20213,3110773,3662
20213,3110772,1562
20213,3110771,2711
20213,3110770,4068
20213,3110769,1760
20213,3110768,423
20213,3110767,3770
20213,3110766,4155
20213,3110765,13772
20213,3110764,1533
20213,3110763,8114
20213,3110762,10978
20213,3110761,5523
20213,3110760,8848
20213,3110759,45569
20213,3110758,1925
20213,3110757,2369
20213,3110756,2950
20213,3110755,1773
20213,3110754,1520
20213,3110753,1869
20213,3110752,1603
20213,3110751,2289
20213,3110750,1503
20213,3110749,1414
20213,3110748,979
20213,3110747,600
20213,3110746,1591
20213,3110745,1095
20213,3110744,2021
20213,3110743,2473
20213,3110742,765
20213,3110741,1785
20213,3110740,2985
20213,3110739,1063
20213,3110738,2979
20213,3110737,2406
20213,3110736,3164
20213,3110735,2587
20213,3110734,1622
20213,3110733,1291
20213,3110732,2909
20213,3110731,2556
20213,3110730,3064
20213,3110729,3520
20213,3110728,3778
20213,3110727,1566
20213,3110726,124
20213,3110725,2460
20213,3110724,8362
20213,3110723,9027
20213,3110722,23510
20213,3110721,14198
20213,3110720,1802
20213,3110719,10545
20213,3110718,6188
20213,3110717,17370
20213,3110716,2587
20213,3110715,3077
20213,3110714,2156
20213,3110713,6070
20213,3110712,1684
20213,3110711,2722
20213,3110710,14401
20213,3110709,536
20213,3110708,1286
20213,3110707,2409
20213,3110706,1580
20213,3110705,1091
20213,3110704,361
20213,3110703,3478
20213,3110702,4368
20213,3110701,1016
20213,3110700,1567
20213,3110699,747
20213,3110698,3868
20213,3110697,329
20213,3110696,3464
20213,3110695,1794
20213,3110694,1866
20213,3110693,1787
20213,3110692,1694
20213,3110691,914
20213,3110690,2640
20213,3110689,3196
20213,3110688,1368
20213,3110687,208
20213,3110686,816
20213,3110685,49
20213,3110684,297
20213,3110683,288
20213,3110682,185
20213,3110681,363
20213,3110680,993
20213,3110679,2560
20213,3110678,1195
20213,3110677,2195
20213,3110676,3828
20213,3110675,2564
20213,3110674,646
20213,3110673,2777
20213,3110672,561
20213,3110671,5170
20213,3110670,1064
20213,3110669,4634
20213,3110668,2450
20213,3110667,543
20213,3110666,944
20213,3110665,3190
20213,3110664,4495
20213,3110663,5383
20213,3110662,2327
20213,3110661,3980
20213,3110660,8343
20213,3110659,2731
20213,3110658,1718
20213,3110657,5739
20213,3110656,2964
20213,3110655,5387
20213,3110654,3207
20213,3110653,2951
20213,3110652,3511
20213,3110651,1800
20213,3110650,1162
20213,3110649,1766
20213,3110648,5575
20213,3110647,4788
20213,3110646,4166
20213,3110645,1992
20213,3110644,261
20213,3110643,1858
20213,3110642,536
20213,3110641,1252
20213,3110640,2519
20213,3110639,1434
20213,3110638,4147
20213,3110637,2570
20213,3110636,2734
20213,3110635,2289
20213,3110634,4390
20213,3110633,2082
20213,3110632,3019
20213,3110631,1237
20213,3110630,2245
20213,3110629,1849
20213,3110628,1775
20213,3110627,11224
20213,3110626,2510
20213,3110625,10968
20213,3110624,376
20213,3110623,360
20213,3110622,1866
20213,3110621,875
20213,3110620,1428
20213,3110619,1176
20213,3110618,2901
20213,3110617,1537
20213,3110616,4022
20213,3110615,6004
20213,3110614,2713
20213,3110613,5918
20213,3110612,7144
20213,3110611,2822
20213,3110610,1028
20213,3110609,1101
20213,3110608,2473
20213,3110607,980
20213,3110606,2994
20213,3110605,1149
20213,3110604,2168
20213,3110603,961
20213,3110602,1924
20213,3110601,1659
20213,3110600,2458
20213,3110599,1578
20213,3110598,2480
20213,3110597,2649
20213,3110596,1203
20213,3110595,2308
20213,3110594,520
20213,3110593,1822
20213,3110592,1584
20213,3110591,2753
20213,3110590,1041
20213,3110589,601
20213,3110588,2062
20213,3110587,4561
20213,3110586,8204
20213,3110585,1275
20213,3110584,1060
20213,3110583,4321
20213,3110582,1358
20213,3110581,7731
20213,3110580,995
20213,3110579,6250
20213,3110578,2616
20213,3110577,6338
20213,3110576,2791
20213,3110575,1853
20213,3110574,1122
20213,3110573,1638
20213,3110572,3693
20213,3110571,1650
20213,3110570,1306
20213,3110569,3504
20213,3110568,361
20213,3110567,396
20213,3110566,5118
20213,3110565,1656
20213,3110564,3669
20213,3110563,1698
20213,3110562,2982
20213,3110561,2896
20213,3110560,4225
20213,3110559,3539
20213,3110558,4519
20213,3110557,4735
20213,3110556,606
20213,3110555,3810
20213,3110554,5534
20213,3110553,1095
20213,3110552,2048
20213,3110551,3543
20213,3110550,6248
20213,3110549,1655
20213,3110548,4271
20213,3110547,6044
20213,3110546,1371
20213,3110545,2109
20213,3110544,7073
20213,3110543,6
20213,3110542,3670
20213,3110541,2980
20213,3110540,806
20213,3110539,14297
20213,3110538,7186
20213,3110537,7835
20213,3110536,3284
20213,3110535,899
20213,3110534,3107
20213,3110533,4989
20213,3110532,1728
20213,3110531,736
20213,3110530,1148
20213,3110529,2189
20213,3110528,1472
20213,3110527,1695
20213,3110526,44
20213,3110525,1906
20213,3110524,78
20213,3110523,308
20213,3110522,1457
20213,3110521,1551
20213,3110520,1448
20213,3110519,859
20213,3110518,1220
20213,3110517,1755
20213,3110516,837
20213,3110515,289
20213,3110514,1766
20213,3110513,2620
20213,3110512,1720
20213,3110511,3956
20213,3110510,804
20213,3110509,2297
20213,3110508,3629
20213,3110507,1743
20213,3110506,1822
20213,3110505,218
20213,3110504,246
20213,3110503,1320
20213,3110502,658
20213,3110501,612
20213,3110500,165
20213,3110499,385
20213,3110498,2152
20213,3110497,1826
20213,3110496,946
20213,3110495,2203
20213,3110494,554
20213,3110493,364
20213,3110492,129
20213,3110491,175
20213,3110490,1643
20213,3110489,742
20213,3110488,2198
20213,3110487,1678
20213,3110486,2322
20213,3110485,773
20213,3110484,2656
20213,3110483,939
20213,3110482,200
20213,3110481,2049
20213,3110480,1358
20213,3110479,2117
20213,3110478,2378
20213,3110477,2924
20213,3110476,228
20213,3110475,993
20213,3110474,871
20213,3110473,2409
20213,3110472,2650
20213,3110471,1100
20213,3110470,959
20213,3110469,1878
20213,3110468,3137
20213,3110467,1114
20213,3110466,1205
20213,3110465,2927
20213,3110464,2719
20213,3110463,1117
20213,3110462,634
20213,3110461,1389
20213,3110460,2784
20213,3110459,1915
20213,3110458,1093
20213,3110457,1903
20213,3110456,1681
20213,3110455,1921
20213,3110454,1123
20213,3110453,1438
20213,3110452,1561
20213,3110451,2218
20213,3110450,1437
20213,3110449,1918
20213,3110448,371
20213,3110447,99
20213,3110446,476
20213,3110445,66
20213,3110444,832
20213,3110443,216
20213,3110442,153
20213,3110441,149
20213,3110440,136
20213,3110439,405
20213,3110438,1416
20213,3110437,460
20213,3110436,1191
20213,3110435,350
20213,3110434,2457
20213,3110433,2887
20213,3110432,557
20213,3110431,1303
20213,3110430,1125
20213,3110429,3681
20213,3110428,1302
20213,3110427,392
20213,3110426,961
20213,3110425,1470
20213,3110424,1252
20213,3110423,1244
20213,3110422,785
20213,3110421,1359
20213,3110420,424
20213,3110419,2844
20213,3110418,419
20213,3110417,54
20213,3110416,1707
20213,3110415,2854
20213,3110414,196
20213,3110413,617
20213,3110412,154
20213,3110411,863
20213,3110410,2089
20213,3110409,3357
20213,3110408,2184
20213,3110407,1295
20213,3110406,505
20213,3110405,2159
20213,3110404,1239
20213,3110403,2336
20213,3110402,1736
20213,3110401,2162
20213,3110400,2521
20213,3110399,1307
20213,3110398,1889
20213,3110397,1102
20213,3110396,1413
20213,3110395,1419
20213,3110394,1717
20213,3110393,1138
20213,3110392,250
20213,3110391,271
20213,3110390,1528
20213,3110389,520
20213,3110388,548
20213,3110387,361
20213,3110386,182
20213,3110385,47
20213,3110384,269
20213,3110383,386
20213,3110382,511
20213,3110381,226
20213,3110380,40
20213,3110379,145
20213,3110378,250
20213,3110377,868
20213,3110376,1862
20213,3110375,531
20213,3110374,691
20213,3110373,2490
20213,3110372,950
20213,3110371,831
20213,3110370,758
20213,3110369,2381
20213,3110368,300
20213,3110367,2760
20213,3110366,1107
20213,3110365,784
20213,3110364,847
20213,3110363,185
20213,3110362,864
20213,3110361,443
20213,3110360,2514
20213,3110359,2299
20213,3110358,2867
20213,3110357,1358
20213,3110356,848
20213,3110355,621
20213,3110354,402
20213,3110353,1177
20213,3110352,449
20213,3110351,1075
20213,3110350,1174
20213,3110349,344
20213,3110348,1350
20213,3110347,107
20213,3110346,621
20213,3110345,737
20213,3110344,217
20213,3110343,1025
20213,3110342,362
20213,3110341,485
20213,3110340,880
20213,3110339,543
20213,3110338,352
20213,3110337,772
20213,3110336,738
20213,3110335,1892
20213,3110334,793
20213,3110333,1372
20213,3110332,1022
20213,3110331,1411
20213,3110330,1042
20213,3110329,184
20213,3110328,1092
20213,3110327,1073
20213,3110326,212
20213,3110325,308
20213,3110324,2084
20213,3110323,2035
20213,3110322,257
20213,3110321,475
20213,3110320,5893
20213,3110319,7579
20213,3110318,4060
20213,3110317,5998
20213,3110316,1888
20213,3110315,11428
20213,3110314,9514
20213,3110313,2250
20213,3110312,1396
20213,3110311,653
20213,3110310,1259
20213,3110309,1631
20213,3110308,2360
20213,3110307,3389
20213,3110306,1189
20213,3110305,3073
20213,3110304,4071
20213,3110303,1316
20213,3110302,2778
20213,3110301,1374
20213,3110300,7763
20213,3110299,1726
20213,3110298,556
20213,3110297,11684
20213,3110296,3235
20213,3110295,1583
20213,3110294,1247
20213,3110293,10216
20213,3110292,676
20213,3110291,2754
20213,3110290,348
20213,3110289,986
20213,3110288,9289
20213,3110287,149
20213,3110286,9332
20213,3110285,5526
20213,3110284,159
20213,3110283,4521
20213,3110282,224
20213,3110281,1879
20213,3110280,1952
20213,3110279,469
20213,3110278,944
20213,3110277,1174
20213,3110276,304
20213,3110275,1195
20213,3110274,995
20213,3110273,1353
20213,3110272,1861
20213,3110271,240
20213,3110270,467
20213,3110269,1018
20213,3110268,796
20213,3110267,1243
20213,3110266,1157
20213,3110265,3659
20213,3110264,1408
20213,3110263,1914
20213,3110262,2743
20213,3110261,1627
20213,3110260,1356
20213,3110259,1291
20213,3110258,941
20213,3110257,2068
20213,3110256,2376
20213,3110255,3434
20213,3110254,1115
20213,3110253,1089
20213,3110252,1343
20213,3110251,964
20213,3110250,651
20213,3110249,2013
20213,3110248,293
20213,3110247,1620
20213,3110246,1590
20213,3110245,733
20213,3110244,1603
20213,3110243,1142
20213,3110242,930
20213,3110241,2358
20213,3110240,278
20213,3110239,106
20213,3110238,724
20213,3110237,1492
20213,3110236,1715
20213,3110235,122
20213,3110234,1224
20213,3110233,955
20213,3110232,2679
20213,3110231,328
20213,3110230,3561
20213,3110229,5749
20213,3110228,4488
20213,3110227,1516
20213,3110226,7259
20213,3110225,1399
20213,3110224,531
20213,3110223,3934
20213,3110222,768
20213,3110221,314
20213,3110220,939
20213,3110219,1591
20213,3110218,1903
20213,3110217,2499
20213,3110216,579
20213,3110215,1344
20213,3110214,559
20213,3110213,503
20213,3110212,1940
20213,3110211,1029
20213,3110210,1025
20213,3110209,701
20213,3110208,457
20213,3110207,1498
20213,3110206,544
20213,3110205,496
20213,3110204,754
20213,3110203,1403
20213,3110202,508
20213,3110201,151
20213,3110200,1023
20213,3110199,1792
20213,3110198,1854
20213,3110197,63
20213,3110196,383
20213,3110195,3346
20213,3110194,1867
20213,3110193,617
20213,3110192,2337
20213,3110191,629
20213,3110190,1031
20213,3110189,2467
20213,3110188,6222
20213,3110187,5479
20213,3110186,872
20213,3110185,5042
20213,3110184,4405
20213,3110183,3417
20213,3110182,2820
20213,3110181,10309
20213,3110180,6150
20213,3110179,826
20213,3110178,826
20213,3110177,144
20213,3110176,2271
20213,3110175,4231
20213,3110174,3196
20213,3110173,2206
20213,3110172,2396
20213,3110171,1488
20213,3110170,3040
20213,3110169,3203
20213,3110168,880
20213,3110167,3608
20213,3110166,4692
20213,3110165,1499
20213,3110164,1993
20213,3110163,2035
20213,3110162,2366
20213,3110161,1055
20213,3110160,984
20213,3110159,10051
20213,3110158,1385
20213,3110157,2335
20213,3110156,2662
20213,3110155,6525
20213,3110154,4298
20213,3110153,3170
20213,3110152,1139
20213,3110151,2914
20213,3110150,3936
20213,3110149,758
20213,3110148,206
20213,3110147,1691
20213,3110146,1615
20213,3110145,558
20213,3110144,594
20213,3110143,270
20213,3110142,2804
20213,3110141,2860
20213,3110140,4687
20213,3110139,854
20213,3110138,1654
20213,3110137,14639
20213,3110136,11790
20213,3110135,6417
20213,3110134,2342
20213,3110133,2822
20213,3110132,4034
20213,3110131,10575
20213,3110130,659
20213,3110129,4175
20213,3110128,2231
20213,3110127,2998
20213,3110126,2370
20213,3110125,324
20213,3110124,2239
20213,3110123,1686
20213,3110122,1681
20213,3110121,116
20213,3110120,123
20213,3110119,1512
20213,3110118,868
20213,3110117,2493
20213,3110116,5440
20213,3110115,2706
20213,3110114,1311
20213,3110113,311
20213,3110112,969
20213,3110111,76
20213,3110110,801
20213,3110109,1321
20213,3110108,821
20213,3110107,1187
20213,3110106,558
20213,3110105,1591
20213,3110104,323
20213,3110103,1015
20213,3110102,1415
20213,3110101,657
20213,3110100,657
20213,3110099,9573
20213,3110098,10008
20213,3110097,6822
20213,3110096,2463
20213,3110095,22413
20213,3110094,197
20213,3110093,20899
20213,3110092,1064
20213,3110091,21225
20213,3110090,2690
20213,3110089,4255
20213,3110088,4200
20213,3110087,11941
20213,3110086,16139
20213,3110085,2960
20213,3110084,1209
20213,3110083,3677
20213,3110082,14942
20213,3110081,961
20213,3110080,931
20213,3110079,13190
20213,3110078,1147
20213,3110077,2821
20213,3110076,2348
20213,3110075,8824
20213,3110074,9641
20213,3110073,7786
20213,3110072,907
20213,3110071,1910
20213,3110070,126
20213,3110069,5268
20213,3110068,7700
20213,3110067,3472
20213,3110066,1910
20213,3110065,2173
20213,3110064,2695
20213,3110063,4242
20213,3110062,14298
20213,3110061,1553
20213,3110060,3022
20213,3110059,2714
20213,3110058,4812
20213,3110057,768
20213,3110056,1646
20213,3110055,630
20213,3110054,8777
20213,3110053,1515
20213,3110052,4292
20213,3110051,4303
20213,3110050,10291
20213,3110049,9836
20213,3110048,8473
20213,3110047,10433
20213,3110046,3510
20213,3110045,14716
20213,3110044,9410
20213,3110043,11629
20213,3110042,3572
20213,3110041,5937
20213,3110040,5956
20213,3110039,19302
20213,3110038,10103
20213,3110037,1943
20213,3110036,1491
20213,3110035,2021
20213,3110034,1787
20213,3110033,311
20213,3110032,2432
20213,3110031,193
20213,3110030,1523
20213,3110029,1507
20213,3110028,3339
20213,3110027,1451
20213,3110026,4755
20213,3110025,3379
20213,3110024,3807
20213,3110023,585
20213,3110022,4433
20213,3110021,2330
20213,3110020,2125
20213,3110019,6166
20213,3110018,12031
20213,3110017,2678
20213,3110016,4483
20213,3110015,4395
20213,3110014,1310
20213,3110013,3858
20213,3110012,29821
20213,3110011,526
20213,3110010,4714
20213,3110009,702
20213,3110008,6908
20213,3110007,2168
20213,3110006,215
20213,3110005,1805
20213,3110004,184
20213,3110003,4156
20213,3110002,406
20213,3110001,3561
20212,3111090,204
20212,3111089,1070
20212,3111088,717
20212,3111087,387
20212,3111086,539
20212,3111085,802
20212,3111084,589
20212,3111083,1647
20212,3111082,409
20212,3111081,1062
20212,3111080,3602
20212,3111079,1108
20212,3111078,4075
20212,3111077,6854
20212,3111076,2853
20212,3111075,3248
20212,3111074,1542
20212,3111073,4715
20212,3111072,2093
20212,3111071,2031
20212,3111070,1062
20212,3111069,1078
20212,3111068,3148
20212,3111067,5945
20212,3111066,1147
20212,3111065,417
20212,3111064,2235
20212,3111063,781
20212,3111062,3718
20212,3111061,3755
20212,3111060,2828
20212,3111059,4513
20212,3111058,2171
20212,3111057,915
20212,3111056,1591
20212,3111055,1327
20212,3111054,1932
20212,3111053,10593
20212,3111052,1791
20212,3111051,3753
20212,3111050,3808
20212,3111049,1129
20212,3111048,1373
20212,3111047,543
20212,3111046,1845
20212,3111045,879
20212,3111044,1507
20212,3111043,1152
20212,3111042,5296
20212,3111041,1772
20212,3111040,2473
20212,3111039,4609
20212,3111038,3796
20212,3111037,2556
20212,3111036,1580
20212,3111035,4246
20212,3111034,6189
20212,3111033,2520
20212,3111032,12964
20212,3111031,5127
20212,3111030,10056
20212,3111029,5078
20212,3111028,4217
20212,3111027,30262
20212,3111026,22803
20212,3111025,7693
20212,3111024,15134
20212,3111023,20058
20212,3111022,8791
20212,3111021,10924
20212,3111020,558
20212,3111019,13386
20212,3111018,238
20212,3111017,4131
20212,3111016,5212
20212,3111015,11194
20212,3111014,14995
20212,3111013,16649
20212,3111012,4550
20212,3111011,2075
20212,3111010,8437
20212,3111009,941
20212,3111008,2690
20212,3111007,2048
20212,3111006,3970
20212,3111005,2441
20212,3111004,7322
20212,3111003,4186
20212,3111002,99
20212,3111001,120
20212,3111000,64
20212,3110999,178
20212,3110998,107
20212,3110997,1836
20212,3110996,25160
20212,3110995,21784
20212,3110994,2861
20212,3110993,549
20212,3110992,19587
20212,3110991,58373
20212,3110990,12088
20212,3110989,14248
20212,3110988,11741
20212,3110987,6631
20212,3110986,9163
20212,3110985,14673
20212,3110984,3930
20212,3110983,3640
20212,3110982,3934
20212,3110981,7603
20212,3110980,20541
20212,3110979,8563
20212,3110978,44780
20212,3110977,12384
20212,3110976,11749
20212,3110975,35395
20212,3110974,9391
20212,3110973,10738
20212,3110972,13882
20212,3110971,28112
20212,3110970,9826
20212,3110969,36936
20212,3110968,15303
20212,3110967,24763
20212,3110966,22520
20212,3110965,13791
20212,3110964,11940
20212,3110963,23748
20212,3110962,9192
20212,3110961,17609
20212,3110960,24677
20212,3110959,9450
20212,3110958,21269
20212,3110957,21330
20212,3110956,11047
20212,3110955,19550
20212,3110954,12231
20212,3110953,17107
20212,3110952,7440
20212,3110951,11936
20212,3110950,13388
20212,3110949,8376
20212,3110948,65
20212,3110947,487
20212,3110946,409
20212,3110945,188
20212,3110944,412
20212,3110943,7052
20212,3110942,10010
20212,3110941,4871
20212,3110940,8204
20212,3110939,55981
20212,3110938,6967
20212,3110937,8085
20212,3110936,5425
20212,3110935,3978
20212,3110934,602
20212,3110933,4067
20212,3110932,4363
20212,3110931,76
20212,3110930,10579
20212,3110929,26798
20212,3110928,15157
20212,3110927,249
20212,3110926,11085
20212,3110925,5476
20212,3110924,10461
20212,3110923,8623
20212,3110922,10396
20212,3110921,11579
20212,3110920,8936
20212,3110919,9169
20212,3110918,7422
20212,3110917,4575
20212,3110916,15753
20212,3110915,5075
20212,3110914,8368
20212,3110913,9502
20212,3110912,3301
20212,3110911,8900
20212,3110910,11885
20212,3110909,235
20212,3110908,11178
20212,3110907,11811
20212,3110906,4510
20212,3110905,3776
20212,3110904,6624
20212,3110903,11156
20212,3110902,4355
20212,3110901,817
20212,3110900,1660
20212,3110899,673
20212,3110898,237
20212,3110897,4633
20212,3110896,1007
20212,3110895,7148
20212,3110894,512
20212,3110893,835
20212,3110892,5297
20212,3110891,1342
20212,3110890,1611
20212,3110889,350
20212,3110888,1006
20212,3110887,415
20212,3110886,1111
20212,3110885,1210
20212,3110884,1293
20212,3110883,1264
20212,3110882,1882
20212,3110881,1246
20212,3110880,1637
20212,3110879,979
20212,3110878,301
20212,3110877,2376
20212,3110876,391
20212,3110875,712
20212,3110874,781
20212,3110873,3397
20212,3110872,162
20212,3110871,1037
20212,3110870,84
20212,3110869,5369
20212,3110868,2264
20212,3110867,2551
20212,3110866,632
20212,3110865,1555
20212,3110864,1525
20212,3110863,1547
20212,3110862,1214
20212,3110861,4911
20212,3110860,3272
20212,3110859,430
20212,3110858,1416
20212,3110857,1290
20212,3110856,2725
20212,3110855,5335
20212,3110854,2320
20212,3110853,4726
20212,3110852,4111
20212,3110851,3060
20212,3110850,8172
20212,3110849,2856
20212,3110848,1976
20212,3110847,1647
20212,3110846,2334
20212,3110845,195
20212,3110844,11
20212,3110843,1031
20212,3110842,49
20212,3110841,20
20212,3110840,84
20212,3110839,1196
20212,3110838,1088
20212,3110837,2125
20212,3110836,1958
20212,3110835,1116
20212,3110834,259
20212,3110833,752
20212,3110832,4517
20212,3110831,387
20212,3110830,885
20212,3110829,1571
20212,3110828,4249
20212,3110827,1603
20212,3110826,1677
20212,3110825,2793
20212,3110824,2515
20212,3110823,10347
20212,3110822,4093
20212,3110821,9173
20212,3110820,2253
20212,3110819,5222
20212,3110818,3166
20212,3110817,3153
20212,3110816,2634
20212,3110815,4572
20212,3110814,3634
20212,3110813,3640
20212,3110812,4120
20212,3110811,4695
20212,3110810,2544
20212,3110809,1368
20212,3110808,577
20212,3110807,569
20212,3110806,1791
20212,3110805,279
20212,3110804,1276
20212,3110803,1782
20212,3110802,1305
20212,3110801,106
20212,3110800,3138
20212,3110799,749
20212,3110798,767
20212,3110797,241
20212,3110796,2122
20212,3110795,1177
20212,3110794,4645
20212,3110793,449
20212,3110792,4511
20212,3110791,651
20212,3110790,1340
20212,3110789,2788
20212,3110788,1064
20212,3110787,648
20212,3110786,3492
20212,3110785,580
20212,3110784,1304
20212,3110783,2572
20212,3110782,1960
20212,3110781,1918
20212,3110780,956
20212,3110779,495
20212,3110778,11245
20212,3110777,29113
20212,3110776,3284
20212,3110775,2254
20212,3110774,5700
20212,3110773,3662
20212,3110772,1562
20212,3110771,2711
20212,3110770,4068
20212,3110769,1760
20212,3110768,423
20212,3110767,3770
20212,3110766,4155
20212,3110765,13772
20212,3110764,1533
20212,3110763,8114
20212,3110762,10978
20212,3110761,5523
20212,3110760,8848
20212,3110759,45569
20212,3110758,1925
20212,3110757,2369
20212,3110756,2950
20212,3110755,1773
20212,3110754,1520
20212,3110753,1869
20212,3110752,1603
20212,3110751,2289
20212,3110750,1503
20212,3110749,1414
20212,3110748,979
20212,3110747,600
20212,3110746,1591
20212,3110745,1095
20212,3110744,2021
20212,3110743,2473
20212,3110742,765
20212,3110741,1785
20212,3110740,2985
20212,3110739,1063
20212,3110738,2979
20212,3110737,2406
20212,3110736,3164
20212,3110735,2587
20212,3110734,1622
20212,3110733,1291
20212,3110732,2909
20212,3110731,2556
20212,3110730,3064
20212,3110729,3520
20212,3110728,3778
20212,3110727,1566
20212,3110726,124
20212,3110725,2460
20212,3110724,8362
20212,3110723,9027
20212,3110722,23510
20212,3110721,14198
20212,3110720,1802
20212,3110719,10545
20212,3110718,6188
20212,3110717,17370
20212,3110716,2587
20212,3110715,3077
20212,3110714,2156
20212,3110713,6070
20212,3110712,1684
20212,3110711,2722
20212,3110710,14401
20212,3110709,536
20212,3110708,1286
20212,3110707,2409
20212,3110706,1580
20212,3110705,1091
20212,3110704,361
20212,3110703,3478
20212,3110702,4368
20212,3110701,1016
20212,3110700,1567
20212,3110699,747
20212,3110698,3868
20212,3110697,329
20212,3110696,3464
20212,3110695,1794
20212,3110694,1866
20212,3110693,1787
20212,3110692,1694
20212,3110691,914
20212,3110690,2640
20212,3110689,3196
20212,3110688,1368
20212,3110687,208
20212,3110686,816
20212,3110685,49
20212,3110684,297
20212,3110683,288
20212,3110682,185
20212,3110681,363
20212,3110680,993
20212,3110679,2560
20212,3110678,1195
20212,3110677,2195
20212,3110676,3828
20212,3110675,2564
20212,3110674,646
20212,3110673,2777
20212,3110672,561
20212,3110671,5170
20212,3110670,1064
20212,3110669,4634
20212,3110668,2450
20212,3110667,543
20212,3110666,944
20212,3110665,3190
20212,3110664,4495
20212,3110663,5383
20212,3110662,2327
20212,3110661,3980
20212,3110660,8343
20212,3110659,2731
20212,3110658,1718
20212,3110657,5739
20212,3110656,2964
20212,3110655,5387
20212,3110654,3207
20212,3110653,2951
20212,3110652,3511
20212,3110651,1800
20212,3110650,1162
20212,3110649,1766
20212,3110648,5575
20212,3110647,4788
20212,3110646,4166
20212,3110645,1992
20212,3110644,261
20212,3110643,1858
20212,3110642,536
20212,3110641,1252
20212,3110640,2519
20212,3110639,1434
20212,3110638,4147
20212,3110637,2570
20212,3110636,2734
20212,3110635,2289
20212,3110634,4390
20212,3110633,2082
20212,3110632,3019
20212,3110631,1237
20212,3110630,2245
20212,3110629,1849
20212,3110628,1775
20212,3110627,11224
20212,3110626,2510
20212,3110625,10968
20212,3110624,376
20212,3110623,360
20212,3110622,1866
20212,3110621,875
20212,3110620,1428
20212,3110619,1176
20212,3110618,2901
20212,3110617,1537
20212,3110616,4022
20212,3110615,6004
20212,3110614,2713
20212,3110613,5918
20212,3110612,7144
20212,3110611,2822
20212,3110610,1028
20212,3110609,1101
20212,3110608,2473
20212,3110607,980
20212,3110606,2994
20212,3110605,1149
20212,3110604,2168
20212,3110603,961
20212,3110602,1924
20212,3110601,1659
20212,3110600,2458
20212,3110599,1578
20212,3110598,2480
20212,3110597,2649
20212,3110596,1203
20212,3110595,2308
20212,3110594,520
20212,3110593,1822
20212,3110592,1584
20212,3110591,2753
20212,3110590,1041
20212,3110589,601
20212,3110588,2062
20212,3110587,4561
20212,3110586,8204
20212,3110585,1275
20212,3110584,1060
20212,3110583,4321
20212,3110582,1358
20212,3110581,7731
20212,3110580,995
20212,3110579,6250
20212,3110578,2616
20212,3110577,6338
20212,3110576,2791
20212,3110575,1853
20212,3110574,1122
20212,3110573,1638
20212,3110572,3693
20212,3110571,1650
20212,3110570,1306
20212,3110569,3504
20212,3110568,361
20212,3110567,396
20212,3110566,5118
20212,3110565,1656
20212,3110564,3669
20212,3110563,1698
20212,3110562,2982
20212,3110561,2896
20212,3110560,4225
20212,3110559,3539
20212,3110558,4519
20212,3110557,4735
20212,3110556,606
20212,3110555,3810
20212,3110554,5534
20212,3110553,1095
20212,3110552,2048
20212,3110551,3543
20212,3110550,6248
20212,3110549,1655
20212,3110548,4271
20212,3110547,6044
20212,3110546,1371
20212,3110545,2109
20212,3110544,7073
20212,3110543,6
20212,3110542,3670
20212,3110541,2980
20212,3110540,806
20212,3110539,14297
20212,3110538,7186
20212,3110537,7835
20212,3110536,3284
20212,3110535,899
20212,3110534,3107
20212,3110533,4989
20212,3110532,1728
20212,3110531,736
20212,3110530,1148
20212,3110529,2189
20212,3110528,1472
20212,3110527,1695
20212,3110526,44
20212,3110525,1906
20212,3110524,78
20212,3110523,308
20212,3110522,1457
20212,3110521,1551
20212,3110520,1448
20212,3110519,859
20212,3110518,1220
20212,3110517,1755
20212,3110516,837
20212,3110515,289
20212,3110514,1766
20212,3110513,2620
20212,3110512,1720
20212,3110511,3956
20212,3110510,804
20212,3110509,2297
20212,3110508,3629
20212,3110507,1743
20212,3110506,1822
20212,3110505,218
20212,3110504,246
20212,3110503,1320
20212,3110502,658
20212,3110501,612
20212,3110500,165
20212,3110499,385
20212,3110498,2152
20212,3110497,1826
20212,3110496,946
20212,3110495,2203
20212,3110494,554
20212,3110493,364
20212,3110492,129
20212,3110491,175
20212,3110490,1643
20212,3110489,742
20212,3110488,2198
20212,3110487,1678
20212,3110486,2322
20212,3110485,773
20212,3110484,2656
20212,3110483,939
20212,3110482,200
20212,3110481,2049
20212,3110480,1358
20212,3110479,2117
20212,3110478,2378
20212,3110477,2924
20212,3110476,228
20212,3110475,993
20212,3110474,871
20212,3110473,2409
20212,3110472,2650
20212,3110471,1100
20212,3110470,959
20212,3110469,1878
20212,3110468,3137
20212,3110467,1114
20212,3110466,1205
20212,3110465,2927
20212,3110464,2719
20212,3110463,1117
20212,3110462,634
20212,3110461,1389
20212,3110460,2784
20212,3110459,1915
20212,3110458,1093
20212,3110457,1903
20212,3110456,1681
20212,3110455,1921
20212,3110454,1123
20212,3110453,1438
20212,3110452,1561
20212,3110451,2218
20212,3110450,1437
20212,3110449,1918
20212,3110448,371
20212,3110447,99
20212,3110446,476
20212,3110445,66
20212,3110444,832
20212,3110443,216
20212,3110442,153
20212,3110441,149
20212,3110440,136
20212,3110439,405
20212,3110438,1416
20212,3110437,460
20212,3110436,1191
20212,3110435,350
20212,3110434,2457
20212,3110433,2887
20212,3110432,557
20212,3110431,1303
20212,3110430,1125
20212,3110429,3681
20212,3110428,1302
20212,3110427,392
20212,3110426,961
20212,3110425,1470
20212,3110424,1252
20212,3110423,1244
20212,3110422,785
20212,3110421,1359
20212,3110420,424
20212,3110419,2844
20212,3110418,419
20212,3110417,54
20212,3110416,1707
20212,3110415,2854
20212,3110414,196
20212,3110413,617
20212,3110412,154
20212,3110411,863
20212,3110410,2089
20212,3110409,3357
20212,3110408,2184
20212,3110407,1295
20212,3110406,505
20212,3110405,2159
20212,3110404,1239
20212,3110403,2336
20212,3110402,1736
20212,3110401,2162
20212,3110400,2521
20212,3110399,1307
20212,3110398,1889
20212,3110397,1102
20212,3110396,1413
20212,3110395,1419
20212,3110394,1717
20212,3110393,1138
20212,3110392,250
20212,3110391,271
20212,3110390,1528
20212,3110389,520
20212,3110388,548
20212,3110387,361
20212,3110386,182
20212,3110385,47
20212,3110384,269
20212,3110383,386
20212,3110382,511
20212,3110381,226
20212,3110380,40
20212,3110379,145
20212,3110378,250
20212,3110377,868
20212,3110376,1862
20212,3110375,531
20212,3110374,691
20212,3110373,2490
20212,3110372,950
20212,3110371,831
20212,3110370,758
20212,3110369,2381
20212,3110368,300
20212,3110367,2760
20212,3110366,1107
20212,3110365,784
20212,3110364,847
20212,3110363,185
20212,3110362,864
20212,3110361,443
20212,3110360,2514
20212,3110359,2299
20212,3110358,2867
20212,3110357,1358
20212,3110356,848
20212,3110355,621
20212,3110354,402
20212,3110353,1177
20212,3110352,449
20212,3110351,1075
20212,3110350,1174
20212,3110349,344
20212,3110348,1350
20212,3110347,107
20212,3110346,621
20212,3110345,737
20212,3110344,217
20212,3110343,1025
20212,3110342,362
20212,3110341,485
20212,3110340,880
20212,3110339,543
20212,3110338,352
20212,3110337,772
20212,3110336,738
20212,3110335,1892
20212,3110334,793
20212,3110333,1372
20212,3110332,1022
20212,3110331,1411
20212,3110330,1042
20212,3110329,184
20212,3110328,1092
20212,3110327,1073
20212,3110326,212
20212,3110325,308
20212,3110324,2084
20212,3110323,2035
20212,3110322,257
20212,3110321,475
20212,3110320,5893
20212,3110319,7579
20212,3110318,4060
20212,3110317,5998
20212,3110316,1888
20212,3110315,11428
20212,3110314,9514
20212,3110313,2250
20212,3110312,1396
20212,3110311,653
20212,3110310,1259
20212,3110309,1631
20212,3110308,2360
20212,3110307,3389
20212,3110306,1189
20212,3110305,3073
20212,3110304,4071
20212,3110303,1316
20212,3110302,2778
20212,3110301,1374
20212,3110300,7763
20212,3110299,1726
20212,3110298,556
20212,3110297,11684
20212,3110296,3235
20212,3110295,1583
20212,3110294,1247
20212,3110293,10216
20212,3110292,676
20212,3110291,2754
20212,3110290,348
20212,3110289,986
20212,3110288,9289
20212,3110287,149
20212,3110286,9332
20212,3110285,5526
20212,3110284,159
20212,3110283,4521
20212,3110282,224
20212,3110281,1879
20212,3110280,1952
20212,3110279,469
20212,3110278,944
20212,3110277,1174
20212,3110276,304
20212,3110275,1195
20212,3110274,995
20212,3110273,1353
20212,3110272,1861
20212,3110271,240
20212,3110270,467
20212,3110269,1018
20212,3110268,796
20212,3110267,1243
20212,3110266,1157
20212,3110265,3659
20212,3110264,1408
20212,3110263,1914
20212,3110262,2743
20212,3110261,1627
20212,3110260,1356
20212,3110259,1291
20212,3110258,941
20212,3110257,2068
20212,3110256,2376
20212,3110255,3434
20212,3110254,1115
20212,3110253,1089
20212,3110252,1343
20212,3110251,964
20212,3110250,651
20212,3110249,2013
20212,3110248,293
20212,3110247,1620
20212,3110246,1590
20212,3110245,733
20212,3110244,1603
20212,3110243,1142
20212,3110242,930
20212,3110241,2358
20212,3110240,278
20212,3110239,106
20212,3110238,724
20212,3110237,1492
20212,3110236,1715
20212,3110235,122
20212,3110234,1224
20212,3110233,955
20212,3110232,2679
20212,3110231,328
20212,3110230,3561
20212,3110229,5749
20212,3110228,4488
20212,3110227,1516
20212,3110226,7259
20212,3110225,1399
20212,3110224,531
20212,3110223,3934
20212,3110222,768
20212,3110221,314
20212,3110220,939
20212,3110219,1591
20212,3110218,1903
20212,3110217,2499
20212,3110216,579
20212,3110215,1344
20212,3110214,559
20212,3110213,503
20212,3110212,1940
20212,3110211,1029
20212,3110210,1025
20212,3110209,701
20212,3110208,457
20212,3110207,1498
20212,3110206,544
20212,3110205,496
20212,3110204,754
20212,3110203,1403
20212,3110202,508
20212,3110201,151
20212,3110200,1023
20212,3110199,1792
20212,3110198,1854
20212,3110197,63
20212,3110196,383
20212,3110195,3346
20212,3110194,1867
20212,3110193,617
20212,3110192,2337
20212,3110191,629
20212,3110190,1031
20212,3110189,2467
20212,3110188,6222
20212,3110187,5479
20212,3110186,872
20212,3110185,5042
20212,3110184,4405
20212,3110183,3417
20212,3110182,2820
20212,3110181,10309
20212,3110180,6150
20212,3110179,826
20212,3110178,826
20212,3110177,144
20212,3110176,2271
20212,3110175,4231
20212,3110174,3196
20212,3110173,2206
20212,3110172,2396
20212,3110171,1488
20212,3110170,3040
20212,3110169,3203
20212,3110168,880
20212,3110167,3608
20212,3110166,4692
20212,3110165,1499
20212,3110164,1993
20212,3110163,2035
20212,3110162,2366
20212,3110161,1055
20212,3110160,984
20212,3110159,10051
20212,3110158,1385
20212,3110157,2335
20212,3110156,2662
20212,3110155,6525
20212,3110154,4298
20212,3110153,3170
20212,3110152,1139
20212,3110151,2914
20212,3110150,3936
20212,3110149,758
20212,3110148,206
20212,3110147,1691
20212,3110146,1615
20212,3110145,558
20212,3110144,594
20212,3110143,270
20212,3110142,2804
20212,3110141,2860
20212,3110140,4687
20212,3110139,854
20212,3110138,1654
20212,3110137,14639
20212,3110136,11790
20212,3110135,6417
20212,3110134,2342
20212,3110133,2822
20212,3110132,4034
20212,3110131,10575
20212,3110130,659
20212,3110129,4175
20212,3110128,2231
20212,3110127,2998
20212,3110126,2370
20212,3110125,324
20212,3110124,2239
20212,3110123,1686
20212,3110122,1681
20212,3110121,116
20212,3110120,123
20212,3110119,1512
20212,3110118,868
20212,3110117,2493
20212,3110116,5440
20212,3110115,2706
20212,3110114,1311
20212,3110113,311
20212,3110112,969
20212,3110111,76
20212,3110110,801
20212,3110109,1321
20212,3110108,821
20212,3110107,1187
20212,3110106,558
20212,3110105,1591
20212,3110104,323
20212,3110103,1015
20212,3110102,1415
20212,3110101,657
20212,3110100,657
20212,3110099,9573
20212,3110098,10008
20212,3110097,6822
20212,3110096,2463
20212,3110095,22413
20212,3110094,197
20212,3110093,20899
20212,3110092,1064
20212,3110091,21225
20212,3110090,2690
20212,3110089,4255
20212,3110088,4200
20212,3110087,11941
20212,3110086,16139
20212,3110085,2960
20212,3110084,1209
20212,3110083,3677
20212,3110082,14942
20212,3110081,961
20212,3110080,931
20212,3110079,13190
20212,3110078,1147
20212,3110077,2821
20212,3110076,2348
20212,3110075,8824
20212,3110074,9641
20212,3110073,7786
20212,3110072,907
20212,3110071,1910
20212,3110070,126
20212,3110069,5268
20212,3110068,7700
20212,3110067,3472
20212,3110066,1910
20212,3110065,2173
20212,3110064,2695
20212,3110063,4242
20212,3110062,14298
20212,3110061,1553
20212,3110060,3022
20212,3110059,2714
20212,3110058,4812
20212,3110057,768
20212,3110056,1646
20212,3110055,630
20212,3110054,8777
20212,3110053,1515
20212,3110052,4292
20212,3110051,4303
20212,3110050,10291
20212,3110049,9836
20212,3110048,8473
20212,3110047,10433
20212,3110046,3510
20212,3110045,14716
20212,3110044,9410
20212,3110043,11629
20212,3110042,3572
20212,3110041,5937
20212,3110040,5956
20212,3110039,19302
20212,3110038,10103
20212,3110037,1943
20212,3110036,1491
20212,3110035,2021
20212,3110034,1787
20212,3110033,311
20212,3110032,2432
20212,3110031,193
20212,3110030,1523
20212,3110029,1507
20212,3110028,3339
20212,3110027,1451
20212,3110026,4755
20212,3110025,3379
20212,3110024,3807
20212,3110023,585
20212,3110022,4433
20212,3110021,2330
20212,3110020,2125
20212,3110019,6166
20212,3110018,12031
20212,3110017,2678
20212,3110016,4483
20212,3110015,4395
20212,3110014,1310
20212,3110013,3858
20212,3110012,29821
20212,3110011,526
20212,3110010,4714
20212,3110009,702
20212,3110008,6908
20212,3110007,2168
20212,3110006,215
20212,3110005,1805
20212,3110004,184
20212,3110003,4156
20212,3110002,406
20212,3110001,3561
20211,3111090,204
20211,3111089,1070
20211,3111088,717
20211,3111087,387
20211,3111086,539
20211,3111085,802
20211,3111084,589
20211,3111083,1647
20211,3111082,409
20211,3111081,1062
20211,3111080,3602
20211,3111079,1108
20211,3111078,4075
20211,3111077,6854
20211,3111076,2853
20211,3111075,3248
20211,3111074,1542
20211,3111073,4715
20211,3111072,2093
20211,3111071,2031
20211,3111070,1062
20211,3111069,1078
20211,3111068,3148
20211,3111067,5945
20211,3111066,1147
20211,3111065,417
20211,3111064,2235
20211,3111063,781
20211,3111062,3718
20211,3111061,3755
20211,3111060,2828
20211,3111059,4513
20211,3111058,2171
20211,3111057,915
20211,3111056,1591
20211,3111055,1327
20211,3111054,1932
20211,3111053,10593
20211,3111052,1791
20211,3111051,3753
20211,3111050,3808
20211,3111049,1129
20211,3111048,1373
20211,3111047,543
20211,3111046,1845
20211,3111045,879
20211,3111044,1507
20211,3111043,1152
20211,3111042,5296
20211,3111041,1772
20211,3111040,2473
20211,3111039,4609
20211,3111038,3796
20211,3111037,2556
20211,3111036,1580
20211,3111035,4246
20211,3111034,6189
20211,3111033,2520
20211,3111032,12964
20211,3111031,5127
20211,3111030,10056
20211,3111029,5078
20211,3111028,4217
20211,3111027,30262
20211,3111026,22803
20211,3111025,7693
20211,3111024,15134
20211,3111023,20058
20211,3111022,8791
20211,3111021,10924
20211,3111020,558
20211,3111019,13386
20211,3111018,238
20211,3111017,4131
20211,3111016,5212
20211,3111015,11194
20211,3111014,14995
20211,3111013,16649
20211,3111012,4550
20211,3111011,2075
20211,3111010,8437
20211,3111009,941
20211,3111008,2690
20211,3111007,2048
20211,3111006,3970
20211,3111005,2441
20211,3111004,7322
20211,3111003,4186
20211,3111002,99
20211,3111001,120
20211,3111000,64
20211,3110999,178
20211,3110998,107
20211,3110997,1836
20211,3110996,25160
20211,3110995,21784
20211,3110994,2861
20211,3110993,549
20211,3110992,19587
20211,3110991,58373
20211,3110990,12088
20211,3110989,14248
20211,3110988,11741
20211,3110987,6631
20211,3110986,9163
20211,3110985,14673
20211,3110984,3930
20211,3110983,3640
20211,3110982,3934
20211,3110981,7603
20211,3110980,20541
20211,3110979,8563
20211,3110978,44780
20211,3110977,12384
20211,3110976,11749
20211,3110975,35395
20211,3110974,9391
20211,3110973,10738
20211,3110972,13882
20211,3110971,28112
20211,3110970,9826
20211,3110969,36936
20211,3110968,15303
20211,3110967,24763
20211,3110966,22520
20211,3110965,13791
20211,3110964,11940
20211,3110963,23748
20211,3110962,9192
20211,3110961,17609
20211,3110960,24677
20211,3110959,9450
20211,3110958,21269
20211,3110957,21330
20211,3110956,11047
20211,3110955,19550
20211,3110954,12231
20211,3110953,17107
20211,3110952,7440
20211,3110951,11936
20211,3110950,13388
20211,3110949,8376
20211,3110948,65
20211,3110947,487
20211,3110946,409
20211,3110945,188
20211,3110944,412
20211,3110943,7052
20211,3110942,10010
20211,3110941,4871
20211,3110940,8204
20211,3110939,55981
20211,3110938,6967
20211,3110937,8085
20211,3110936,5425
20211,3110935,3978
20211,3110934,602
20211,3110933,4067
20211,3110932,4363
20211,3110931,76
20211,3110930,10579
20211,3110929,26798
20211,3110928,15157
20211,3110927,249
20211,3110926,11085
20211,3110925,5476
20211,3110924,10461
20211,3110923,8623
20211,3110922,10396
20211,3110921,11579
20211,3110920,8936
20211,3110919,9169
20211,3110918,7422
20211,3110917,4575
20211,3110916,15753
20211,3110915,5075
20211,3110914,8368
20211,3110913,9502
20211,3110912,3301
20211,3110911,8900
20211,3110910,11885
20211,3110909,235
20211,3110908,11178
20211,3110907,11811
20211,3110906,4510
20211,3110905,3776
20211,3110904,6624
20211,3110903,11156
20211,3110902,4355
20211,3110901,817
20211,3110900,1660
20211,3110899,673
20211,3110898,237
20211,3110897,4633
20211,3110896,1007
20211,3110895,7148
20211,3110894,512
20211,3110893,835
20211,3110892,5297
20211,3110891,1342
20211,3110890,1611
20211,3110889,350
20211,3110888,1006
20211,3110887,415
20211,3110886,1111
20211,3110885,1210
20211,3110884,1293
20211,3110883,1264
20211,3110882,1882
20211,3110881,1246
20211,3110880,1637
20211,3110879,979
20211,3110878,301
20211,3110877,2376
20211,3110876,391
20211,3110875,712
20211,3110874,781
20211,3110873,3397
20211,3110872,162
20211,3110871,1037
20211,3110870,84
20211,3110869,5369
20211,3110868,2264
20211,3110867,2551
20211,3110866,632
20211,3110865,1555
20211,3110864,1525
20211,3110863,1547
20211,3110862,1214
20211,3110861,4911
20211,3110860,3272
20211,3110859,430
20211,3110858,1416
20211,3110857,1290
20211,3110856,2725
20211,3110855,5335
20211,3110854,2320
20211,3110853,4726
20211,3110852,4111
20211,3110851,3060
20211,3110850,8172
20211,3110849,2856
20211,3110848,1976
20211,3110847,1647
20211,3110846,2334
20211,3110845,195
20211,3110844,11
20211,3110843,1031
20211,3110842,49
20211,3110841,20
20211,3110840,84
20211,3110839,1196
20211,3110838,1088
20211,3110837,2125
20211,3110836,1958
20211,3110835,1116
20211,3110834,259
20211,3110833,752
20211,3110832,4517
20211,3110831,387
20211,3110830,885
20211,3110829,1571
20211,3110828,4249
20211,3110827,1603
20211,3110826,1677
20211,3110825,2793
20211,3110824,2515
20211,3110823,10347
20211,3110822,4093
20211,3110821,9173
20211,3110820,2253
20211,3110819,5222
20211,3110818,3166
20211,3110817,3153
20211,3110816,2634
20211,3110815,4572
20211,3110814,3634
20211,3110813,3640
20211,3110812,4120
20211,3110811,4695
20211,3110810,2544
20211,3110809,1368
20211,3110808,577
20211,3110807,569
20211,3110806,1791
20211,3110805,279
20211,3110804,1276
20211,3110803,1782
20211,3110802,1305
20211,3110801,106
20211,3110800,3138
20211,3110799,749
20211,3110798,767
20211,3110797,241
20211,3110796,2122
20211,3110795,1177
20211,3110794,4645
20211,3110793,449
20211,3110792,4511
20211,3110791,651
20211,3110790,1340
20211,3110789,2788
20211,3110788,1064
20211,3110787,648
20211,3110786,3492
20211,3110785,580
20211,3110784,1304
20211,3110783,2572
20211,3110782,1960
20211,3110781,1918
20211,3110780,956
20211,3110779,495
20211,3110778,11245
20211,3110777,29113
20211,3110776,3284
20211,3110775,2254
20211,3110774,5700
20211,3110773,3662
20211,3110772,1562
20211,3110771,2711
20211,3110770,4068
20211,3110769,1760
20211,3110768,423
20211,3110767,3770
20211,3110766,4155
20211,3110765,13772
20211,3110764,1533
20211,3110763,8114
20211,3110762,10978
20211,3110761,5523
20211,3110760,8848
20211,3110759,45569
20211,3110758,1925
20211,3110757,2369
20211,3110756,2950
20211,3110755,1773
20211,3110754,1520
20211,3110753,1869
20211,3110752,1603
20211,3110751,2289
20211,3110750,1503
20211,3110749,1414
20211,3110748,979
20211,3110747,600
20211,3110746,1591
20211,3110745,1095
20211,3110744,2021
20211,3110743,2473
20211,3110742,765
20211,3110741,1785
20211,3110740,2985
20211,3110739,1063
20211,3110738,2979
20211,3110737,2406
20211,3110736,3164
20211,3110735,2587
20211,3110734,1622
20211,3110733,1291
20211,3110732,2909
20211,3110731,2556
20211,3110730,3064
20211,3110729,3520
20211,3110728,3778
20211,3110727,1566
20211,3110726,124
20211,3110725,2460
20211,3110724,8362
20211,3110723,9027
20211,3110722,23510
20211,3110721,14198
20211,3110720,1802
20211,3110719,10545
20211,3110718,6188
20211,3110717,17370
20211,3110716,2587
20211,3110715,3077
20211,3110714,2156
20211,3110713,6070
20211,3110712,1684
20211,3110711,2722
20211,3110710,14401
20211,3110709,536
20211,3110708,1286
20211,3110707,2409
20211,3110706,1580
20211,3110705,1091
20211,3110704,361
20211,3110703,3478
20211,3110702,4368
20211,3110701,1016
20211,3110700,1567
20211,3110699,747
20211,3110698,3868
20211,3110697,329
20211,3110696,3464
20211,3110695,1794
20211,3110694,1866
20211,3110693,1787
20211,3110692,1694
20211,3110691,914
20211,3110690,2640
20211,3110689,3196
20211,3110688,1368
20211,3110687,208
20211,3110686,816
20211,3110685,49
20211,3110684,297
20211,3110683,288
20211,3110682,185
20211,3110681,363
20211,3110680,993
20211,3110679,2560
20211,3110678,1195
20211,3110677,2195
20211,3110676,3828
20211,3110675,2564
20211,3110674,646
20211,3110673,2777
20211,3110672,561
20211,3110671,5170
20211,3110670,1064
20211,3110669,4634
20211,3110668,2450
20211,3110667,543
20211,3110666,944
20211,3110665,3190
20211,3110664,4495
20211,3110663,5383
20211,3110662,2327
20211,3110661,3980
20211,3110660,8343
20211,3110659,2731
20211,3110658,1718
20211,3110657,5739
20211,3110656,2964
20211,3110655,5387
20211,3110654,3207
20211,3110653,2951
20211,3110652,3511
20211,3110651,1800
20211,3110650,1162
20211,3110649,1766
20211,3110648,5575
20211,3110647,4788
20211,3110646,4166
20211,3110645,1992
20211,3110644,261
20211,3110643,1858
20211,3110642,536
20211,3110641,1252
20211,3110640,2519
20211,3110639,1434
20211,3110638,4147
20211,3110637,2570
20211,3110636,2734
20211,3110635,2289
20211,3110634,4390
20211,3110633,2082
20211,3110632,3019
20211,3110631,1237
20211,3110630,2245
20211,3110629,1849
20211,3110628,1775
20211,3110627,11224
20211,3110626,2510
20211,3110625,10968
20211,3110624,376
20211,3110623,360
20211,3110622,1866
20211,3110621,875
20211,3110620,1428
20211,3110619,1176
20211,3110618,2901
20211,3110617,1537
20211,3110616,4022
20211,3110615,6004
20211,3110614,2713
20211,3110613,5918
20211,3110612,7144
20211,3110611,2822
20211,3110610,1028
20211,3110609,1101
20211,3110608,2473
20211,3110607,980
20211,3110606,2994
20211,3110605,1149
20211,3110604,2168
20211,3110603,961
20211,3110602,1924
20211,3110601,1659
20211,3110600,2458
20211,3110599,1578
20211,3110598,2480
20211,3110597,2649
20211,3110596,1203
20211,3110595,2308
20211,3110594,520
20211,3110593,1822
20211,3110592,1584
20211,3110591,2753
20211,3110590,1041
20211,3110589,601
20211,3110588,2062
20211,3110587,4561
20211,3110586,8204
20211,3110585,1275
20211,3110584,1060
20211,3110583,4321
20211,3110582,1358
20211,3110581,7731
20211,3110580,995
20211,3110579,6250
20211,3110578,2616
20211,3110577,6338
20211,3110576,2791
20211,3110575,1853
20211,3110574,1122
20211,3110573,1638
20211,3110572,3693
20211,3110571,1650
20211,3110570,1306
20211,3110569,3504
20211,3110568,361
20211,3110567,396
20211,3110566,5118
20211,3110565,1656
20211,3110564,3669
20211,3110563,1698
20211,3110562,2982
20211,3110561,2896
20211,3110560,4225
20211,3110559,3539
20211,3110558,4519
20211,3110557,4735
20211,3110556,606
20211,3110555,3810
20211,3110554,5534
20211,3110553,1095
20211,3110552,2048
20211,3110551,3543
20211,3110550,6248
20211,3110549,1655
20211,3110548,4271
20211,3110547,6044
20211,3110546,1371
20211,3110545,2109
20211,3110544,7073
20211,3110543,6
20211,3110542,3670
20211,3110541,2980
20211,3110540,806
20211,3110539,14297
20211,3110538,7186
20211,3110537,7835
20211,3110536,3284
20211,3110535,899
20211,3110534,3107
20211,3110533,4989
20211,3110532,1728
20211,3110531,736
20211,3110530,1148
20211,3110529,2189
20211,3110528,1472
20211,3110527,1695
20211,3110526,44
20211,3110525,1906
20211,3110524,78
20211,3110523,308
20211,3110522,1457
20211,3110521,1551
20211,3110520,1448
20211,3110519,859
20211,3110518,1220
20211,3110517,1755
20211,3110516,837
20211,3110515,289
20211,3110514,1766
20211,3110513,2620
20211,3110512,1720
20211,3110511,3956
20211,3110510,804
20211,3110509,2297
20211,3110508,3629
20211,3110507,1743
20211,3110506,1822
20211,3110505,218
20211,3110504,246
20211,3110503,1320
20211,3110502,658
20211,3110501,612
20211,3110500,165
20211,3110499,385
20211,3110498,2152
20211,3110497,1826
20211,3110496,946
20211,3110495,2203
20211,3110494,554
20211,3110493,364
20211,3110492,129
20211,3110491,175
20211,3110490,1643
20211,3110489,742
20211,3110488,2198
20211,3110487,1678
20211,3110486,2322
20211,3110485,773
20211,3110484,2656
20211,3110483,939
20211,3110482,200
20211,3110481,2049
20211,3110480,1358
20211,3110479,2117
20211,3110478,2378
20211,3110477,2924
20211,3110476,228
20211,3110475,993
20211,3110474,871
20211,3110473,2409
20211,3110472,2650
20211,3110471,1100
20211,3110470,959
20211,3110469,1878
20211,3110468,3137
20211,3110467,1114
20211,3110466,1205
20211,3110465,2927
20211,3110464,2719
20211,3110463,1117
20211,3110462,634
20211,3110461,1389
20211,3110460,2784
20211,3110459,1915
20211,3110458,1093
20211,3110457,1903
20211,3110456,1681
20211,3110455,1921
20211,3110454,1123
20211,3110453,1438
20211,3110452,1561
20211,3110451,2218
20211,3110450,1437
20211,3110449,1918
20211,3110448,371
20211,3110447,99
20211,3110446,476
20211,3110445,66
20211,3110444,832
20211,3110443,216
20211,3110442,153
20211,3110441,149
20211,3110440,136
20211,3110439,405
20211,3110438,1416
20211,3110437,460
20211,3110436,1191
20211,3110435,350
20211,3110434,2457
20211,3110433,2887
20211,3110432,557
20211,3110431,1303
20211,3110430,1125
20211,3110429,3681
20211,3110428,1302
20211,3110427,392
20211,3110426,961
20211,3110425,1470
20211,3110424,1252
20211,3110423,1244
20211,3110422,785
20211,3110421,1359
20211,3110420,424
20211,3110419,2844
20211,3110418,419
20211,3110417,54
20211,3110416,1707
20211,3110415,2854
20211,3110414,196
20211,3110413,617
20211,3110412,154
20211,3110411,863
20211,3110410,2089
20211,3110409,3357
20211,3110408,2184
20211,3110407,1295
20211,3110406,505
20211,3110405,2159
20211,3110404,1239
20211,3110403,2336
20211,3110402,1736
20211,3110401,2162
20211,3110400,2521
20211,3110399,1307
20211,3110398,1889
20211,3110397,1102
20211,3110396,1413
20211,3110395,1419
20211,3110394,1717
20211,3110393,1138
20211,3110392,250
20211,3110391,271
20211,3110390,1528
20211,3110389,520
20211,3110388,548
20211,3110387,361
20211,3110386,182
20211,3110385,47
20211,3110384,269
20211,3110383,386
20211,3110382,511
20211,3110381,226
20211,3110380,40
20211,3110379,145
20211,3110378,250
20211,3110377,868
20211,3110376,1862
20211,3110375,531
20211,3110374,691
20211,3110373,2490
20211,3110372,950
20211,3110371,831
20211,3110370,758
20211,3110369,2381
20211,3110368,300
20211,3110367,2760
20211,3110366,1107
20211,3110365,784
20211,3110364,847
20211,3110363,185
20211,3110362,864
20211,3110361,443
20211,3110360,2514
20211,3110359,2299
20211,3110358,2867
20211,3110357,1358
20211,3110356,848
20211,3110355,621
20211,3110354,402
20211,3110353,1177
20211,3110352,449
20211,3110351,1075
20211,3110350,1174
20211,3110349,344
20211,3110348,1350
20211,3110347,107
20211,3110346,621
20211,3110345,737
20211,3110344,217
20211,3110343,1025
20211,3110342,362
20211,3110341,485
20211,3110340,880
20211,3110339,543
20211,3110338,352
20211,3110337,772
20211,3110336,738
20211,3110335,1892
20211,3110334,793
20211,3110333,1372
20211,3110332,1022
20211,3110331,1411
20211,3110330,1042
20211,3110329,184
20211,3110328,1092
20211,3110327,1073
20211,3110326,212
20211,3110325,308
20211,3110324,2084
20211,3110323,2035
20211,3110322,257
20211,3110321,475
20211,3110320,5893
20211,3110319,7579
20211,3110318,4060
20211,3110317,5998
20211,3110316,1888
20211,3110315,11428
20211,3110314,9514
20211,3110313,2250
20211,3110312,1396
20211,3110311,653
20211,3110310,1259
20211,3110309,1631
20211,3110308,2360
20211,3110307,3389
20211,3110306,1189
20211,3110305,3073
20211,3110304,4071
20211,3110303,1316
20211,3110302,2778
20211,3110301,1374
20211,3110300,7763
20211,3110299,1726
20211,3110298,556
20211,3110297,11684
20211,3110296,3235
20211,3110295,1583
20211,3110294,1247
20211,3110293,10216
20211,3110292,676
20211,3110291,2754
20211,3110290,348
20211,3110289,986
20211,3110288,9289
20211,3110287,149
20211,3110286,9332
20211,3110285,5526
20211,3110284,159
20211,3110283,4521
20211,3110282,224
20211,3110281,1879
20211,3110280,1952
20211,3110279,469
20211,3110278,944
20211,3110277,1174
20211,3110276,304
20211,3110275,1195
20211,3110274,995
20211,3110273,1353
20211,3110272,1861
20211,3110271,240
20211,3110270,467
20211,3110269,1018
20211,3110268,796
20211,3110267,1243
20211,3110266,1157
20211,3110265,3659
20211,3110264,1408
20211,3110263,1914
20211,3110262,2743
20211,3110261,1627
20211,3110260,1356
20211,3110259,1291
20211,3110258,941
20211,3110257,2068
20211,3110256,2376
20211,3110255,3434
20211,3110254,1115
20211,3110253,1089
20211,3110252,1343
20211,3110251,964
20211,3110250,651
20211,3110249,2013
20211,3110248,293
20211,3110247,1620
20211,3110246,1590
20211,3110245,733
20211,3110244,1603
20211,3110243,1142
20211,3110242,930
20211,3110241,2358
20211,3110240,278
20211,3110239,106
20211,3110238,724
20211,3110237,1492
20211,3110236,1715
20211,3110235,122
20211,3110234,1224
20211,3110233,955
20211,3110232,2679
20211,3110231,328
20211,3110230,3561
20211,3110229,5749
20211,3110228,4488
20211,3110227,1516
20211,3110226,7259
20211,3110225,1399
20211,3110224,531
20211,3110223,3934
20211,3110222,768
20211,3110221,314
20211,3110220,939
20211,3110219,1591
20211,3110218,1903
20211,3110217,2499
20211,3110216,579
20211,3110215,1344
20211,3110214,559
20211,3110213,503
20211,3110212,1940
20211,3110211,1029
20211,3110210,1025
20211,3110209,701
20211,3110208,457
20211,3110207,1498
20211,3110206,544
20211,3110205,496
20211,3110204,754
20211,3110203,1403
20211,3110202,508
20211,3110201,151
20211,3110200,1023
20211,3110199,1792
20211,3110198,1854
20211,3110197,63
20211,3110196,383
20211,3110195,3346
20211,3110194,1867
20211,3110193,617
20211,3110192,2337
20211,3110191,629
20211,3110190,1031
20211,3110189,2467
20211,3110188,6222
20211,3110187,5479
20211,3110186,872
20211,3110185,5042
20211,3110184,4405
20211,3110183,3417
20211,3110182,2820
20211,3110181,10309
20211,3110180,6150
20211,3110179,826
20211,3110178,826
20211,3110177,144
20211,3110176,2271
20211,3110175,4231
20211,3110174,3196
20211,3110173,2206
20211,3110172,2396
20211,3110171,1488
20211,3110170,3040
20211,3110169,3203
20211,3110168,880
20211,3110167,3608
20211,3110166,4692
20211,3110165,1499
20211,3110164,1993
20211,3110163,2035
20211,3110162,2366
20211,3110161,1055
20211,3110160,984
20211,3110159,10051
20211,3110158,1385
20211,3110157,2335
20211,3110156,2662
20211,3110155,6525
20211,3110154,4298
20211,3110153,3170
20211,3110152,1139
20211,3110151,2914
20211,3110150,3936
20211,3110149,758
20211,3110148,206
20211,3110147,1691
20211,3110146,1615
20211,3110145,558
20211,3110144,594
20211,3110143,270
20211,3110142,2804
20211,3110141,2860
20211,3110140,4687
20211,3110139,854
20211,3110138,1654
20211,3110137,14639
20211,3110136,11790
20211,3110135,6417
20211,3110134,2342
20211,3110133,2822
20211,3110132,4034
20211,3110131,10575
20211,3110130,659
20211,3110129,4175
20211,3110128,2231
20211,3110127,2998
20211,3110126,2370
20211,3110125,324
20211,3110124,2239
20211,3110123,1686
20211,3110122,1681
20211,3110121,116
20211,3110120,123
20211,3110119,1512
20211,3110118,868
20211,3110117,2493
20211,3110116,5440
20211,3110115,2706
20211,3110114,1311
20211,3110113,311
20211,3110112,969
20211,3110111,76
20211,3110110,801
20211,3110109,1321
20211,3110108,821
20211,3110107,1187
20211,3110106,558
20211,3110105,1591
20211,3110104,323
20211,3110103,1015
20211,3110102,1415
20211,3110101,657
20211,3110100,657
20211,3110099,9573
20211,3110098,10008
20211,3110097,6822
20211,3110096,2463
20211,3110095,22413
20211,3110094,197
20211,3110093,20899
20211,3110092,1064
20211,3110091,21225
20211,3110090,2690
20211,3110089,4255
20211,3110088,4200
20211,3110087,11941
20211,3110086,16139
20211,3110085,2960
20211,3110084,1209
20211,3110083,3677
20211,3110082,14942
20211,3110081,961
20211,3110080,931
20211,3110079,13190
20211,3110078,1147
20211,3110077,2821
20211,3110076,2348
20211,3110075,8824
20211,3110074,9641
20211,3110073,7786
20211,3110072,907
20211,3110071,1910
20211,3110070,126
20211,3110069,5268
20211,3110068,7700
20211,3110067,3472
20211,3110066,1910
20211,3110065,2173
20211,3110064,2695
20211,3110063,4242
20211,3110062,14298
20211,3110061,1553
20211,3110060,3022
20211,3110059,2714
20211,3110058,4812
20211,3110057,768
20211,3110056,1646
20211,3110055,630
20211,3110054,8777
20211,3110053,1515
20211,3110052,4292
20211,3110051,4303
20211,3110050,10291
20211,3110049,9836
20211,3110048,8473
20211,3110047,10433
20211,3110046,3510
20211,3110045,14716
20211,3110044,9410
20211,3110043,11629
20211,3110042,3572
20211,3110041,5937
20211,3110040,5956
20211,3110039,19302
20211,3110038,10103
20211,3110037,1943
20211,3110036,1491
20211,3110035,2021
20211,3110034,1787
20211,3110033,311
20211,3110032,2432
20211,3110031,193
20211,3110030,1523
20211,3110029,1507
20211,3110028,3339
20211,3110027,1451
20211,3110026,4755
20211,3110025,3379
20211,3110024,3807
20211,3110023,585
20211,3110022,4433
20211,3110021,2330
20211,3110020,2125
20211,3110019,6166
20211,3110018,12031
20211,3110017,2678
20211,3110016,4483
20211,3110015,4395
20211,3110014,1310
20211,3110013,3858
20211,3110012,29821
20211,3110011,526
20211,3110010,4714
20211,3110009,702
20211,3110008,6908
20211,3110007,2168
20211,3110006,215
20211,3110005,1805
20211,3110004,184
20211,3110003,4156
20211,3110002,406
20211,3110001,3561
20204,3111090,204
20204,3111089,1070
20204,3111088,717
20204,3111087,387
20204,3111086,539
20204,3111085,802
20204,3111084,589
20204,3111083,1647
20204,3111082,409
20204,3111081,1062
20204,3111080,3602
20204,3111079,1108
20204,3111078,4075
20204,3111077,6854
20204,3111076,2853
20204,3111075,3248
20204,3111074,1542
20204,3111073,4715
20204,3111072,2093
20204,3111071,2031
20204,3111070,1062
20204,3111069,1078
20204,3111068,3148
20204,3111067,5945
20204,3111066,1147
20204,3111065,417
20204,3111064,2235
20204,3111063,781
20204,3111062,3718
20204,3111061,3755
20204,3111060,2828
20204,3111059,4513
20204,3111058,2171
20204,3111057,915
20204,3111056,1591
20204,3111055,1327
20204,3111054,1932
20204,3111053,10593
20204,3111052,1791
20204,3111051,3753
20204,3111050,3808
20204,3111049,1129
20204,3111048,1373
20204,3111047,543
20204,3111046,1845
20204,3111045,879
20204,3111044,1507
20204,3111043,1152
20204,3111042,5296
20204,3111041,1772
20204,3111040,2473
20204,3111039,4609
20204,3111038,3796
20204,3111037,2556
20204,3111036,1580
20204,3111035,4246
20204,3111034,6189
20204,3111033,2520
20204,3111032,12964
20204,3111031,5127
20204,3111030,10056
20204,3111029,5078
20204,3111028,4217
20204,3111027,30262
20204,3111026,22803
20204,3111025,7693
20204,3111024,15134
20204,3111023,20058
20204,3111022,8791
20204,3111021,10924
20204,3111020,558
20204,3111019,13386
20204,3111018,238
20204,3111017,4131
20204,3111016,5212
20204,3111015,11194
20204,3111014,14995
20204,3111013,16649
20204,3111012,4550
20204,3111011,2075
20204,3111010,8437
20204,3111009,941
20204,3111008,2690
20204,3111007,2048
20204,3111006,3970
20204,3111005,2441
20204,3111004,7322
20204,3111003,4186
20204,3111002,99
20204,3111001,120
20204,3111000,64
20204,3110999,178
20204,3110998,107
20204,3110997,1836
20204,3110996,25160
20204,3110995,21784
20204,3110994,2861
20204,3110993,549
20204,3110992,19587
20204,3110991,58373
20204,3110990,12088
20204,3110989,14248
20204,3110988,11741
20204,3110987,6631
20204,3110986,9163
20204,3110985,14673
20204,3110984,3930
20204,3110983,3640
20204,3110982,3934
20204,3110981,7603
20204,3110980,20541
20204,3110979,8563
20204,3110978,44780
20204,3110977,12384
20204,3110976,11749
20204,3110975,35395
20204,3110974,9391
20204,3110973,10738
20204,3110972,13882
20204,3110971,28112
20204,3110970,9826
20204,3110969,36936
20204,3110968,15303
20204,3110967,24763
20204,3110966,22520
20204,3110965,13791
20204,3110964,11940
20204,3110963,23748
20204,3110962,9192
20204,3110961,17609
20204,3110960,24677
20204,3110959,9450
20204,3110958,21269
20204,3110957,21330
20204,3110956,11047
20204,3110955,19550
20204,3110954,12231
20204,3110953,17107
20204,3110952,7440
20204,3110951,11936
20204,3110950,13388
20204,3110949,8376
20204,3110948,65
20204,3110947,487
20204,3110946,409
20204,3110945,188
20204,3110944,412
20204,3110943,7052
20204,3110942,10010
20204,3110941,4871
20204,3110940,8204
20204,3110939,55981
20204,3110938,6967
20204,3110937,8085
20204,3110936,5425
20204,3110935,3978
20204,3110934,602
20204,3110933,4067
20204,3110932,4363
20204,3110931,76
20204,3110930,10579
20204,3110929,26798
20204,3110928,15157
20204,3110927,249
20204,3110926,11085
20204,3110925,5476
20204,3110924,10461
20204,3110923,8623
20204,3110922,10396
20204,3110921,11579
20204,3110920,8936
20204,3110919,9169
20204,3110918,7422
20204,3110917,4575
20204,3110916,15753
20204,3110915,5075
20204,3110914,8368
20204,3110913,9502
20204,3110912,3301
20204,3110911,8900
20204,3110910,11885
20204,3110909,235
20204,3110908,11178
20204,3110907,11811
20204,3110906,4510
20204,3110905,3776
20204,3110904,6624
20204,3110903,11156
20204,3110902,4355
20204,3110901,817
20204,3110900,1660
20204,3110899,673
20204,3110898,237
20204,3110897,4633
20204,3110896,1007
20204,3110895,7148
20204,3110894,512
20204,3110893,835
20204,3110892,5297
20204,3110891,1342
20204,3110890,1611
20204,3110889,350
20204,3110888,1006
20204,3110887,415
20204,3110886,1111
20204,3110885,1210
20204,3110884,1293
20204,3110883,1264
20204,3110882,1882
20204,3110881,1246
20204,3110880,1637
20204,3110879,979
20204,3110878,301
20204,3110877,2376
20204,3110876,391
20204,3110875,712
20204,3110874,781
20204,3110873,3397
20204,3110872,162
20204,3110871,1037
20204,3110870,84
20204,3110869,5369
20204,3110868,2264
20204,3110867,2551
20204,3110866,632
20204,3110865,1555
20204,3110864,1525
20204,3110863,1547
20204,3110862,1214
20204,3110861,4911
20204,3110860,3272
20204,3110859,430
20204,3110858,1416
20204,3110857,1290
20204,3110856,2725
20204,3110855,5335
20204,3110854,2320
20204,3110853,4726
20204,3110852,4111
20204,3110851,3060
20204,3110850,8172
20204,3110849,2856
20204,3110848,1976
20204,3110847,1647
20204,3110846,2334
20204,3110845,195
20204,3110844,11
20204,3110843,1031
20204,3110842,49
20204,3110841,20
20204,3110840,84
20204,3110839,1196
20204,3110838,1088
20204,3110837,2125
20204,3110836,1958
20204,3110835,1116
20204,3110834,259
20204,3110833,752
20204,3110832,4517
20204,3110831,387
20204,3110830,885
20204,3110829,1571
20204,3110828,4249
20204,3110827,1603
20204,3110826,1677
20204,3110825,2793
20204,3110824,2515
20204,3110823,10347
20204,3110822,4093
20204,3110821,9173
20204,3110820,2253
20204,3110819,5222
20204,3110818,3166
20204,3110817,3153
20204,3110816,2634
20204,3110815,4572
20204,3110814,3634
20204,3110813,3640
20204,3110812,4120
20204,3110811,4695
20204,3110810,2544
20204,3110809,1368
20204,3110808,577
20204,3110807,569
20204,3110806,1791
20204,3110805,279
20204,3110804,1276
20204,3110803,1782
20204,3110802,1305
20204,3110801,106
20204,3110800,3138
20204,3110799,749
20204,3110798,767
20204,3110797,241
20204,3110796,2122
20204,3110795,1177
20204,3110794,4645
20204,3110793,449
20204,3110792,4511
20204,3110791,651
20204,3110790,1340
20204,3110789,2788
20204,3110788,1064
20204,3110787,648
20204,3110786,3492
20204,3110785,580
20204,3110784,1304
20204,3110783,2572
20204,3110782,1960
20204,3110781,1918
20204,3110780,956
20204,3110779,495
20204,3110778,11245
20204,3110777,29113
20204,3110776,3284
20204,3110775,2254
20204,3110774,5700
20204,3110773,3662
20204,3110772,1562
20204,3110771,2711
20204,3110770,4068
20204,3110769,1760
20204,3110768,423
20204,3110767,3770
20204,3110766,4155
20204,3110765,13772
20204,3110764,1533
20204,3110763,8114
20204,3110762,10978
20204,3110761,5523
20204,3110760,8848
20204,3110759,45569
20204,3110758,1925
20204,3110757,2369
20204,3110756,2950
20204,3110755,1773
20204,3110754,1520
20204,3110753,1869
20204,3110752,1603
20204,3110751,2289
20204,3110750,1503
20204,3110749,1414
20204,3110748,979
20204,3110747,600
20204,3110746,1591
20204,3110745,1095
20204,3110744,2021
20204,3110743,2473
20204,3110742,765
20204,3110741,1785
20204,3110740,2985
20204,3110739,1063
20204,3110738,2979
20204,3110737,2406
20204,3110736,3164
20204,3110735,2587
20204,3110734,1622
20204,3110733,1291
20204,3110732,2909
20204,3110731,2556
20204,3110730,3064
20204,3110729,3520
20204,3110728,3778
20204,3110727,1566
20204,3110726,124
20204,3110725,2460
20204,3110724,8362
20204,3110723,9027
20204,3110722,23510
20204,3110721,14198
20204,3110720,1802
20204,3110719,10545
20204,3110718,6188
20204,3110717,17370
20204,3110716,2587
20204,3110715,3077
20204,3110714,2156
20204,3110713,6070
20204,3110712,1684
20204,3110711,2722
20204,3110710,14401
20204,3110709,536
20204,3110708,1286
20204,3110707,2409
20204,3110706,1580
20204,3110705,1091
20204,3110704,361
20204,3110703,3478
20204,3110702,4368
20204,3110701,1016
20204,3110700,1567
20204,3110699,747
20204,3110698,3868
20204,3110697,329
20204,3110696,3464
20204,3110695,1794
20204,3110694,1866
20204,3110693,1787
20204,3110692,1694
20204,3110691,914
20204,3110690,2640
20204,3110689,3196
20204,3110688,1368
20204,3110687,208
20204,3110686,816
20204,3110685,49
20204,3110684,297
20204,3110683,288
20204,3110682,185
20204,3110681,363
20204,3110680,993
20204,3110679,2560
20204,3110678,1195
20204,3110677,2195
20204,3110676,3828
20204,3110675,2564
20204,3110674,646
20204,3110673,2777
20204,3110672,561
20204,3110671,5170
20204,3110670,1064
20204,3110669,4634
20204,3110668,2450
20204,3110667,543
20204,3110666,944
20204,3110665,3190
20204,3110664,4495
20204,3110663,5383
20204,3110662,2327
20204,3110661,3980
20204,3110660,8343
20204,3110659,2731
20204,3110658,1718
20204,3110657,5739
20204,3110656,2964
20204,3110655,5387
20204,3110654,3207
20204,3110653,2951
20204,3110652,3511
20204,3110651,1800
20204,3110650,1162
20204,3110649,1766
20204,3110648,5575
20204,3110647,4788
20204,3110646,4166
20204,3110645,1992
20204,3110644,261
20204,3110643,1858
20204,3110642,536
20204,3110641,1252
20204,3110640,2519
20204,3110639,1434
20204,3110638,4147
20204,3110637,2570
20204,3110636,2734
20204,3110635,2289
20204,3110634,4390
20204,3110633,2082
20204,3110632,3019
20204,3110631,1237
20204,3110630,2245
20204,3110629,1849
20204,3110628,1775
20204,3110627,11224
20204,3110626,2510
20204,3110625,10968
20204,3110624,376
20204,3110623,360
20204,3110622,1866
20204,3110621,875
20204,3110620,1428
20204,3110619,1176
20204,3110618,2901
20204,3110617,1537
20204,3110616,4022
20204,3110615,6004
20204,3110614,2713
20204,3110613,5918
20204,3110612,7144
20204,3110611,2822
20204,3110610,1028
20204,3110609,1101
20204,3110608,2473
20204,3110607,980
20204,3110606,2994
20204,3110605,1149
20204,3110604,2168
20204,3110603,961
20204,3110602,1924
20204,3110601,1659
20204,3110600,2458
20204,3110599,1578
20204,3110598,2480
20204,3110597,2649
20204,3110596,1203
20204,3110595,2308
20204,3110594,520
20204,3110593,1822
20204,3110592,1584
20204,3110591,2753
20204,3110590,1041
20204,3110589,601
20204,3110588,2062
20204,3110587,4561
20204,3110586,8204
20204,3110585,1275
20204,3110584,1060
20204,3110583,4321
20204,3110582,1358
20204,3110581,7731
20204,3110580,995
20204,3110579,6250
20204,3110578,2616
20204,3110577,6338
20204,3110576,2791
20204,3110575,1853
20204,3110574,1122
20204,3110573,1638
20204,3110572,3693
20204,3110571,1650
20204,3110570,1306
20204,3110569,3504
20204,3110568,361
20204,3110567,396
20204,3110566,5118
20204,3110565,1656
20204,3110564,3669
20204,3110563,1698
20204,3110562,2982
20204,3110561,2896
20204,3110560,4225
20204,3110559,3539
20204,3110558,4519
20204,3110557,4735
20204,3110556,606
20204,3110555,3810
20204,3110554,5534
20204,3110553,1095
20204,3110552,2048
20204,3110551,3543
20204,3110550,6248
20204,3110549,1655
20204,3110548,4271
20204,3110547,6044
20204,3110546,1371
20204,3110545,2109
20204,3110544,7073
20204,3110543,6
20204,3110542,3670
20204,3110541,2980
20204,3110540,806
20204,3110539,14297
20204,3110538,7186
20204,3110537,7835
20204,3110536,3284
20204,3110535,899
20204,3110534,3107
20204,3110533,4989
20204,3110532,1728
20204,3110531,736
20204,3110530,1148
20204,3110529,2189
20204,3110528,1472
20204,3110527,1695
20204,3110526,44
20204,3110525,1906
20204,3110524,78
20204,3110523,308
20204,3110522,1457
20204,3110521,1551
20204,3110520,1448
20204,3110519,859
20204,3110518,1220
20204,3110517,1755
20204,3110516,837
20204,3110515,289
20204,3110514,1766
20204,3110513,2620
20204,3110512,1720
20204,3110511,3956
20204,3110510,804
20204,3110509,2297
20204,3110508,3629
20204,3110507,1743
20204,3110506,1822
20204,3110505,218
20204,3110504,246
20204,3110503,1320
20204,3110502,658
20204,3110501,612
20204,3110500,165
20204,3110499,385
20204,3110498,2152
20204,3110497,1826
20204,3110496,946
20204,3110495,2203
20204,3110494,554
20204,3110493,364
20204,3110492,129
20204,3110491,175
20204,3110490,1643
20204,3110489,742
20204,3110488,2198
20204,3110487,1678
20204,3110486,2322
20204,3110485,773
20204,3110484,2656
20204,3110483,939
20204,3110482,200
20204,3110481,2049
20204,3110480,1358
20204,3110479,2117
20204,3110478,2378
20204,3110477,2924
20204,3110476,228
20204,3110475,993
20204,3110474,871
20204,3110473,2409
20204,3110472,2650
20204,3110471,1100
20204,3110470,959
20204,3110469,1878
20204,3110468,3137
20204,3110467,1114
20204,3110466,1205
20204,3110465,2927
20204,3110464,2719
20204,3110463,1117
20204,3110462,634
20204,3110461,1389
20204,3110460,2784
20204,3110459,1915
20204,3110458,1093
20204,3110457,1903
20204,3110456,1681
20204,3110455,1921
20204,3110454,1123
20204,3110453,1438
20204,3110452,1561
20204,3110451,2218
20204,3110450,1437
20204,3110449,1918
20204,3110448,371
20204,3110447,99
20204,3110446,476
20204,3110445,66
20204,3110444,832
20204,3110443,216
20204,3110442,153
20204,3110441,149
20204,3110440,136
20204,3110439,405
20204,3110438,1416
20204,3110437,460
20204,3110436,1191
20204,3110435,350
20204,3110434,2457
20204,3110433,2887
20204,3110432,557
20204,3110431,1303
20204,3110430,1125
20204,3110429,3681
20204,3110428,1302
20204,3110427,392
20204,3110426,961
20204,3110425,1470
20204,3110424,1252
20204,3110423,1244
20204,3110422,785
20204,3110421,1359
20204,3110420,424
20204,3110419,2844
20204,3110418,419
20204,3110417,54
20204,3110416,1707
20204,3110415,2854
20204,3110414,196
20204,3110413,617
20204,3110412,154
20204,3110411,863
20204,3110410,2089
20204,3110409,3357
20204,3110408,2184
20204,3110407,1295
20204,3110406,505
20204,3110405,2159
20204,3110404,1239
20204,3110403,2336
20204,3110402,1736
20204,3110401,2162
20204,3110400,2521
20204,3110399,1307
20204,3110398,1889
20204,3110397,1102
20204,3110396,1413
20204,3110395,1419
20204,3110394,1717
20204,3110393,1138
20204,3110392,250
20204,3110391,271
20204,3110390,1528
20204,3110389,520
20204,3110388,548
20204,3110387,361
20204,3110386,182
20204,3110385,47
20204,3110384,269
20204,3110383,386
20204,3110382,511
20204,3110381,226
20204,3110380,40
20204,3110379,145
20204,3110378,250
20204,3110377,868
20204,3110376,1862
20204,3110375,531
20204,3110374,691
20204,3110373,2490
20204,3110372,950
20204,3110371,831
20204,3110370,758
20204,3110369,2381
20204,3110368,300
20204,3110367,2760
20204,3110366,1107
20204,3110365,784
20204,3110364,847
20204,3110363,185
20204,3110362,864
20204,3110361,443
20204,3110360,2514
20204,3110359,2299
20204,3110358,2867
20204,3110357,1358
20204,3110356,848
20204,3110355,621
20204,3110354,402
20204,3110353,1177
20204,3110352,449
20204,3110351,1075
20204,3110350,1174
20204,3110349,344
20204,3110348,1350
20204,3110347,107
20204,3110346,621
20204,3110345,737
20204,3110344,217
20204,3110343,1025
20204,3110342,362
20204,3110341,485
20204,3110340,880
20204,3110339,543
20204,3110338,352
20204,3110337,772
20204,3110336,738
20204,3110335,1892
20204,3110334,793
20204,3110333,1372
20204,3110332,1022
20204,3110331,1411
20204,3110330,1042
20204,3110329,184
20204,3110328,1092
20204,3110327,1073
20204,3110326,212
20204,3110325,308
20204,3110324,2084
20204,3110323,2035
20204,3110322,257
20204,3110321,475
20204,3110320,5893
20204,3110319,7579
20204,3110318,4060
20204,3110317,5998
20204,3110316,1888
20204,3110315,11428
20204,3110314,9514
20204,3110313,2250
20204,3110312,1396
20204,3110311,653
20204,3110310,1259
20204,3110309,1631
20204,3110308,2360
20204,3110307,3389
20204,3110306,1189
20204,3110305,3073
20204,3110304,4071
20204,3110303,1316
20204,3110302,2778
20204,3110301,1374
20204,3110300,7763
20204,3110299,1726
20204,3110298,556
20204,3110297,11684
20204,3110296,3235
20204,3110295,1583
20204,3110294,1247
20204,3110293,10216
20204,3110292,676
20204,3110291,2754
20204,3110290,348
20204,3110289,986
20204,3110288,9289
20204,3110287,149
20204,3110286,9332
20204,3110285,5526
20204,3110284,159
20204,3110283,4521
20204,3110282,224
20204,3110281,1879
20204,3110280,1952
20204,3110279,469
20204,3110278,944
20204,3110277,1174
20204,3110276,304
20204,3110275,1195
20204,3110274,995
20204,3110273,1353
20204,3110272,1861
20204,3110271,240
20204,3110270,467
20204,3110269,1018
20204,3110268,796
20204,3110267,1243
20204,3110266,1157
20204,3110265,3659
20204,3110264,1408
20204,3110263,1914
20204,3110262,2743
20204,3110261,1627
20204,3110260,1356
20204,3110259,1291
20204,3110258,941
20204,3110257,2068
20204,3110256,2376
20204,3110255,3434
20204,3110254,1115
20204,3110253,1089
20204,3110252,1343
20204,3110251,964
20204,3110250,651
20204,3110249,2013
20204,3110248,293
20204,3110247,1620
20204,3110246,1590
20204,3110245,733
20204,3110244,1603
20204,3110243,1142
20204,3110242,930
20204,3110241,2358
20204,3110240,278
20204,3110239,106
20204,3110238,724
20204,3110237,1492
20204,3110236,1715
20204,3110235,122
20204,3110234,1224
20204,3110233,955
20204,3110232,2679
20204,3110231,328
20204,3110230,3561
20204,3110229,5749
20204,3110228,4488
20204,3110227,1516
20204,3110226,7259
20204,3110225,1399
20204,3110224,531
20204,3110223,3934
20204,3110222,768
20204,3110221,314
20204,3110220,939
20204,3110219,1591
20204,3110218,1903
20204,3110217,2499
20204,3110216,579
20204,3110215,1344
20204,3110214,559
20204,3110213,503
20204,3110212,1940
20204,3110211,1029
20204,3110210,1025
20204,3110209,701
20204,3110208,457
20204,3110207,1498
20204,3110206,544
20204,3110205,496
20204,3110204,754
20204,3110203,1403
20204,3110202,508
20204,3110201,151
20204,3110200,1023
20204,3110199,1792
20204,3110198,1854
20204,3110197,63
20204,3110196,383
20204,3110195,3346
20204,3110194,1867
20204,3110193,617
20204,3110192,2337
20204,3110191,629
20204,3110190,1031
20204,3110189,2467
20204,3110188,6222
20204,3110187,5479
20204,3110186,872
20204,3110185,5042
20204,3110184,4405
20204,3110183,3417
20204,3110182,2820
20204,3110181,10309
20204,3110180,6150
20204,3110179,826
20204,3110178,826
20204,3110177,144
20204,3110176,2271
20204,3110175,4231
20204,3110174,3196
20204,3110173,2206
20204,3110172,2396
20204,3110171,1488
20204,3110170,3040
20204,3110169,3203
20204,3110168,880
20204,3110167,3608
20204,3110166,4692
20204,3110165,1499
20204,3110164,1993
20204,3110163,2035
20204,3110162,2366
20204,3110161,1055
20204,3110160,984
20204,3110159,10051
20204,3110158,1385
20204,3110157,2335
20204,3110156,2662
20204,3110155,6525
20204,3110154,4298
20204,3110153,3170
20204,3110152,1139
20204,3110151,2914
20204,3110150,3936
20204,3110149,758
20204,3110148,206
20204,3110147,1691
20204,3110146,1615
20204,3110145,558
20204,3110144,594
20204,3110143,270
20204,3110142,2804
20204,3110141,2860
20204,3110140,4687
20204,3110139,854
20204,3110138,1654
20204,3110137,14639
20204,3110136,11790
20204,3110135,6417
20204,3110134,2342
20204,3110133,2822
20204,3110132,4034
20204,3110131,10575
20204,3110130,659
20204,3110129,4175
20204,3110128,2231
20204,3110127,2998
20204,3110126,2370
20204,3110125,324
20204,3110124,2239
20204,3110123,1686
20204,3110122,1681
20204,3110121,116
20204,3110120,123
20204,3110119,1512
20204,3110118,868
20204,3110117,2493
20204,3110116,5440
20204,3110115,2706
20204,3110114,1311
20204,3110113,311
20204,3110112,969
20204,3110111,76
20204,3110110,801
20204,3110109,1321
20204,3110108,821
20204,3110107,1187
20204,3110106,558
20204,3110105,1591
20204,3110104,323
20204,3110103,1015
20204,3110102,1415
20204,3110101,657
20204,3110100,657
20204,3110099,9573
20204,3110098,10008
20204,3110097,6822
20204,3110096,2463
20204,3110095,22413
20204,3110094,197
20204,3110093,20899
20204,3110092,1064
20204,3110091,21225
20204,3110090,2690
20204,3110089,4255
20204,3110088,4200
20204,3110087,11941
20204,3110086,16139
20204,3110085,2960
20204,3110084,1209
20204,3110083,3677
20204,3110082,14942
20204,3110081,961
20204,3110080,931
20204,3110079,13190
20204,3110078,1147
20204,3110077,2821
20204,3110076,2348
20204,3110075,8824
20204,3110074,9641
20204,3110073,7786
20204,3110072,907
20204,3110071,1910
20204,3110070,126
20204,3110069,5268
20204,3110068,7700
20204,3110067,3472
20204,3110066,1910
20204,3110065,2173
20204,3110064,2695
20204,3110063,4242
20204,3110062,14298
20204,3110061,1553
20204,3110060,3022
20204,3110059,2714
20204,3110058,4812
20204,3110057,768
20204,3110056,1646
20204,3110055,630
20204,3110054,8777
20204,3110053,1515
20204,3110052,4292
20204,3110051,4303
20204,3110050,10291
20204,3110049,9836
20204,3110048,8473
20204,3110047,10433
20204,3110046,3510
20204,3110045,14716
20204,3110044,9410
20204,3110043,11629
20204,3110042,3572
20204,3110041,5937
20204,3110040,5956
20204,3110039,19302
20204,3110038,10103
20204,3110037,1943
20204,3110036,1491
20204,3110035,2021
20204,3110034,1787
20204,3110033,311
20204,3110032,2432
20204,3110031,193
20204,3110030,1523
20204,3110029,1507
20204,3110028,3339
20204,3110027,1451
20204,3110026,4755
20204,3110025,3379
20204,3110024,3807
20204,3110023,585
20204,3110022,4433
20204,3110021,2330
20204,3110020,2125
20204,3110019,6166
20204,3110018,12031
20204,3110017,2678
20204,3110016,4483
20204,3110015,4395
20204,3110014,1310
20204,3110013,3858
20204,3110012,29821
20204,3110011,526
20204,3110010,4714
20204,3110009,702
20204,3110008,6908
20204,3110007,2168
20204,3110006,215
20204,3110005,1805
20204,3110004,184
20204,3110003,4156
20204,3110002,406
20204,3110001,3561
20203,3111090,125
20203,3111089,1247
20203,3111088,708
20203,3111087,380
20203,3111086,422
20203,3111085,1016
20203,3111084,614
20203,3111083,1601
20203,3111082,302
20203,3111081,1009
20203,3111080,3465
20203,3111079,1002
20203,3111078,4046
20203,3111077,6929
20203,3111076,2773
20203,3111075,3066
20203,3111074,1504
20203,3111073,5172
20203,3111072,2244
20203,3111071,1894
20203,3111070,1045
20203,3111069,1136
20203,3111068,3648
20203,3111067,6403
20203,3111066,1113
20203,3111065,365
20203,3111064,2812
20203,3111063,749
20203,3111062,4120
20203,3111061,3870
20203,3111060,2713
20203,3111059,4590
20203,3111058,2626
20203,3111057,961
20203,3111056,1788
20203,3111055,1501
20203,3111054,2151
20203,3111053,10457
20203,3111052,1717
20203,3111051,3278
20203,3111050,3956
20203,3111049,1338
20203,3111048,1333
20203,3111047,483
20203,3111046,1981
20203,3111045,930
20203,3111044,1779
20203,3111043,1318
20203,3111042,4779
20203,3111041,1414
20203,3111040,2729
20203,3111039,5393
20203,3111038,4199
20203,3111037,3418
20203,3111036,1304
20203,3111035,5680
20203,3111034,6515
20203,3111033,2308
20203,3111032,12270
20203,3111031,5835
20203,3111030,9066
20203,3111029,4494
20203,3111028,6147
20203,3111027,28298
20203,3111026,23673
20203,3111025,8869
20203,3111024,16909
20203,3111023,21815
20203,3111022,8139
20203,3111021,11157
20203,3111020,576
20203,3111019,13344
20203,3111018,197
20203,3111017,3561
20203,3111016,5029
20203,3111015,10554
20203,3111014,14991
20203,3111013,18867
20203,3111012,5101
20203,3111011,3061
20203,3111010,9144
20203,3111009,1105
20203,3111008,2904
20203,3111007,2467
20203,3111006,4478
20203,3111005,2071
20203,3111004,6669
20203,3111003,3763
20203,3111002,113
20203,3111001,121
20203,3111000,115
20203,3110999,195
20203,3110998,78
20203,3110997,1708
20203,3110996,24919
20203,3110995,15848
20203,3110994,2290
20203,3110993,2438
20203,3110992,22413
20203,3110991,54476
20203,3110990,10629
20203,3110989,15321
20203,3110988,10556
20203,3110987,7212
20203,3110986,13093
20203,3110985,14386
20203,3110984,4545
20203,3110983,4487
20203,3110982,3670
20203,3110981,8106
20203,3110980,23856
20203,3110979,9827
20203,3110978,49031
20203,3110977,12906
20203,3110976,11281
20203,3110975,31632
20203,3110974,11820
20203,3110973,11481
20203,3110972,15731
20203,3110971,30609
20203,3110970,11581
20203,3110969,34627
20203,3110968,16885
20203,3110967,25493
20203,3110966,23245
20203,3110965,15586
20203,3110964,11048
20203,3110963,22230
20203,3110962,10170
20203,3110961,16680
20203,3110960,24527
20203,3110959,9544
20203,3110958,22150
20203,3110957,21163
20203,3110956,10898
20203,3110955,19481
20203,3110954,13728
20203,3110953,17032
20203,3110952,7028
20203,3110951,11563
20203,3110950,14311
20203,3110949,8368
20203,3110948,674
20203,3110947,556
20203,3110946,455
20203,3110945,146
20203,3110944,415
20203,3110943,6981
20203,3110942,10237
20203,3110941,4007
20203,3110940,6606
20203,3110939,54885
20203,3110938,6618
20203,3110937,7718
20203,3110936,4766
20203,3110935,5330
20203,3110934,662
20203,3110933,6252
20203,3110932,5644
20203,3110931,79
20203,3110930,9343
20203,3110929,24632
20203,3110928,14771
20203,3110927,306
20203,3110926,11364
20203,3110925,5643
20203,3110924,10048
20203,3110923,7758
20203,3110922,13073
20203,3110921,10712
20203,3110920,8579
20203,3110919,10208
20203,3110918,8441
20203,3110917,4972
20203,3110916,16591
20203,3110915,4620
20203,3110914,6939
20203,3110913,7954
20203,3110912,2531
20203,3110911,7056
20203,3110910,11287
20203,3110909,435
20203,3110908,11263
20203,3110907,13222
20203,3110906,7205
20203,3110905,3263
20203,3110904,6343
20203,3110903,11483
20203,3110902,4479
20203,3110901,823
20203,3110900,1547
20203,3110899,646
20203,3110898,316
20203,3110897,4415
20203,3110896,1146
20203,3110895,6637
20203,3110894,333
20203,3110893,870
20203,3110892,5498
20203,3110891,1299
20203,3110890,2045
20203,3110889,270
20203,3110888,1021
20203,3110887,484
20203,3110886,1138
20203,3110885,987
20203,3110884,1176
20203,3110883,1195
20203,3110882,1970
20203,3110881,1510
20203,3110880,1468
20203,3110879,1095
20203,3110878,363
20203,3110877,2236
20203,3110876,545
20203,3110875,594
20203,3110874,921
20203,3110873,4691
20203,3110872,163
20203,3110871,1420
20203,3110870,94
20203,3110869,5533
20203,3110868,2495
20203,3110867,2529
20203,3110866,653
20203,3110865,1629
20203,3110864,1597
20203,3110863,1627
20203,3110862,1186
20203,3110861,5280
20203,3110860,3717
20203,3110859,544
20203,3110858,1586
20203,3110857,1392
20203,3110856,3976
20203,3110855,6166
20203,3110854,2351
20203,3110853,3803
20203,3110852,3884
20203,3110851,2901
20203,3110850,8360
20203,3110849,3000
20203,3110848,2051
20203,3110847,1501
20203,3110846,2441
20203,3110845,194
20203,3110844,11
20203,3110843,1068
20203,3110842,81
20203,3110841,39
20203,3110840,147
20203,3110839,1336
20203,3110838,1146
20203,3110837,2382
20203,3110836,2002
20203,3110835,974
20203,3110834,197
20203,3110833,663
20203,3110832,4410
20203,3110831,416
20203,3110830,955
20203,3110829,1683
20203,3110828,5414
20203,3110827,1542
20203,3110826,1592
20203,3110825,2546
20203,3110824,2388
20203,3110823,10868
20203,3110822,3603
20203,3110821,6947
20203,3110820,2178
20203,3110819,5238
20203,3110818,3220
20203,3110817,3364
20203,3110816,2617
20203,3110815,4489
20203,3110814,3602
20203,3110813,3821
20203,3110812,2799
20203,3110811,3305
20203,3110810,2596
20203,3110809,1372
20203,3110808,664
20203,3110807,637
20203,3110806,2076
20203,3110805,173
20203,3110804,1333
20203,3110803,1786
20203,3110802,1293
20203,3110801,140
20203,3110800,3499
20203,3110799,791
20203,3110798,697
20203,3110797,338
20203,3110796,2443
20203,3110795,1263
20203,3110794,4216
20203,3110793,503
20203,3110792,4509
20203,3110791,630
20203,3110790,1290
20203,3110789,2596
20203,3110788,1246
20203,3110787,679
20203,3110786,3499
20203,3110785,676
20203,3110784,1196
20203,3110783,2395
20203,3110782,1992
20203,3110781,2090
20203,3110780,1072
20203,3110779,385
20203,3110778,9060
20203,3110777,23218
20203,3110776,3366
20203,3110775,2288
20203,3110774,5479
20203,3110773,3796
20203,3110772,1391
20203,3110771,2931
20203,3110770,3832
20203,3110769,1824
20203,3110768,373
20203,3110767,4095
20203,3110766,4301
20203,3110765,13093
20203,3110764,1962
20203,3110763,6437
20203,3110762,11000
20203,3110761,5802
20203,3110760,8380
20203,3110759,41421
20203,3110758,3674
20203,3110757,3104
20203,3110756,4751
20203,3110755,1584
20203,3110754,1456
20203,3110753,1814
20203,3110752,1581
20203,3110751,2705
20203,3110750,1345
20203,3110749,1292
20203,3110748,964
20203,3110747,637
20203,3110746,1613
20203,3110745,923
20203,3110744,1676
20203,3110743,2284
20203,3110742,770
20203,3110741,1642
20203,3110740,2807
20203,3110739,988
20203,3110738,3105
20203,3110737,2359
20203,3110736,3282
20203,3110735,2403
20203,3110734,1870
20203,3110733,1054
20203,3110732,3175
20203,3110731,2486
20203,3110730,2988
20203,3110729,3743
20203,3110728,3611
20203,3110727,1582
20203,3110726,115
20203,3110725,2452
20203,3110724,8347
20203,3110723,8175
20203,3110722,20633
20203,3110721,11814
20203,3110720,1931
20203,3110719,9444
20203,3110718,6504
20203,3110717,15237
20203,3110716,2018
20203,3110715,2781
20203,3110714,2157
20203,3110713,6116
20203,3110712,1892
20203,3110711,2908
20203,3110710,13397
20203,3110709,421
20203,3110708,1254
20203,3110707,2370
20203,3110706,1709
20203,3110705,1195
20203,3110704,369
20203,3110703,2857
20203,3110702,3706
20203,3110701,1075
20203,3110700,1740
20203,3110699,828
20203,3110698,3462
20203,3110697,638
20203,3110696,2611
20203,3110695,1910
20203,3110694,2039
20203,3110693,1979
20203,3110692,1873
20203,3110691,1020
20203,3110690,2442
20203,3110689,3431
20203,3110688,1388
20203,3110687,158
20203,3110686,889
20203,3110685,55
20203,3110684,369
20203,3110683,366
20203,3110682,217
20203,3110681,329
20203,3110680,885
20203,3110679,2594
20203,3110678,1215
20203,3110677,2079
20203,3110676,3108
20203,3110675,2955
20203,3110674,584
20203,3110673,3042
20203,3110672,628
20203,3110671,4995
20203,3110670,1061
20203,3110669,4260
20203,3110668,2637
20203,3110667,448
20203,3110666,858
20203,3110665,3383
20203,3110664,4644
20203,3110663,5620
20203,3110662,2612
20203,3110661,4009
20203,3110660,8713
20203,3110659,2775
20203,3110658,1672
20203,3110657,5871
20203,3110656,3118
20203,3110655,5760
20203,3110654,3271
20203,3110653,3010
20203,3110652,3956
20203,3110651,1859
20203,3110650,1035
20203,3110649,1461
20203,3110648,5867
20203,3110647,5170
20203,3110646,4438
20203,3110645,1638
20203,3110644,228
20203,3110643,1953
20203,3110642,470
20203,3110641,1053
20203,3110640,2591
20203,3110639,1471
20203,3110638,3944
20203,3110637,2669
20203,3110636,2566
20203,3110635,2325
20203,3110634,3924
20203,3110633,1971
20203,3110632,2662
20203,3110631,1150
20203,3110630,2366
20203,3110629,1600
20203,3110628,1780
20203,3110627,10306
20203,3110626,2499
20203,3110625,10132
20203,3110624,368
20203,3110623,452
20203,3110622,1861
20203,3110621,983
20203,3110620,1726
20203,3110619,1311
20203,3110618,3278
20203,3110617,1673
20203,3110616,4126
20203,3110615,6206
20203,3110614,2875
20203,3110613,6906
20203,3110612,6873
20203,3110611,2625
20203,3110610,1375
20203,3110609,1176
20203,3110608,2718
20203,3110607,1085
20203,3110606,3013
20203,3110605,1098
20203,3110604,2453
20203,3110603,939
20203,3110602,2091
20203,3110601,1786
20203,3110600,2956
20203,3110599,1590
20203,3110598,2697
20203,3110597,2700
20203,3110596,1260
20203,3110595,2286
20203,3110594,593
20203,3110593,1923
20203,3110592,1653
20203,3110591,2784
20203,3110590,1043
20203,3110589,674
20203,3110588,1798
20203,3110587,4366
20203,3110586,8088
20203,3110585,1357
20203,3110584,1193
20203,3110583,4365
20203,3110582,1200
20203,3110581,6947
20203,3110580,927
20203,3110579,6701
20203,3110578,2490
20203,3110577,6269
20203,3110576,2679
20203,3110575,1489
20203,3110574,1012
20203,3110573,1340
20203,3110572,3200
20203,3110571,1765
20203,3110570,1439
20203,3110569,3278
20203,3110568,772
20203,3110567,830
20203,3110566,5320
20203,3110565,1811
20203,3110564,3548
20203,3110563,1437
20203,3110562,2703
20203,3110561,2768
20203,3110560,3881
20203,3110559,3453
20203,3110558,4445
20203,3110557,4646
20203,3110556,536
20203,3110555,3889
20203,3110554,5490
20203,3110553,1370
20203,3110552,2816
20203,3110551,2778
20203,3110550,6591
20203,3110549,2110
20203,3110548,4042
20203,3110547,5513
20203,3110546,1335
20203,3110545,1565
20203,3110544,6503
20203,3110543,4
20203,3110542,3824
20203,3110541,2819
20203,3110540,612
20203,3110539,12622
20203,3110538,6721
20203,3110537,6609
20203,3110536,3058
20203,3110535,908
20203,3110534,2731
20203,3110533,4356
20203,3110532,1657
20203,3110531,1003
20203,3110530,1223
20203,3110529,1860
20203,3110528,1860
20203,3110527,1765
20203,3110526,101
20203,3110525,1782
20203,3110524,193
20203,3110523,166
20203,3110522,1458
20203,3110521,1518
20203,3110520,1329
20203,3110519,761
20203,3110518,1381
20203,3110517,2792
20203,3110516,733
20203,3110515,168
20203,3110514,1594
20203,3110513,3657
20203,3110512,1812
20203,3110511,3876
20203,3110510,783
20203,3110509,2462
20203,3110508,3564
20203,3110507,1729
20203,3110506,1690
20203,3110505,266
20203,3110504,349
20203,3110503,1457
20203,3110502,843
20203,3110501,673
20203,3110500,321
20203,3110499,517
20203,3110498,2183
20203,3110497,1131
20203,3110496,731
20203,3110495,1898
20203,3110494,405
20203,3110493,252
20203,3110492,186
20203,3110491,157
20203,3110490,1653
20203,3110489,868
20203,3110488,2027
20203,3110487,1916
20203,3110486,2193
20203,3110485,741
20203,3110484,2635
20203,3110483,1120
20203,3110482,179
20203,3110481,2247
20203,3110480,1517
20203,3110479,2089
20203,3110478,2109
20203,3110477,3031
20203,3110476,183
20203,3110475,861
20203,3110474,991
20203,3110473,2308
20203,3110472,2660
20203,3110471,1208
20203,3110470,861
20203,3110469,2187
20203,3110468,3361
20203,3110467,1197
20203,3110466,1068
20203,3110465,3023
20203,3110464,2760
20203,3110463,1142
20203,3110462,656
20203,3110461,1362
20203,3110460,2874
20203,3110459,2152
20203,3110458,1207
20203,3110457,2236
20203,3110456,1901
20203,3110455,2080
20203,3110454,1048
20203,3110453,1283
20203,3110452,1526
20203,3110451,2097
20203,3110450,1395
20203,3110449,1719
20203,3110448,331
20203,3110447,66
20203,3110446,493
20203,3110445,80
20203,3110444,598
20203,3110443,242
20203,3110442,146
20203,3110441,229
20203,3110440,172
20203,3110439,449
20203,3110438,1305
20203,3110437,476
20203,3110436,1249
20203,3110435,279
20203,3110434,2572
20203,3110433,3113
20203,3110432,554
20203,3110431,1343
20203,3110430,1164
20203,3110429,3917
20203,3110428,1403
20203,3110427,408
20203,3110426,956
20203,3110425,1535
20203,3110424,1231
20203,3110423,1119
20203,3110422,791
20203,3110421,1222
20203,3110420,413
20203,3110419,2691
20203,3110418,425
20203,3110417,163
20203,3110416,1644
20203,3110415,3003
20203,3110414,164
20203,3110413,521
20203,3110412,159
20203,3110411,959
20203,3110410,2219
20203,3110409,3524
20203,3110408,2156
20203,3110407,1326
20203,3110406,584
20203,3110405,2018
20203,3110404,1286
20203,3110403,2092
20203,3110402,1679
20203,3110401,2190
20203,3110400,2493
20203,3110399,1453
20203,3110398,1922
20203,3110397,1087
20203,3110396,1333
20203,3110395,1334
20203,3110394,1650
20203,3110393,1146
20203,3110392,160
20203,3110391,331
20203,3110390,1539
20203,3110389,582
20203,3110388,651
20203,3110387,355
20203,3110386,159
20203,3110385,56
20203,3110384,501
20203,3110383,404
20203,3110382,702
20203,3110381,207
20203,3110380,57
20203,3110379,176
20203,3110378,237
20203,3110377,931
20203,3110376,2083
20203,3110375,498
20203,3110374,688
20203,3110373,2792
20203,3110372,1019
20203,3110371,960
20203,3110370,772
20203,3110369,2478
20203,3110368,370
20203,3110367,2865
20203,3110366,1035
20203,3110365,985
20203,3110364,888
20203,3110363,224
20203,3110362,912
20203,3110361,542
20203,3110360,2643
20203,3110359,2364
20203,3110358,2848
20203,3110357,1398
20203,3110356,816
20203,3110355,736
20203,3110354,471
20203,3110353,1191
20203,3110352,449
20203,3110351,958
20203,3110350,1224
20203,3110349,205
20203,3110348,1409
20203,3110347,167
20203,3110346,612
20203,3110345,948
20203,3110344,153
20203,3110343,1076
20203,3110342,338
20203,3110341,476
20203,3110340,918
20203,3110339,578
20203,3110338,405
20203,3110337,798
20203,3110336,753
20203,3110335,1925
20203,3110334,835
20203,3110333,1563
20203,3110332,1198
20203,3110331,1591
20203,3110330,1716
20203,3110329,162
20203,3110328,1083
20203,3110327,1066
20203,3110326,230
20203,3110325,240
20203,3110324,1980
20203,3110323,2069
20203,3110322,252
20203,3110321,599
20203,3110320,5684
20203,3110319,8079
20203,3110318,3054
20203,3110317,5603
20203,3110316,1926
20203,3110315,11448
20203,3110314,9560
20203,3110313,1991
20203,3110312,1260
20203,3110311,720
20203,3110310,933
20203,3110309,2049
20203,3110308,1836
20203,3110307,2541
20203,3110306,945
20203,3110305,2780
20203,3110304,3285
20203,3110303,1474
20203,3110302,2527
20203,3110301,1329
20203,3110300,6870
20203,3110299,1743
20203,3110298,692
20203,3110297,9120
20203,3110296,2773
20203,3110295,1644
20203,3110294,1379
20203,3110293,7816
20203,3110292,730
20203,3110291,2394
20203,3110290,445
20203,3110289,1123
20203,3110288,7764
20203,3110287,182
20203,3110286,7864
20203,3110285,4477
20203,3110284,353
20203,3110283,3884
20203,3110282,191
20203,3110281,1531
20203,3110280,1671
20203,3110279,433
20203,3110278,1068
20203,3110277,1328
20203,3110276,244
20203,3110275,1330
20203,3110274,821
20203,3110273,1449
20203,3110272,1531
20203,3110271,203
20203,3110270,569
20203,3110269,946
20203,3110268,845
20203,3110267,1256
20203,3110266,1171
20203,3110265,3299
20203,3110264,1430
20203,3110263,2679
20203,3110262,3159
20203,3110261,1769
20203,3110260,1893
20203,3110259,1354
20203,3110258,897
20203,3110257,1619
20203,3110256,2794
20203,3110255,3597
20203,3110254,1212
20203,3110253,1003
20203,3110252,1336
20203,3110251,860
20203,3110250,564
20203,3110249,2017
20203,3110248,266
20203,3110247,1648
20203,3110246,1521
20203,3110245,742
20203,3110244,1457
20203,3110243,1052
20203,3110242,934
20203,3110241,2379
20203,3110240,301
20203,3110239,142
20203,3110238,595
20203,3110237,1449
20203,3110236,1692
20203,3110235,154
20203,3110234,1169
20203,3110233,890
20203,3110232,2497
20203,3110231,344
20203,3110230,3656
20203,3110229,5531
20203,3110228,4113
20203,3110227,1284
20203,3110226,7097
20203,3110225,1284
20203,3110224,509
20203,3110223,4110
20203,3110222,937
20203,3110221,268
20203,3110220,1089
20203,3110219,2096
20203,3110218,1678
20203,3110217,2471
20203,3110216,574
20203,3110215,1403
20203,3110214,793
20203,3110213,536
20203,3110212,1713
20203,3110211,1217
20203,3110210,1460
20203,3110209,645
20203,3110208,598
20203,3110207,1749
20203,3110206,649
20203,3110205,531
20203,3110204,811
20203,3110203,1430
20203,3110202,567
20203,3110201,168
20203,3110200,1059
20203,3110199,1853
20203,3110198,1870
20203,3110197,92
20203,3110196,410
20203,3110195,3038
20203,3110194,1988
20203,3110193,744
20203,3110192,2424
20203,3110191,626
20203,3110190,965
20203,3110189,2457
20203,3110188,6762
20203,3110187,5761
20203,3110186,897
20203,3110185,5910
20203,3110184,4060
20203,3110183,3214
20203,3110182,2881
20203,3110181,10649
20203,3110180,3542
20203,3110179,1883
20203,3110178,1883
20203,3110177,158
20203,3110176,2249
20203,3110175,4173
20203,3110174,2904
20203,3110173,2955
20203,3110172,2531
20203,3110171,1561
20203,3110170,2986
20203,3110169,3828
20203,3110168,916
20203,3110167,3561
20203,3110166,4756
20203,3110165,1454
20203,3110164,1970
20203,3110163,1967
20203,3110162,2406
20203,3110161,1066
20203,3110160,903
20203,3110159,8575
20203,3110158,1375
20203,3110157,2233
20203,3110156,2564
20203,3110155,5674
20203,3110154,3843
20203,3110153,2864
20203,3110152,1026
20203,3110151,2540
20203,3110150,3863
20203,3110149,851
20203,3110148,236
20203,3110147,1758
20203,3110146,1323
20203,3110145,411
20203,3110144,459
20203,3110143,239
20203,3110142,2411
20203,3110141,2375
20203,3110140,4694
20203,3110139,922
20203,3110138,1767
20203,3110137,14555
20203,3110136,11209
20203,3110135,6734
20203,3110134,2341
20203,3110133,3105
20203,3110132,4614
20203,3110131,11102
20203,3110130,570
20203,3110129,4864
20203,3110128,2358
20203,3110127,3333
20203,3110126,1593
20203,3110125,308
20203,3110124,2282
20203,3110123,1559
20203,3110122,1564
20203,3110121,142
20203,3110120,261
20203,3110119,1254
20203,3110118,868
20203,3110117,2270
20203,3110116,5307
20203,3110115,2710
20203,3110114,1342
20203,3110113,422
20203,3110112,1042
20203,3110111,192
20203,3110110,879
20203,3110109,1292
20203,3110108,656
20203,3110107,1170
20203,3110106,389
20203,3110105,1542
20203,3110104,363
20203,3110103,813
20203,3110102,1215
20203,3110101,576
20203,3110100,576
20203,3110099,8514
20203,3110098,8191
20203,3110097,5362
20203,3110096,2476
20203,3110095,21048
20203,3110094,234
20203,3110093,20138
20203,3110092,965
20203,3110091,19459
20203,3110090,2341
20203,3110089,4816
20203,3110088,3559
20203,3110087,13299
20203,3110086,21407
20203,3110085,2761
20203,3110084,1344
20203,3110083,4754
20203,3110082,18992
20203,3110081,866
20203,3110080,773
20203,3110079,12713
20203,3110078,1289
20203,3110077,2257
20203,3110076,2621
20203,3110075,7274
20203,3110074,7899
20203,3110073,8275
20203,3110072,972
20203,3110071,1649
20203,3110070,406
20203,3110069,6228
20203,3110068,8638
20203,3110067,4005
20203,3110066,1979
20203,3110065,2283
20203,3110064,2626
20203,3110063,4183
20203,3110062,12183
20203,3110061,1605
20203,3110060,3080
20203,3110059,1614
20203,3110058,4896
20203,3110057,755
20203,3110056,1680
20203,3110055,692
20203,3110054,9315
20203,3110053,1822
20203,3110052,4670
20203,3110051,3466
20203,3110050,11220
20203,3110049,10328
20203,3110048,9377
20203,3110047,10703
20203,3110046,3621
20203,3110045,16872
20203,3110044,10360
20203,3110043,11076
20203,3110042,3747
20203,3110041,6843
20203,3110040,8864
20203,3110039,22182
20203,3110038,10046
20203,3110037,2065
20203,3110036,1555
20203,3110035,2005
20203,3110034,1977
20203,3110033,346
20203,3110032,2722
20203,3110031,241
20203,3110030,1597
20203,3110029,1509
20203,3110028,3076
20203,3110027,1341
20203,3110026,4323
20203,3110025,3042
20203,3110024,3262
20203,3110023,471
20203,3110022,4104
20203,3110021,2455
20203,3110020,1357
20203,3110019,4778
20203,3110018,9681
20203,3110017,4529
20203,3110016,4228
20203,3110015,4358
20203,3110014,1417
20203,3110013,3955
20203,3110012,27629
20203,3110011,631
20203,3110010,5899
20203,3110009,477
20203,3110008,5943
20203,3110007,1876
20203,3110006,262
20203,3110005,1871
20203,3110004,242
20203,3110003,4460
20203,3110002,426
20203,3110001,4020
20202,3111090,125
20202,3111089,1247
20202,3111088,708
20202,3111087,380
20202,3111086,422
20202,3111085,1016
20202,3111084,614
20202,3111083,1601
20202,3111082,302
20202,3111081,1009
20202,3111080,3465
20202,3111079,1002
20202,3111078,4046
20202,3111077,6929
20202,3111076,2773
20202,3111075,3066
20202,3111074,1504
20202,3111073,5172
20202,3111072,2244
20202,3111071,1894
20202,3111070,1045
20202,3111069,1136
20202,3111068,3648
20202,3111067,6403
20202,3111066,1113
20202,3111065,365
20202,3111064,2812
20202,3111063,749
20202,3111062,4120
20202,3111061,3870
20202,3111060,2713
20202,3111059,4590
20202,3111058,2626
20202,3111057,961
20202,3111056,1788
20202,3111055,1501
20202,3111054,2151
20202,3111053,10457
20202,3111052,1717
20202,3111051,3278
20202,3111050,3956
20202,3111049,1338
20202,3111048,1333
20202,3111047,483
20202,3111046,1981
20202,3111045,930
20202,3111044,1779
20202,3111043,1318
20202,3111042,4779
20202,3111041,1414
20202,3111040,2729
20202,3111039,5393
20202,3111038,4199
20202,3111037,3418
20202,3111036,1304
20202,3111035,5680
20202,3111034,6515
20202,3111033,2308
20202,3111032,12270
20202,3111031,5835
20202,3111030,9066
20202,3111029,4494
20202,3111028,6147
20202,3111027,28298
20202,3111026,23673
20202,3111025,8869
20202,3111024,16909
20202,3111023,21815
20202,3111022,8139
20202,3111021,11157
20202,3111020,576
20202,3111019,13344
20202,3111018,197
20202,3111017,3561
20202,3111016,5029
20202,3111015,10554
20202,3111014,14991
20202,3111013,18867
20202,3111012,5101
20202,3111011,3061
20202,3111010,9144
20202,3111009,1105
20202,3111008,2904
20202,3111007,2467
20202,3111006,4478
20202,3111005,2071
20202,3111004,6669
20202,3111003,3763
20202,3111002,113
20202,3111001,121
20202,3111000,115
20202,3110999,195
20202,3110998,78
20202,3110997,1708
20202,3110996,24919
20202,3110995,15848
20202,3110994,2290
20202,3110993,2438
20202,3110992,22413
20202,3110991,54476
20202,3110990,10629
20202,3110989,15321
20202,3110988,10556
20202,3110987,7212
20202,3110986,13093
20202,3110985,14386
20202,3110984,4545
20202,3110983,4487
20202,3110982,3670
20202,3110981,8106
20202,3110980,23856
20202,3110979,9827
20202,3110978,49031
20202,3110977,12906
20202,3110976,11281
20202,3110975,31632
20202,3110974,11820
20202,3110973,11481
20202,3110972,15731
20202,3110971,30609
20202,3110970,11581
20202,3110969,34627
20202,3110968,16885
20202,3110967,25493
20202,3110966,23245
20202,3110965,15586
20202,3110964,11048
20202,3110963,22230
20202,3110962,10170
20202,3110961,16680
20202,3110960,24527
20202,3110959,9544
20202,3110958,22150
20202,3110957,21163
20202,3110956,10898
20202,3110955,19481
20202,3110954,13728
20202,3110953,17032
20202,3110952,7028
20202,3110951,11563
20202,3110950,14311
20202,3110949,8368
20202,3110948,674
20202,3110947,556
20202,3110946,455
20202,3110945,146
20202,3110944,415
20202,3110943,6981
20202,3110942,10237
20202,3110941,4007
20202,3110940,6606
20202,3110939,54885
20202,3110938,6618
20202,3110937,7718
20202,3110936,4766
20202,3110935,5330
20202,3110934,662
20202,3110933,6252
20202,3110932,5644
20202,3110931,79
20202,3110930,9343
20202,3110929,24632
20202,3110928,14771
20202,3110927,306
20202,3110926,11364
20202,3110925,5643
20202,3110924,10048
20202,3110923,7758
20202,3110922,13073
20202,3110921,10712
20202,3110920,8579
20202,3110919,10208
20202,3110918,8441
20202,3110917,4972
20202,3110916,16591
20202,3110915,4620
20202,3110914,6939
20202,3110913,7954
20202,3110912,2531
20202,3110911,7056
20202,3110910,11287
20202,3110909,435
20202,3110908,11263
20202,3110907,13222
20202,3110906,7205
20202,3110905,3263
20202,3110904,6343
20202,3110903,11483
20202,3110902,4479
20202,3110901,823
20202,3110900,1547
20202,3110899,646
20202,3110898,316
20202,3110897,4415
20202,3110896,1146
20202,3110895,6637
20202,3110894,333
20202,3110893,870
20202,3110892,5498
20202,3110891,1299
20202,3110890,2045
20202,3110889,270
20202,3110888,1021
20202,3110887,484
20202,3110886,1138
20202,3110885,987
20202,3110884,1176
20202,3110883,1195
20202,3110882,1970
20202,3110881,1510
20202,3110880,1468
20202,3110879,1095
20202,3110878,363
20202,3110877,2236
20202,3110876,545
20202,3110875,594
20202,3110874,921
20202,3110873,4691
20202,3110872,163
20202,3110871,1420
20202,3110870,94
20202,3110869,5533
20202,3110868,2495
20202,3110867,2529
20202,3110866,653
20202,3110865,1629
20202,3110864,1597
20202,3110863,1627
20202,3110862,1186
20202,3110861,5280
20202,3110860,3717
20202,3110859,544
20202,3110858,1586
20202,3110857,1392
20202,3110856,3976
20202,3110855,6166
20202,3110854,2351
20202,3110853,3803
20202,3110852,3884
20202,3110851,2901
20202,3110850,8360
20202,3110849,3000
20202,3110848,2051
20202,3110847,1501
20202,3110846,2441
20202,3110845,194
20202,3110844,11
20202,3110843,1068
20202,3110842,81
20202,3110841,39
20202,3110840,147
20202,3110839,1336
20202,3110838,1146
20202,3110837,2382
20202,3110836,2002
20202,3110835,974
20202,3110834,197
20202,3110833,663
20202,3110832,4410
20202,3110831,416
20202,3110830,955
20202,3110829,1683
20202,3110828,5414
20202,3110827,1542
20202,3110826,1592
20202,3110825,2546
20202,3110824,2388
20202,3110823,10868
20202,3110822,3603
20202,3110821,6947
20202,3110820,2178
20202,3110819,5238
20202,3110818,3220
20202,3110817,3364
20202,3110816,2617
20202,3110815,4489
20202,3110814,3602
20202,3110813,3821
20202,3110812,2799
20202,3110811,3305
20202,3110810,2596
20202,3110809,1372
20202,3110808,664
20202,3110807,637
20202,3110806,2076
20202,3110805,173
20202,3110804,1333
20202,3110803,1786
20202,3110802,1293
20202,3110801,140
20202,3110800,3499
20202,3110799,791
20202,3110798,697
20202,3110797,338
20202,3110796,2443
20202,3110795,1263
20202,3110794,4216
20202,3110793,503
20202,3110792,4509
20202,3110791,630
20202,3110790,1290
20202,3110789,2596
20202,3110788,1246
20202,3110787,679
20202,3110786,3499
20202,3110785,676
20202,3110784,1196
20202,3110783,2395
20202,3110782,1992
20202,3110781,2090
20202,3110780,1072
20202,3110779,385
20202,3110778,9060
20202,3110777,23218
20202,3110776,3366
20202,3110775,2288
20202,3110774,5479
20202,3110773,3796
20202,3110772,1391
20202,3110771,2931
20202,3110770,3832
20202,3110769,1824
20202,3110768,373
20202,3110767,4095
20202,3110766,4301
20202,3110765,13093
20202,3110764,1962
20202,3110763,6437
20202,3110762,11000
20202,3110761,5802
20202,3110760,8380
20202,3110759,41421
20202,3110758,3674
20202,3110757,3104
20202,3110756,4751
20202,3110755,1584
20202,3110754,1456
20202,3110753,1814
20202,3110752,1581
20202,3110751,2705
20202,3110750,1345
20202,3110749,1292
20202,3110748,964
20202,3110747,637
20202,3110746,1613
20202,3110745,923
20202,3110744,1676
20202,3110743,2284
20202,3110742,770
20202,3110741,1642
20202,3110740,2807
20202,3110739,988
20202,3110738,3105
20202,3110737,2359
20202,3110736,3282
20202,3110735,2403
20202,3110734,1870
20202,3110733,1054
20202,3110732,3175
20202,3110731,2486
20202,3110730,2988
20202,3110729,3743
20202,3110728,3611
20202,3110727,1582
20202,3110726,115
20202,3110725,2452
20202,3110724,8347
20202,3110723,8175
20202,3110722,20633
20202,3110721,11814
20202,3110720,1931
20202,3110719,9444
20202,3110718,6504
20202,3110717,15237
20202,3110716,2018
20202,3110715,2781
20202,3110714,2157
20202,3110713,6116
20202,3110712,1892
20202,3110711,2908
20202,3110710,13397
20202,3110709,421
20202,3110708,1254
20202,3110707,2370
20202,3110706,1709
20202,3110705,1195
20202,3110704,369
20202,3110703,2857
20202,3110702,3706
20202,3110701,1075
20202,3110700,1740
20202,3110699,828
20202,3110698,3462
20202,3110697,638
20202,3110696,2611
20202,3110695,1910
20202,3110694,2039
20202,3110693,1979
20202,3110692,1873
20202,3110691,1020
20202,3110690,2442
20202,3110689,3431
20202,3110688,1388
20202,3110687,158
20202,3110686,889
20202,3110685,55
20202,3110684,369
20202,3110683,366
20202,3110682,217
20202,3110681,329
20202,3110680,885
20202,3110679,2594
20202,3110678,1215
20202,3110677,2079
20202,3110676,3108
20202,3110675,2955
20202,3110674,584
20202,3110673,3042
20202,3110672,628
20202,3110671,4995
20202,3110670,1061
20202,3110669,4260
20202,3110668,2637
20202,3110667,448
20202,3110666,858
20202,3110665,3383
20202,3110664,4644
20202,3110663,5620
20202,3110662,2612
20202,3110661,4009
20202,3110660,8713
20202,3110659,2775
20202,3110658,1672
20202,3110657,5871
20202,3110656,3118
20202,3110655,5760
20202,3110654,3271
20202,3110653,3010
20202,3110652,3956
20202,3110651,1859
20202,3110650,1035
20202,3110649,1461
20202,3110648,5867
20202,3110647,5170
20202,3110646,4438
20202,3110645,1638
20202,3110644,228
20202,3110643,1953
20202,3110642,470
20202,3110641,1053
20202,3110640,2591
20202,3110639,1471
20202,3110638,3944
20202,3110637,2669
20202,3110636,2566
20202,3110635,2325
20202,3110634,3924
20202,3110633,1971
20202,3110632,2662
20202,3110631,1150
20202,3110630,2366
20202,3110629,1600
20202,3110628,1780
20202,3110627,10306
20202,3110626,2499
20202,3110625,10132
20202,3110624,368
20202,3110623,452
20202,3110622,1861
20202,3110621,983
20202,3110620,1726
20202,3110619,1311
20202,3110618,3278
20202,3110617,1673
20202,3110616,4126
20202,3110615,6206
20202,3110614,2875
20202,3110613,6906
20202,3110612,6873
20202,3110611,2625
20202,3110610,1375
20202,3110609,1176
20202,3110608,2718
20202,3110607,1085
20202,3110606,3013
20202,3110605,1098
20202,3110604,2453
20202,3110603,939
20202,3110602,2091
20202,3110601,1786
20202,3110600,2956
20202,3110599,1590
20202,3110598,2697
20202,3110597,2700
20202,3110596,1260
20202,3110595,2286
20202,3110594,593
20202,3110593,1923
20202,3110592,1653
20202,3110591,2784
20202,3110590,1043
20202,3110589,674
20202,3110588,1798
20202,3110587,4366
20202,3110586,8088
20202,3110585,1357
20202,3110584,1193
20202,3110583,4365
20202,3110582,1200
20202,3110581,6947
20202,3110580,927
20202,3110579,6701
20202,3110578,2490
20202,3110577,6269
20202,3110576,2679
20202,3110575,1489
20202,3110574,1012
20202,3110573,1340
20202,3110572,3200
20202,3110571,1765
20202,3110570,1439
20202,3110569,3278
20202,3110568,772
20202,3110567,830
20202,3110566,5320
20202,3110565,1811
20202,3110564,3548
20202,3110563,1437
20202,3110562,2703
20202,3110561,2768
20202,3110560,3881
20202,3110559,3453
20202,3110558,4445
20202,3110557,4646
20202,3110556,536
20202,3110555,3889
20202,3110554,5490
20202,3110553,1370
20202,3110552,2816
20202,3110551,2778
20202,3110550,6591
20202,3110549,2110
20202,3110548,4042
20202,3110547,5513
20202,3110546,1335
20202,3110545,1565
20202,3110544,6503
20202,3110543,4
20202,3110542,3824
20202,3110541,2819
20202,3110540,612
20202,3110539,12622
20202,3110538,6721
20202,3110537,6609
20202,3110536,3058
20202,3110535,908
20202,3110534,2731
20202,3110533,4356
20202,3110532,1657
20202,3110531,1003
20202,3110530,1223
20202,3110529,1860
20202,3110528,1860
20202,3110527,1765
20202,3110526,101
20202,3110525,1782
20202,3110524,193
20202,3110523,166
20202,3110522,1458
20202,3110521,1518
20202,3110520,1329
20202,3110519,761
20202,3110518,1381
20202,3110517,2792
20202,3110516,733
20202,3110515,168
20202,3110514,1594
20202,3110513,3657
20202,3110512,1812
20202,3110511,3876
20202,3110510,783
20202,3110509,2462
20202,3110508,3564
20202,3110507,1729
20202,3110506,1690
20202,3110505,266
20202,3110504,349
20202,3110503,1457
20202,3110502,843
20202,3110501,673
20202,3110500,321
20202,3110499,517
20202,3110498,2183
20202,3110497,1131
20202,3110496,731
20202,3110495,1898
20202,3110494,405
20202,3110493,252
20202,3110492,186
20202,3110491,157
20202,3110490,1653
20202,3110489,868
20202,3110488,2027
20202,3110487,1916
20202,3110486,2193
20202,3110485,741
20202,3110484,2635
20202,3110483,1120
20202,3110482,179
20202,3110481,2247
20202,3110480,1517
20202,3110479,2089
20202,3110478,2109
20202,3110477,3031
20202,3110476,183
20202,3110475,861
20202,3110474,991
20202,3110473,2308
20202,3110472,2660
20202,3110471,1208
20202,3110470,861
20202,3110469,2187
20202,3110468,3361
20202,3110467,1197
20202,3110466,1068
20202,3110465,3023
20202,3110464,2760
20202,3110463,1142
20202,3110462,656
20202,3110461,1362
20202,3110460,2874
20202,3110459,2152
20202,3110458,1207
20202,3110457,2236
20202,3110456,1901
20202,3110455,2080
20202,3110454,1048
20202,3110453,1283
20202,3110452,1526
20202,3110451,2097
20202,3110450,1395
20202,3110449,1719
20202,3110448,331
20202,3110447,66
20202,3110446,493
20202,3110445,80
20202,3110444,598
20202,3110443,242
20202,3110442,146
20202,3110441,229
20202,3110440,172
20202,3110439,449
20202,3110438,1305
20202,3110437,476
20202,3110436,1249
20202,3110435,279
20202,3110434,2572
20202,3110433,3113
20202,3110432,554
20202,3110431,1343
20202,3110430,1164
20202,3110429,3917
20202,3110428,1403
20202,3110427,408
20202,3110426,956
20202,3110425,1535
20202,3110424,1231
20202,3110423,1119
20202,3110422,791
20202,3110421,1222
20202,3110420,413
20202,3110419,2691
20202,3110418,425
20202,3110417,163
20202,3110416,1644
20202,3110415,3003
20202,3110414,164
20202,3110413,521
20202,3110412,159
20202,3110411,959
20202,3110410,2219
20202,3110409,3524
20202,3110408,2156
20202,3110407,1326
20202,3110406,584
20202,3110405,2018
20202,3110404,1286
20202,3110403,2092
20202,3110402,1679
20202,3110401,2190
20202,3110400,2493
20202,3110399,1453
20202,3110398,1922
20202,3110397,1087
20202,3110396,1333
20202,3110395,1334
20202,3110394,1650
20202,3110393,1146
20202,3110392,160
20202,3110391,331
20202,3110390,1539
20202,3110389,582
20202,3110388,651
20202,3110387,355
20202,3110386,159
20202,3110385,56
20202,3110384,501
20202,3110383,404
20202,3110382,702
20202,3110381,207
20202,3110380,57
20202,3110379,176
20202,3110378,237
20202,3110377,931
20202,3110376,2083
20202,3110375,498
20202,3110374,688
20202,3110373,2792
20202,3110372,1019
20202,3110371,960
20202,3110370,772
20202,3110369,2478
20202,3110368,370
20202,3110367,2865
20202,3110366,1035
20202,3110365,985
20202,3110364,888
20202,3110363,224
20202,3110362,912
20202,3110361,542
20202,3110360,2643
20202,3110359,2364
20202,3110358,2848
20202,3110357,1398
20202,3110356,816
20202,3110355,736
20202,3110354,471
20202,3110353,1191
20202,3110352,449
20202,3110351,958
20202,3110350,1224
20202,3110349,205
20202,3110348,1409
20202,3110347,167
20202,3110346,612
20202,3110345,948
20202,3110344,153
20202,3110343,1076
20202,3110342,338
20202,3110341,476
20202,3110340,918
20202,3110339,578
20202,3110338,405
20202,3110337,798
20202,3110336,753
20202,3110335,1925
20202,3110334,835
20202,3110333,1563
20202,3110332,1198
20202,3110331,1591
20202,3110330,1716
20202,3110329,162
20202,3110328,1083
20202,3110327,1066
20202,3110326,230
20202,3110325,240
20202,3110324,1980
20202,3110323,2069
20202,3110322,252
20202,3110321,599
20202,3110320,5684
20202,3110319,8079
20202,3110318,3054
20202,3110317,5603
20202,3110316,1926
20202,3110315,11448
20202,3110314,9560
20202,3110313,1991
20202,3110312,1260
20202,3110311,720
20202,3110310,933
20202,3110309,2049
20202,3110308,1836
20202,3110307,2541
20202,3110306,945
20202,3110305,2780
20202,3110304,3285
20202,3110303,1474
20202,3110302,2527
20202,3110301,1329
20202,3110300,6870
20202,3110299,1743
20202,3110298,692
20202,3110297,9120
20202,3110296,2773
20202,3110295,1644
20202,3110294,1379
20202,3110293,7816
20202,3110292,730
20202,3110291,2394
20202,3110290,445
20202,3110289,1123
20202,3110288,7764
20202,3110287,182
20202,3110286,7864
20202,3110285,4477
20202,3110284,353
20202,3110283,3884
20202,3110282,191
20202,3110281,1531
20202,3110280,1671
20202,3110279,433
20202,3110278,1068
20202,3110277,1328
20202,3110276,244
20202,3110275,1330
20202,3110274,821
20202,3110273,1449
20202,3110272,1531
20202,3110271,203
20202,3110270,569
20202,3110269,946
20202,3110268,845
20202,3110267,1256
20202,3110266,1171
20202,3110265,3299
20202,3110264,1430
20202,3110263,2679
20202,3110262,3159
20202,3110261,1769
20202,3110260,1893
20202,3110259,1354
20202,3110258,897
20202,3110257,1619
20202,3110256,2794
20202,3110255,3597
20202,3110254,1212
20202,3110253,1003
20202,3110252,1336
20202,3110251,860
20202,3110250,564
20202,3110249,2017
20202,3110248,266
20202,3110247,1648
20202,3110246,1521
20202,3110245,742
20202,3110244,1457
20202,3110243,1052
20202,3110242,934
20202,3110241,2379
20202,3110240,301
20202,3110239,142
20202,3110238,595
20202,3110237,1449
20202,3110236,1692
20202,3110235,154
20202,3110234,1169
20202,3110233,890
20202,3110232,2497
20202,3110231,344
20202,3110230,3656
20202,3110229,5531
20202,3110228,4113
20202,3110227,1284
20202,3110226,7097
20202,3110225,1284
20202,3110224,509
20202,3110223,4110
20202,3110222,937
20202,3110221,268
20202,3110220,1089
20202,3110219,2096
20202,3110218,1678
20202,3110217,2471
20202,3110216,574
20202,3110215,1403
20202,3110214,793
20202,3110213,536
20202,3110212,1713
20202,3110211,1217
20202,3110210,1460
20202,3110209,645
20202,3110208,598
20202,3110207,1749
20202,3110206,649
20202,3110205,531
20202,3110204,811
20202,3110203,1430
20202,3110202,567
20202,3110201,168
20202,3110200,1059
20202,3110199,1853
20202,3110198,1870
20202,3110197,92
20202,3110196,410
20202,3110195,3038
20202,3110194,1988
20202,3110193,744
20202,3110192,2424
20202,3110191,626
20202,3110190,965
20202,3110189,2457
20202,3110188,6762
20202,3110187,5761
20202,3110186,897
20202,3110185,5910
20202,3110184,4060
20202,3110183,3214
20202,3110182,2881
20202,3110181,10649
20202,3110180,3542
20202,3110179,1883
20202,3110178,1883
20202,3110177,158
20202,3110176,2249
20202,3110175,4173
20202,3110174,2904
20202,3110173,2955
20202,3110172,2531
20202,3110171,1561
20202,3110170,2986
20202,3110169,3828
20202,3110168,916
20202,3110167,3561
20202,3110166,4756
20202,3110165,1454
20202,3110164,1970
20202,3110163,1967
20202,3110162,2406
20202,3110161,1066
20202,3110160,903
20202,3110159,8575
20202,3110158,1375
20202,3110157,2233
20202,3110156,2564
20202,3110155,5674
20202,3110154,3843
20202,3110153,2864
20202,3110152,1026
20202,3110151,2540
20202,3110150,3863
20202,3110149,851
20202,3110148,236
20202,3110147,1758
20202,3110146,1323
20202,3110145,411
20202,3110144,459
20202,3110143,239
20202,3110142,2411
20202,3110141,2375
20202,3110140,4694
20202,3110139,922
20202,3110138,1767
20202,3110137,14555
20202,3110136,11209
20202,3110135,6734
20202,3110134,2341
20202,3110133,3105
20202,3110132,4614
20202,3110131,11102
20202,3110130,570
20202,3110129,4864
20202,3110128,2358
20202,3110127,3333
20202,3110126,1593
20202,3110125,308
20202,3110124,2282
20202,3110123,1559
20202,3110122,1564
20202,3110121,142
20202,3110120,261
20202,3110119,1254
20202,3110118,868
20202,3110117,2270
20202,3110116,5307
20202,3110115,2710
20202,3110114,1342
20202,3110113,422
20202,3110112,1042
20202,3110111,192
20202,3110110,879
20202,3110109,1292
20202,3110108,656
20202,3110107,1170
20202,3110106,389
20202,3110105,1542
20202,3110104,363
20202,3110103,813
20202,3110102,1215
20202,3110101,576
20202,3110100,576
20202,3110099,8514
20202,3110098,8191
20202,3110097,5362
20202,3110096,2476
20202,3110095,21048
20202,3110094,234
20202,3110093,20138
20202,3110092,965
20202,3110091,19459
20202,3110090,2341
20202,3110089,4816
20202,3110088,3559
20202,3110087,13299
20202,3110086,21407
20202,3110085,2761
20202,3110084,1344
20202,3110083,4754
20202,3110082,18992
20202,3110081,866
20202,3110080,773
20202,3110079,12713
20202,3110078,1289
20202,3110077,2257
20202,3110076,2621
20202,3110075,7274
20202,3110074,7899
20202,3110073,8275
20202,3110072,972
20202,3110071,1649
20202,3110070,406
20202,3110069,6228
20202,3110068,8638
20202,3110067,4005
20202,3110066,1979
20202,3110065,2283
20202,3110064,2626
20202,3110063,4183
20202,3110062,12183
20202,3110061,1605
20202,3110060,3080
20202,3110059,1614
20202,3110058,4896
20202,3110057,755
20202,3110056,1680
20202,3110055,692
20202,3110054,9315
20202,3110053,1822
20202,3110052,4670
20202,3110051,3466
20202,3110050,11220
20202,3110049,10328
20202,3110048,9377
20202,3110047,10703
20202,3110046,3621
20202,3110045,16872
20202,3110044,10360
20202,3110043,11076
20202,3110042,3747
20202,3110041,6843
20202,3110040,8864
20202,3110039,22182
20202,3110038,10046
20202,3110037,2065
20202,3110036,1555
20202,3110035,2005
20202,3110034,1977
20202,3110033,346
20202,3110032,2722
20202,3110031,241
20202,3110030,1597
20202,3110029,1509
20202,3110028,3076
20202,3110027,1341
20202,3110026,4323
20202,3110025,3042
20202,3110024,3262
20202,3110023,471
20202,3110022,4104
20202,3110021,2455
20202,3110020,1357
20202,3110019,4778
20202,3110018,9681
20202,3110017,4529
20202,3110016,4228
20202,3110015,4358
20202,3110014,1417
20202,3110013,3955
20202,3110012,27629
20202,3110011,631
20202,3110010,5899
20202,3110009,477
20202,3110008,5943
20202,3110007,1876
20202,3110006,262
20202,3110005,1871
20202,3110004,242
20202,3110003,4460
20202,3110002,426
20202,3110001,4020
20201,3111090,125
20201,3111089,1247
20201,3111088,708
20201,3111087,380
20201,3111086,422
20201,3111085,1016
20201,3111084,614
20201,3111083,1601
20201,3111082,302
20201,3111081,1009
20201,3111080,3465
20201,3111079,1002
20201,3111078,4046
20201,3111077,6929
20201,3111076,2773
20201,3111075,3066
20201,3111074,1504
20201,3111073,5172
20201,3111072,2244
20201,3111071,1894
20201,3111070,1045
20201,3111069,1136
20201,3111068,3648
20201,3111067,6403
20201,3111066,1113
20201,3111065,365
20201,3111064,2812
20201,3111063,749
20201,3111062,4120
20201,3111061,3870
20201,3111060,2713
20201,3111059,4590
20201,3111058,2626
20201,3111057,961
20201,3111056,1788
20201,3111055,1501
20201,3111054,2151
20201,3111053,10457
20201,3111052,1717
20201,3111051,3278
20201,3111050,3956
20201,3111049,1338
20201,3111048,1333
20201,3111047,483
20201,3111046,1981
20201,3111045,930
20201,3111044,1779
20201,3111043,1318
20201,3111042,4779
20201,3111041,1414
20201,3111040,2729
20201,3111039,5393
20201,3111038,4199
20201,3111037,3418
20201,3111036,1304
20201,3111035,5680
20201,3111034,6515
20201,3111033,2308
20201,3111032,12270
20201,3111031,5835
20201,3111030,9066
20201,3111029,4494
20201,3111028,6147
20201,3111027,28298
20201,3111026,23673
20201,3111025,8869
20201,3111024,16909
20201,3111023,21815
20201,3111022,8139
20201,3111021,11157
20201,3111020,576
20201,3111019,13344
20201,3111018,197
20201,3111017,3561
20201,3111016,5029
20201,3111015,10554
20201,3111014,14991
20201,3111013,18867
20201,3111012,5101
20201,3111011,3061
20201,3111010,9144
20201,3111009,1105
20201,3111008,2904
20201,3111007,2467
20201,3111006,4478
20201,3111005,2071
20201,3111004,6669
20201,3111003,3763
20201,3111002,113
20201,3111001,121
20201,3111000,115
20201,3110999,195
20201,3110998,78
20201,3110997,1708
20201,3110996,24919
20201,3110995,15848
20201,3110994,2290
20201,3110993,2438
20201,3110992,22413
20201,3110991,54476
20201,3110990,10629
20201,3110989,15321
20201,3110988,10556
20201,3110987,7212
20201,3110986,13093
20201,3110985,14386
20201,3110984,4545
20201,3110983,4487
20201,3110982,3670
20201,3110981,8106
20201,3110980,23856
20201,3110979,9827
20201,3110978,49031
20201,3110977,12906
20201,3110976,11281
20201,3110975,31632
20201,3110974,11820
20201,3110973,11481
20201,3110972,15731
20201,3110971,30609
20201,3110970,11581
20201,3110969,34627
20201,3110968,16885
20201,3110967,25493
20201,3110966,23245
20201,3110965,15586
20201,3110964,11048
20201,3110963,22230
20201,3110962,10170
20201,3110961,16680
20201,3110960,24527
20201,3110959,9544
20201,3110958,22150
20201,3110957,21163
20201,3110956,10898
20201,3110955,19481
20201,3110954,13728
20201,3110953,17032
20201,3110952,7028
20201,3110951,11563
20201,3110950,14311
20201,3110949,8368
20201,3110948,674
20201,3110947,556
20201,3110946,455
20201,3110945,146
20201,3110944,415
20201,3110943,6981
20201,3110942,10237
20201,3110941,4007
20201,3110940,6606
20201,3110939,54885
20201,3110938,6618
20201,3110937,7718
20201,3110936,4766
20201,3110935,5330
20201,3110934,662
20201,3110933,6252
20201,3110932,5644
20201,3110931,79
20201,3110930,9343
20201,3110929,24632
20201,3110928,14771
20201,3110927,306
20201,3110926,11364
20201,3110925,5643
20201,3110924,10048
20201,3110923,7758
20201,3110922,13073
20201,3110921,10712
20201,3110920,8579
20201,3110919,10208
20201,3110918,8441
20201,3110917,4972
20201,3110916,16591
20201,3110915,4620
20201,3110914,6939
20201,3110913,7954
20201,3110912,2531
20201,3110911,7056
20201,3110910,11287
20201,3110909,435
20201,3110908,11263
20201,3110907,13222
20201,3110906,7205
20201,3110905,3263
20201,3110904,6343
20201,3110903,11483
20201,3110902,4479
20201,3110901,823
20201,3110900,1547
20201,3110899,646
20201,3110898,316
20201,3110897,4415
20201,3110896,1146
20201,3110895,6637
20201,3110894,333
20201,3110893,870
20201,3110892,5498
20201,3110891,1299
20201,3110890,2045
20201,3110889,270
20201,3110888,1021
20201,3110887,484
20201,3110886,1138
20201,3110885,987
20201,3110884,1176
20201,3110883,1195
20201,3110882,1970
20201,3110881,1510
20201,3110880,1468
20201,3110879,1095
20201,3110878,363
20201,3110877,2236
20201,3110876,545
20201,3110875,594
20201,3110874,921
20201,3110873,4691
20201,3110872,163
20201,3110871,1420
20201,3110870,94
20201,3110869,5533
20201,3110868,2495
20201,3110867,2529
20201,3110866,653
20201,3110865,1629
20201,3110864,1597
20201,3110863,1627
20201,3110862,1186
20201,3110861,5280
20201,3110860,3717
20201,3110859,544
20201,3110858,1586
20201,3110857,1392
20201,3110856,3976
20201,3110855,6166
20201,3110854,2351
20201,3110853,3803
20201,3110852,3884
20201,3110851,2901
20201,3110850,8360
20201,3110849,3000
20201,3110848,2051
20201,3110847,1501
20201,3110846,2441
20201,3110845,194
20201,3110844,11
20201,3110843,1068
20201,3110842,81
20201,3110841,39
20201,3110840,147
20201,3110839,1336
20201,3110838,1146
20201,3110837,2382
20201,3110836,2002
20201,3110835,974
20201,3110834,197
20201,3110833,663
20201,3110832,4410
20201,3110831,416
20201,3110830,955
20201,3110829,1683
20201,3110828,5414
20201,3110827,1542
20201,3110826,1592
20201,3110825,2546
20201,3110824,2388
20201,3110823,10868
20201,3110822,3603
20201,3110821,6947
20201,3110820,2178
20201,3110819,5238
20201,3110818,3220
20201,3110817,3364
20201,3110816,2617
20201,3110815,4489
20201,3110814,3602
20201,3110813,3821
20201,3110812,2799
20201,3110811,3305
20201,3110810,2596
20201,3110809,1372
20201,3110808,664
20201,3110807,637
20201,3110806,2076
20201,3110805,173
20201,3110804,1333
20201,3110803,1786
20201,3110802,1293
20201,3110801,140
20201,3110800,3499
20201,3110799,791
20201,3110798,697
20201,3110797,338
20201,3110796,2443
20201,3110795,1263
20201,3110794,4216
20201,3110793,503
20201,3110792,4509
20201,3110791,630
20201,3110790,1290
20201,3110789,2596
20201,3110788,1246
20201,3110787,679
20201,3110786,3499
20201,3110785,676
20201,3110784,1196
20201,3110783,2395
20201,3110782,1992
20201,3110781,2090
20201,3110780,1072
20201,3110779,385
20201,3110778,9060
20201,3110777,23218
20201,3110776,3366
20201,3110775,2288
20201,3110774,5479
20201,3110773,3796
20201,3110772,1391
20201,3110771,2931
20201,3110770,3832
20201,3110769,1824
20201,3110768,373
20201,3110767,4095
20201,3110766,4301
20201,3110765,13093
20201,3110764,1962
20201,3110763,6437
20201,3110762,11000
20201,3110761,5802
20201,3110760,8380
20201,3110759,41421
20201,3110758,3674
20201,3110757,3104
20201,3110756,4751
20201,3110755,1584
20201,3110754,1456
20201,3110753,1814
20201,3110752,1581
20201,3110751,2705
20201,3110750,1345
20201,3110749,1292
20201,3110748,964
20201,3110747,637
20201,3110746,1613
20201,3110745,923
20201,3110744,1676
20201,3110743,2284
20201,3110742,770
20201,3110741,1642
20201,3110740,2807
20201,3110739,988
20201,3110738,3105
20201,3110737,2359
20201,3110736,3282
20201,3110735,2403
20201,3110734,1870
20201,3110733,1054
20201,3110732,3175
20201,3110731,2486
20201,3110730,2988
20201,3110729,3743
20201,3110728,3611
20201,3110727,1582
20201,3110726,115
20201,3110725,2452
20201,3110724,8347
20201,3110723,8175
20201,3110722,20633
20201,3110721,11814
20201,3110720,1931
20201,3110719,9444
20201,3110718,6504
20201,3110717,15237
20201,3110716,2018
20201,3110715,2781
20201,3110714,2157
20201,3110713,6116
20201,3110712,1892
20201,3110711,2908
20201,3110710,13397
20201,3110709,421
20201,3110708,1254
20201,3110707,2370
20201,3110706,1709
20201,3110705,1195
20201,3110704,369
20201,3110703,2857
20201,3110702,3706
20201,3110701,1075
20201,3110700,1740
20201,3110699,828
20201,3110698,3462
20201,3110697,638
20201,3110696,2611
20201,3110695,1910
20201,3110694,2039
20201,3110693,1979
20201,3110692,1873
20201,3110691,1020
20201,3110690,2442
20201,3110689,3431
20201,3110688,1388
20201,3110687,158
20201,3110686,889
20201,3110685,55
20201,3110684,369
20201,3110683,366
20201,3110682,217
20201,3110681,329
20201,3110680,885
20201,3110679,2594
20201,3110678,1215
20201,3110677,2079
20201,3110676,3108
20201,3110675,2955
20201,3110674,584
20201,3110673,3042
20201,3110672,628
20201,3110671,4995
20201,3110670,1061
20201,3110669,4260
20201,3110668,2637
20201,3110667,448
20201,3110666,858
20201,3110665,3383
20201,3110664,4644
20201,3110663,5620
20201,3110662,2612
20201,3110661,4009
20201,3110660,8713
20201,3110659,2775
20201,3110658,1672
20201,3110657,5871
20201,3110656,3118
20201,3110655,5760
20201,3110654,3271
20201,3110653,3010
20201,3110652,3956
20201,3110651,1859
20201,3110650,1035
20201,3110649,1461
20201,3110648,5867
20201,3110647,5170
20201,3110646,4438
20201,3110645,1638
20201,3110644,228
20201,3110643,1953
20201,3110642,470
20201,3110641,1053
20201,3110640,2591
20201,3110639,1471
20201,3110638,3944
20201,3110637,2669
20201,3110636,2566
20201,3110635,2325
20201,3110634,3924
20201,3110633,1971
20201,3110632,2662
20201,3110631,1150
20201,3110630,2366
20201,3110629,1600
20201,3110628,1780
20201,3110627,10306
20201,3110626,2499
20201,3110625,10132
20201,3110624,368
20201,3110623,452
20201,3110622,1861
20201,3110621,983
20201,3110620,1726
20201,3110619,1311
20201,3110618,3278
20201,3110617,1673
20201,3110616,4126
20201,3110615,6206
20201,3110614,2875
20201,3110613,6906
20201,3110612,6873
20201,3110611,2625
20201,3110610,1375
20201,3110609,1176
20201,3110608,2718
20201,3110607,1085
20201,3110606,3013
20201,3110605,1098
20201,3110604,2453
20201,3110603,939
20201,3110602,2091
20201,3110601,1786
20201,3110600,2956
20201,3110599,1590
20201,3110598,2697
20201,3110597,2700
20201,3110596,1260
20201,3110595,2286
20201,3110594,593
20201,3110593,1923
20201,3110592,1653
20201,3110591,2784
20201,3110590,1043
20201,3110589,674
20201,3110588,1798
20201,3110587,4366
20201,3110586,8088
20201,3110585,1357
20201,3110584,1193
20201,3110583,4365
20201,3110582,1200
20201,3110581,6947
20201,3110580,927
20201,3110579,6701
20201,3110578,2490
20201,3110577,6269
20201,3110576,2679
20201,3110575,1489
20201,3110574,1012
20201,3110573,1340
20201,3110572,3200
20201,3110571,1765
20201,3110570,1439
20201,3110569,3278
20201,3110568,772
20201,3110567,830
20201,3110566,5320
20201,3110565,1811
20201,3110564,3548
20201,3110563,1437
20201,3110562,2703
20201,3110561,2768
20201,3110560,3881
20201,3110559,3453
20201,3110558,4445
20201,3110557,4646
20201,3110556,536
20201,3110555,3889
20201,3110554,5490
20201,3110553,1370
20201,3110552,2816
20201,3110551,2778
20201,3110550,6591
20201,3110549,2110
20201,3110548,4042
20201,3110547,5513
20201,3110546,1335
20201,3110545,1565
20201,3110544,6503
20201,3110543,4
20201,3110542,3824
20201,3110541,2819
20201,3110540,612
20201,3110539,12622
20201,3110538,6721
20201,3110537,6609
20201,3110536,3058
20201,3110535,908
20201,3110534,2731
20201,3110533,4356
20201,3110532,1657
20201,3110531,1003
20201,3110530,1223
20201,3110529,1860
20201,3110528,1860
20201,3110527,1765
20201,3110526,101
20201,3110525,1782
20201,3110524,193
20201,3110523,166
20201,3110522,1458
20201,3110521,1518
20201,3110520,1329
20201,3110519,761
20201,3110518,1381
20201,3110517,2792
20201,3110516,733
20201,3110515,168
20201,3110514,1594
20201,3110513,3657
20201,3110512,1812
20201,3110511,3876
20201,3110510,783
20201,3110509,2462
20201,3110508,3564
20201,3110507,1729
20201,3110506,1690
20201,3110505,266
20201,3110504,349
20201,3110503,1457
20201,3110502,843
20201,3110501,673
20201,3110500,321
20201,3110499,517
20201,3110498,2183
20201,3110497,1131
20201,3110496,731
20201,3110495,1898
20201,3110494,405
20201,3110493,252
20201,3110492,186
20201,3110491,157
20201,3110490,1653
20201,3110489,868
20201,3110488,2027
20201,3110487,1916
20201,3110486,2193
20201,3110485,741
20201,3110484,2635
20201,3110483,1120
20201,3110482,179
20201,3110481,2247
20201,3110480,1517
20201,3110479,2089
20201,3110478,2109
20201,3110477,3031
20201,3110476,183
20201,3110475,861
20201,3110474,991
20201,3110473,2308
20201,3110472,2660
20201,3110471,1208
20201,3110470,861
20201,3110469,2187
20201,3110468,3361
20201,3110467,1197
20201,3110466,1068
20201,3110465,3023
20201,3110464,2760
20201,3110463,1142
20201,3110462,656
20201,3110461,1362
20201,3110460,2874
20201,3110459,2152
20201,3110458,1207
20201,3110457,2236
20201,3110456,1901
20201,3110455,2080
20201,3110454,1048
20201,3110453,1283
20201,3110452,1526
20201,3110451,2097
20201,3110450,1395
20201,3110449,1719
20201,3110448,331
20201,3110447,66
20201,3110446,493
20201,3110445,80
20201,3110444,598
20201,3110443,242
20201,3110442,146
20201,3110441,229
20201,3110440,172
20201,3110439,449
20201,3110438,1305
20201,3110437,476
20201,3110436,1249
20201,3110435,279
20201,3110434,2572
20201,3110433,3113
20201,3110432,554
20201,3110431,1343
20201,3110430,1164
20201,3110429,3917
20201,3110428,1403
20201,3110427,408
20201,3110426,956
20201,3110425,1535
20201,3110424,1231
20201,3110423,1119
20201,3110422,791
20201,3110421,1222
20201,3110420,413
20201,3110419,2691
20201,3110418,425
20201,3110417,163
20201,3110416,1644
20201,3110415,3003
20201,3110414,164
20201,3110413,521
20201,3110412,159
20201,3110411,959
20201,3110410,2219
20201,3110409,3524
20201,3110408,2156
20201,3110407,1326
20201,3110406,584
20201,3110405,2018
20201,3110404,1286
20201,3110403,2092
20201,3110402,1679
20201,3110401,2190
20201,3110400,2493
20201,3110399,1453
20201,3110398,1922
20201,3110397,1087
20201,3110396,1333
20201,3110395,1334
20201,3110394,1650
20201,3110393,1146
20201,3110392,160
20201,3110391,331
20201,3110390,1539
20201,3110389,582
20201,3110388,651
20201,3110387,355
20201,3110386,159
20201,3110385,56
20201,3110384,501
20201,3110383,404
20201,3110382,702
20201,3110381,207
20201,3110380,57
20201,3110379,176
20201,3110378,237
20201,3110377,931
20201,3110376,2083
20201,3110375,498
20201,3110374,688
20201,3110373,2792
20201,3110372,1019
20201,3110371,960
20201,3110370,772
20201,3110369,2478
20201,3110368,370
20201,3110367,2865
20201,3110366,1035
20201,3110365,985
20201,3110364,888
20201,3110363,224
20201,3110362,912
20201,3110361,542
20201,3110360,2643
20201,3110359,2364
20201,3110358,2848
20201,3110357,1398
20201,3110356,816
20201,3110355,736
20201,3110354,471
20201,3110353,1191
20201,3110352,449
20201,3110351,958
20201,3110350,1224
20201,3110349,205
20201,3110348,1409
20201,3110347,167
20201,3110346,612
20201,3110345,948
20201,3110344,153
20201,3110343,1076
20201,3110342,338
20201,3110341,476
20201,3110340,918
20201,3110339,578
20201,3110338,405
20201,3110337,798
20201,3110336,753
20201,3110335,1925
20201,3110334,835
20201,3110333,1563
20201,3110332,1198
20201,3110331,1591
20201,3110330,1716
20201,3110329,162
20201,3110328,1083
20201,3110327,1066
20201,3110326,230
20201,3110325,240
20201,3110324,1980
20201,3110323,2069
20201,3110322,252
20201,3110321,599
20201,3110320,5684
20201,3110319,8079
20201,3110318,3054
20201,3110317,5603
20201,3110316,1926
20201,3110315,11448
20201,3110314,9560
20201,3110313,1991
20201,3110312,1260
20201,3110311,720
20201,3110310,933
20201,3110309,2049
20201,3110308,1836
20201,3110307,2541
20201,3110306,945
20201,3110305,2780
20201,3110304,3285
20201,3110303,1474
20201,3110302,2527
20201,3110301,1329
20201,3110300,6870
20201,3110299,1743
20201,3110298,692
20201,3110297,9120
20201,3110296,2773
20201,3110295,1644
20201,3110294,1379
20201,3110293,7816
20201,3110292,730
20201,3110291,2394
20201,3110290,445
20201,3110289,1123
20201,3110288,7764
20201,3110287,182
20201,3110286,7864
20201,3110285,4477
20201,3110284,353
20201,3110283,3884
20201,3110282,191
20201,3110281,1531
20201,3110280,1671
20201,3110279,433
20201,3110278,1068
20201,3110277,1328
20201,3110276,244
20201,3110275,1330
20201,3110274,821
20201,3110273,1449
20201,3110272,1531
20201,3110271,203
20201,3110270,569
20201,3110269,946
20201,3110268,845
20201,3110267,1256
20201,3110266,1171
20201,3110265,3299
20201,3110264,1430
20201,3110263,2679
20201,3110262,3159
20201,3110261,1769
20201,3110260,1893
20201,3110259,1354
20201,3110258,897
20201,3110257,1619
20201,3110256,2794
20201,3110255,3597
20201,3110254,1212
20201,3110253,1003
20201,3110252,1336
20201,3110251,860
20201,3110250,564
20201,3110249,2017
20201,3110248,266
20201,3110247,1648
20201,3110246,1521
20201,3110245,742
20201,3110244,1457
20201,3110243,1052
20201,3110242,934
20201,3110241,2379
20201,3110240,301
20201,3110239,142
20201,3110238,595
20201,3110237,1449
20201,3110236,1692
20201,3110235,154
20201,3110234,1169
20201,3110233,890
20201,3110232,2497
20201,3110231,344
20201,3110230,3656
20201,3110229,5531
20201,3110228,4113
20201,3110227,1284
20201,3110226,7097
20201,3110225,1284
20201,3110224,509
20201,3110223,4110
20201,3110222,937
20201,3110221,268
20201,3110220,1089
20201,3110219,2096
20201,3110218,1678
20201,3110217,2471
20201,3110216,574
20201,3110215,1403
20201,3110214,793
20201,3110213,536
20201,3110212,1713
20201,3110211,1217
20201,3110210,1460
20201,3110209,645
20201,3110208,598
20201,3110207,1749
20201,3110206,649
20201,3110205,531
20201,3110204,811
20201,3110203,1430
20201,3110202,567
20201,3110201,168
20201,3110200,1059
20201,3110199,1853
20201,3110198,1870
20201,3110197,92
20201,3110196,410
20201,3110195,3038
20201,3110194,1988
20201,3110193,744
20201,3110192,2424
20201,3110191,626
20201,3110190,965
20201,3110189,2457
20201,3110188,6762
20201,3110187,5761
20201,3110186,897
20201,3110185,5910
20201,3110184,4060
20201,3110183,3214
20201,3110182,2881
20201,3110181,10649
20201,3110180,3542
20201,3110179,1883
20201,3110178,1883
20201,3110177,158
20201,3110176,2249
20201,3110175,4173
20201,3110174,2904
20201,3110173,2955
20201,3110172,2531
20201,3110171,1561
20201,3110170,2986
20201,3110169,3828
20201,3110168,916
20201,3110167,3561
20201,3110166,4756
20201,3110165,1454
20201,3110164,1970
20201,3110163,1967
20201,3110162,2406
20201,3110161,1066
20201,3110160,903
20201,3110159,8575
20201,3110158,1375
20201,3110157,2233
20201,3110156,2564
20201,3110155,5674
20201,3110154,3843
20201,3110153,2864
20201,3110152,1026
20201,3110151,2540
20201,3110150,3863
20201,3110149,851
20201,3110148,236
20201,3110147,1758
20201,3110146,1323
20201,3110145,411
20201,3110144,459
20201,3110143,239
20201,3110142,2411
20201,3110141,2375
20201,3110140,4694
20201,3110139,922
20201,3110138,1767
20201,3110137,14555
20201,3110136,11209
20201,3110135,6734
20201,3110134,2341
20201,3110133,3105
20201,3110132,4614
20201,3110131,11102
20201,3110130,570
20201,3110129,4864
20201,3110128,2358
20201,3110127,3333
20201,3110126,1593
20201,3110125,308
20201,3110124,2282
20201,3110123,1559
20201,3110122,1564
20201,3110121,142
20201,3110120,261
20201,3110119,1254
20201,3110118,868
20201,3110117,2270
20201,3110116,5307
20201,3110115,2710
20201,3110114,1342
20201,3110113,422
20201,3110112,1042
20201,3110111,192
20201,3110110,879
20201,3110109,1292
20201,3110108,656
20201,3110107,1170
20201,3110106,389
20201,3110105,1542
20201,3110104,363
20201,3110103,813
20201,3110102,1215
20201,3110101,576
20201,3110100,576
20201,3110099,8514
20201,3110098,8191
20201,3110097,5362
20201,3110096,2476
20201,3110095,21048
20201,3110094,234
20201,3110093,20138
20201,3110092,965
20201,3110091,19459
20201,3110090,2341
20201,3110089,4816
20201,3110088,3559
20201,3110087,13299
20201,3110086,21407
20201,3110085,2761
20201,3110084,1344
20201,3110083,4754
20201,3110082,18992
20201,3110081,866
20201,3110080,773
20201,3110079,12713
20201,3110078,1289
20201,3110077,2257
20201,3110076,2621
20201,3110075,7274
20201,3110074,7899
20201,3110073,8275
20201,3110072,972
20201,3110071,1649
20201,3110070,406
20201,3110069,6228
20201,3110068,8638
20201,3110067,4005
20201,3110066,1979
20201,3110065,2283
20201,3110064,2626
20201,3110063,4183
20201,3110062,12183
20201,3110061,1605
20201,3110060,3080
20201,3110059,1614
20201,3110058,4896
20201,3110057,755
20201,3110056,1680
20201,3110055,692
20201,3110054,9315
20201,3110053,1822
20201,3110052,4670
20201,3110051,3466
20201,3110050,11220
20201,3110049,10328
20201,3110048,9377
20201,3110047,10703
20201,3110046,3621
20201,3110045,16872
20201,3110044,10360
20201,3110043,11076
20201,3110042,3747
20201,3110041,6843
20201,3110040,8864
20201,3110039,22182
20201,3110038,10046
20201,3110037,2065
20201,3110036,1555
20201,3110035,2005
20201,3110034,1977
20201,3110033,346
20201,3110032,2722
20201,3110031,241
20201,3110030,1597
20201,3110029,1509
20201,3110028,3076
20201,3110027,1341
20201,3110026,4323
20201,3110025,3042
20201,3110024,3262
20201,3110023,471
20201,3110022,4104
20201,3110021,2455
20201,3110020,1357
20201,3110019,4778
20201,3110018,9681
20201,3110017,4529
20201,3110016,4228
20201,3110015,4358
20201,3110014,1417
20201,3110013,3955
20201,3110012,27629
20201,3110011,631
20201,3110010,5899
20201,3110009,477
20201,3110008,5943
20201,3110007,1876
20201,3110006,262
20201,3110005,1871
20201,3110004,242
20201,3110003,4460
20201,3110002,426
20201,3110001,4020
20194,3111090,125
20194,3111089,1247
20194,3111088,708
20194,3111087,380
20194,3111086,422
20194,3111085,1016
20194,3111084,614
20194,3111083,1601
20194,3111082,302
20194,3111081,1009
20194,3111080,3465
20194,3111079,1002
20194,3111078,4046
20194,3111077,6929
20194,3111076,2773
20194,3111075,3066
20194,3111074,1504
20194,3111073,5172
20194,3111072,2244
20194,3111071,1894
20194,3111070,1045
20194,3111069,1136
20194,3111068,3648
20194,3111067,6403
20194,3111066,1113
20194,3111065,365
20194,3111064,2812
20194,3111063,749
20194,3111062,4120
20194,3111061,3870
20194,3111060,2713
20194,3111059,4590
20194,3111058,2626
20194,3111057,961
20194,3111056,1788
20194,3111055,1501
20194,3111054,2151
20194,3111053,10457
20194,3111052,1717
20194,3111051,3278
20194,3111050,3956
20194,3111049,1338
20194,3111048,1333
20194,3111047,483
20194,3111046,1981
20194,3111045,930
20194,3111044,1779
20194,3111043,1318
20194,3111042,4779
20194,3111041,1414
20194,3111040,2729
20194,3111039,5393
20194,3111038,4199
20194,3111037,3418
20194,3111036,1304
20194,3111035,5680
20194,3111034,6515
20194,3111033,2308
20194,3111032,12270
20194,3111031,5835
20194,3111030,9066
20194,3111029,4494
20194,3111028,6147
20194,3111027,28298
20194,3111026,23673
20194,3111025,8869
20194,3111024,16909
20194,3111023,21815
20194,3111022,8139
20194,3111021,11157
20194,3111020,576
20194,3111019,13344
20194,3111018,197
20194,3111017,3561
20194,3111016,5029
20194,3111015,10554
20194,3111014,14991
20194,3111013,18867
20194,3111012,5101
20194,3111011,3061
20194,3111010,9144
20194,3111009,1105
20194,3111008,2904
20194,3111007,2467
20194,3111006,4478
20194,3111005,2071
20194,3111004,6669
20194,3111003,3763
20194,3111002,113
20194,3111001,121
20194,3111000,115
20194,3110999,195
20194,3110998,78
20194,3110997,1708
20194,3110996,24919
20194,3110995,15848
20194,3110994,2290
20194,3110993,2438
20194,3110992,22413
20194,3110991,54476
20194,3110990,10629
20194,3110989,15321
20194,3110988,10556
20194,3110987,7212
20194,3110986,13093
20194,3110985,14386
20194,3110984,4545
20194,3110983,4487
20194,3110982,3670
20194,3110981,8106
20194,3110980,23856
20194,3110979,9827
20194,3110978,49031
20194,3110977,12906
20194,3110976,11281
20194,3110975,31632
20194,3110974,11820
20194,3110973,11481
20194,3110972,15731
20194,3110971,30609
20194,3110970,11581
20194,3110969,34627
20194,3110968,16885
20194,3110967,25493
20194,3110966,23245
20194,3110965,15586
20194,3110964,11048
20194,3110963,22230
20194,3110962,10170
20194,3110961,16680
20194,3110960,24527
20194,3110959,9544
20194,3110958,22150
20194,3110957,21163
20194,3110956,10898
20194,3110955,19481
20194,3110954,13728
20194,3110953,17032
20194,3110952,7028
20194,3110951,11563
20194,3110950,14311
20194,3110949,8368
20194,3110948,674
20194,3110947,556
20194,3110946,455
20194,3110945,146
20194,3110944,415
20194,3110943,6981
20194,3110942,10237
20194,3110941,4007
20194,3110940,6606
20194,3110939,54885
20194,3110938,6618
20194,3110937,7718
20194,3110936,4766
20194,3110935,5330
20194,3110934,662
20194,3110933,6252
20194,3110932,5644
20194,3110931,79
20194,3110930,9343
20194,3110929,24632
20194,3110928,14771
20194,3110927,306
20194,3110926,11364
20194,3110925,5643
20194,3110924,10048
20194,3110923,7758
20194,3110922,13073
20194,3110921,10712
20194,3110920,8579
20194,3110919,10208
20194,3110918,8441
20194,3110917,4972
20194,3110916,16591
20194,3110915,4620
20194,3110914,6939
20194,3110913,7954
20194,3110912,2531
20194,3110911,7056
20194,3110910,11287
20194,3110909,435
20194,3110908,11263
20194,3110907,13222
20194,3110906,7205
20194,3110905,3263
20194,3110904,6343
20194,3110903,11483
20194,3110902,4479
20194,3110901,823
20194,3110900,1547
20194,3110899,646
20194,3110898,316
20194,3110897,4415
20194,3110896,1146
20194,3110895,6637
20194,3110894,333
20194,3110893,870
20194,3110892,5498
20194,3110891,1299
20194,3110890,2045
20194,3110889,270
20194,3110888,1021
20194,3110887,484
20194,3110886,1138
20194,3110885,987
20194,3110884,1176
20194,3110883,1195
20194,3110882,1970
20194,3110881,1510
20194,3110880,1468
20194,3110879,1095
20194,3110878,363
20194,3110877,2236
20194,3110876,545
20194,3110875,594
20194,3110874,921
20194,3110873,4691
20194,3110872,163
20194,3110871,1420
20194,3110870,94
20194,3110869,5533
20194,3110868,2495
20194,3110867,2529
20194,3110866,653
20194,3110865,1629
20194,3110864,1597
20194,3110863,1627
20194,3110862,1186
20194,3110861,5280
20194,3110860,3717
20194,3110859,544
20194,3110858,1586
20194,3110857,1392
20194,3110856,3976
20194,3110855,6166
20194,3110854,2351
20194,3110853,3803
20194,3110852,3884
20194,3110851,2901
20194,3110850,8360
20194,3110849,3000
20194,3110848,2051
20194,3110847,1501
20194,3110846,2441
20194,3110845,194
20194,3110844,11
20194,3110843,1068
20194,3110842,81
20194,3110841,39
20194,3110840,147
20194,3110839,1336
20194,3110838,1146
20194,3110837,2382
20194,3110836,2002
20194,3110835,974
20194,3110834,197
20194,3110833,663
20194,3110832,4410
20194,3110831,416
20194,3110830,955
20194,3110829,1683
20194,3110828,5414
20194,3110827,1542
20194,3110826,1592
20194,3110825,2546
20194,3110824,2388
20194,3110823,10868
20194,3110822,3603
20194,3110821,6947
20194,3110820,2178
20194,3110819,5238
20194,3110818,3220
20194,3110817,3364
20194,3110816,2617
20194,3110815,4489
20194,3110814,3602
20194,3110813,3821
20194,3110812,2799
20194,3110811,3305
20194,3110810,2596
20194,3110809,1372
20194,3110808,664
20194,3110807,637
20194,3110806,2076
20194,3110805,173
20194,3110804,1333
20194,3110803,1786
20194,3110802,1293
20194,3110801,140
20194,3110800,3499
20194,3110799,791
20194,3110798,697
20194,3110797,338
20194,3110796,2443
20194,3110795,1263
20194,3110794,4216
20194,3110793,503
20194,3110792,4509
20194,3110791,630
20194,3110790,1290
20194,3110789,2596
20194,3110788,1246
20194,3110787,679
20194,3110786,3499
20194,3110785,676
20194,3110784,1196
20194,3110783,2395
20194,3110782,1992
20194,3110781,2090
20194,3110780,1072
20194,3110779,385
20194,3110778,9060
20194,3110777,23218
20194,3110776,3366
20194,3110775,2288
20194,3110774,5479
20194,3110773,3796
20194,3110772,1391
20194,3110771,2931
20194,3110770,3832
20194,3110769,1824
20194,3110768,373
20194,3110767,4095
20194,3110766,4301
20194,3110765,13093
20194,3110764,1962
20194,3110763,6437
20194,3110762,11000
20194,3110761,5802
20194,3110760,8380
20194,3110759,41421
20194,3110758,3674
20194,3110757,3104
20194,3110756,4751
20194,3110755,1584
20194,3110754,1456
20194,3110753,1814
20194,3110752,1581
20194,3110751,2705
20194,3110750,1345
20194,3110749,1292
20194,3110748,964
20194,3110747,637
20194,3110746,1613
20194,3110745,923
20194,3110744,1676
20194,3110743,2284
20194,3110742,770
20194,3110741,1642
20194,3110740,2807
20194,3110739,988
20194,3110738,3105
20194,3110737,2359
20194,3110736,3282
20194,3110735,2403
20194,3110734,1870
20194,3110733,1054
20194,3110732,3175
20194,3110731,2486
20194,3110730,2988
20194,3110729,3743
20194,3110728,3611
20194,3110727,1582
20194,3110726,115
20194,3110725,2452
20194,3110724,8347
20194,3110723,8175
20194,3110722,20633
20194,3110721,11814
20194,3110720,1931
20194,3110719,9444
20194,3110718,6504
20194,3110717,15237
20194,3110716,2018
20194,3110715,2781
20194,3110714,2157
20194,3110713,6116
20194,3110712,1892
20194,3110711,2908
20194,3110710,13397
20194,3110709,421
20194,3110708,1254
20194,3110707,2370
20194,3110706,1709
20194,3110705,1195
20194,3110704,369
20194,3110703,2857
20194,3110702,3706
20194,3110701,1075
20194,3110700,1740
20194,3110699,828
20194,3110698,3462
20194,3110697,638
20194,3110696,2611
20194,3110695,1910
20194,3110694,2039
20194,3110693,1979
20194,3110692,1873
20194,3110691,1020
20194,3110690,2442
20194,3110689,3431
20194,3110688,1388
20194,3110687,158
20194,3110686,889
20194,3110685,55
20194,3110684,369
20194,3110683,366
20194,3110682,217
20194,3110681,329
20194,3110680,885
20194,3110679,2594
20194,3110678,1215
20194,3110677,2079
20194,3110676,3108
20194,3110675,2955
20194,3110674,584
20194,3110673,3042
20194,3110672,628
20194,3110671,4995
20194,3110670,1061
20194,3110669,4260
20194,3110668,2637
20194,3110667,448
20194,3110666,858
20194,3110665,3383
20194,3110664,4644
20194,3110663,5620
20194,3110662,2612
20194,3110661,4009
20194,3110660,8713
20194,3110659,2775
20194,3110658,1672
20194,3110657,5871
20194,3110656,3118
20194,3110655,5760
20194,3110654,3271
20194,3110653,3010
20194,3110652,3956
20194,3110651,1859
20194,3110650,1035
20194,3110649,1461
20194,3110648,5867
20194,3110647,5170
20194,3110646,4438
20194,3110645,1638
20194,3110644,228
20194,3110643,1953
20194,3110642,470
20194,3110641,1053
20194,3110640,2591
20194,3110639,1471
20194,3110638,3944
20194,3110637,2669
20194,3110636,2566
20194,3110635,2325
20194,3110634,3924
20194,3110633,1971
20194,3110632,2662
20194,3110631,1150
20194,3110630,2366
20194,3110629,1600
20194,3110628,1780
20194,3110627,10306
20194,3110626,2499
20194,3110625,10132
20194,3110624,368
20194,3110623,452
20194,3110622,1861
20194,3110621,983
20194,3110620,1726
20194,3110619,1311
20194,3110618,3278
20194,3110617,1673
20194,3110616,4126
20194,3110615,6206
20194,3110614,2875
20194,3110613,6906
20194,3110612,6873
20194,3110611,2625
20194,3110610,1375
20194,3110609,1176
20194,3110608,2718
20194,3110607,1085
20194,3110606,3013
20194,3110605,1098
20194,3110604,2453
20194,3110603,939
20194,3110602,2091
20194,3110601,1786
20194,3110600,2956
20194,3110599,1590
20194,3110598,2697
20194,3110597,2700
20194,3110596,1260
20194,3110595,2286
20194,3110594,593
20194,3110593,1923
20194,3110592,1653
20194,3110591,2784
20194,3110590,1043
20194,3110589,674
20194,3110588,1798
20194,3110587,4366
20194,3110586,8088
20194,3110585,1357
20194,3110584,1193
20194,3110583,4365
20194,3110582,1200
20194,3110581,6947
20194,3110580,927
20194,3110579,6701
20194,3110578,2490
20194,3110577,6269
20194,3110576,2679
20194,3110575,1489
20194,3110574,1012
20194,3110573,1340
20194,3110572,3200
20194,3110571,1765
20194,3110570,1439
20194,3110569,3278
20194,3110568,772
20194,3110567,830
20194,3110566,5320
20194,3110565,1811
20194,3110564,3548
20194,3110563,1437
20194,3110562,2703
20194,3110561,2768
20194,3110560,3881
20194,3110559,3453
20194,3110558,4445
20194,3110557,4646
20194,3110556,536
20194,3110555,3889
20194,3110554,5490
20194,3110553,1370
20194,3110552,2816
20194,3110551,2778
20194,3110550,6591
20194,3110549,2110
20194,3110548,4042
20194,3110547,5513
20194,3110546,1335
20194,3110545,1565
20194,3110544,6503
20194,3110543,4
20194,3110542,3824
20194,3110541,2819
20194,3110540,612
20194,3110539,12622
20194,3110538,6721
20194,3110537,6609
20194,3110536,3058
20194,3110535,908
20194,3110534,2731
20194,3110533,4356
20194,3110532,1657
20194,3110531,1003
20194,3110530,1223
20194,3110529,1860
20194,3110528,1860
20194,3110527,1765
20194,3110526,101
20194,3110525,1782
20194,3110524,193
20194,3110523,166
20194,3110522,1458
20194,3110521,1518
20194,3110520,1329
20194,3110519,761
20194,3110518,1381
20194,3110517,2792
20194,3110516,733
20194,3110515,168
20194,3110514,1594
20194,3110513,3657
20194,3110512,1812
20194,3110511,3876
20194,3110510,783
20194,3110509,2462
20194,3110508,3564
20194,3110507,1729
20194,3110506,1690
20194,3110505,266
20194,3110504,349
20194,3110503,1457
20194,3110502,843
20194,3110501,673
20194,3110500,321
20194,3110499,517
20194,3110498,2183
20194,3110497,1131
20194,3110496,731
20194,3110495,1898
20194,3110494,405
20194,3110493,252
20194,3110492,186
20194,3110491,157
20194,3110490,1653
20194,3110489,868
20194,3110488,2027
20194,3110487,1916
20194,3110486,2193
20194,3110485,741
20194,3110484,2635
20194,3110483,1120
20194,3110482,179
20194,3110481,2247
20194,3110480,1517
20194,3110479,2089
20194,3110478,2109
20194,3110477,3031
20194,3110476,183
20194,3110475,861
20194,3110474,991
20194,3110473,2308
20194,3110472,2660
20194,3110471,1208
20194,3110470,861
20194,3110469,2187
20194,3110468,3361
20194,3110467,1197
20194,3110466,1068
20194,3110465,3023
20194,3110464,2760
20194,3110463,1142
20194,3110462,656
20194,3110461,1362
20194,3110460,2874
20194,3110459,2152
20194,3110458,1207
20194,3110457,2236
20194,3110456,1901
20194,3110455,2080
20194,3110454,1048
20194,3110453,1283
20194,3110452,1526
20194,3110451,2097
20194,3110450,1395
20194,3110449,1719
20194,3110448,331
20194,3110447,66
20194,3110446,493
20194,3110445,80
20194,3110444,598
20194,3110443,242
20194,3110442,146
20194,3110441,229
20194,3110440,172
20194,3110439,449
20194,3110438,1305
20194,3110437,476
20194,3110436,1249
20194,3110435,279
20194,3110434,2572
20194,3110433,3113
20194,3110432,554
20194,3110431,1343
20194,3110430,1164
20194,3110429,3917
20194,3110428,1403
20194,3110427,408
20194,3110426,956
20194,3110425,1535
20194,3110424,1231
20194,3110423,1119
20194,3110422,791
20194,3110421,1222
20194,3110420,413
20194,3110419,2691
20194,3110418,425
20194,3110417,163
20194,3110416,1644
20194,3110415,3003
20194,3110414,164
20194,3110413,521
20194,3110412,159
20194,3110411,959
20194,3110410,2219
20194,3110409,3524
20194,3110408,2156
20194,3110407,1326
20194,3110406,584
20194,3110405,2018
20194,3110404,1286
20194,3110403,2092
20194,3110402,1679
20194,3110401,2190
20194,3110400,2493
20194,3110399,1453
20194,3110398,1922
20194,3110397,1087
20194,3110396,1333
20194,3110395,1334
20194,3110394,1650
20194,3110393,1146
20194,3110392,160
20194,3110391,331
20194,3110390,1539
20194,3110389,582
20194,3110388,651
20194,3110387,355
20194,3110386,159
20194,3110385,56
20194,3110384,501
20194,3110383,404
20194,3110382,702
20194,3110381,207
20194,3110380,57
20194,3110379,176
20194,3110378,237
20194,3110377,931
20194,3110376,2083
20194,3110375,498
20194,3110374,688
20194,3110373,2792
20194,3110372,1019
20194,3110371,960
20194,3110370,772
20194,3110369,2478
20194,3110368,370
20194,3110367,2865
20194,3110366,1035
20194,3110365,985
20194,3110364,888
20194,3110363,224
20194,3110362,912
20194,3110361,542
20194,3110360,2643
20194,3110359,2364
20194,3110358,2848
20194,3110357,1398
20194,3110356,816
20194,3110355,736
20194,3110354,471
20194,3110353,1191
20194,3110352,449
20194,3110351,958
20194,3110350,1224
20194,3110349,205
20194,3110348,1409
20194,3110347,167
20194,3110346,612
20194,3110345,948
20194,3110344,153
20194,3110343,1076
20194,3110342,338
20194,3110341,476
20194,3110340,918
20194,3110339,578
20194,3110338,405
20194,3110337,798
20194,3110336,753
20194,3110335,1925
20194,3110334,835
20194,3110333,1563
20194,3110332,1198
20194,3110331,1591
20194,3110330,1716
20194,3110329,162
20194,3110328,1083
20194,3110327,1066
20194,3110326,230
20194,3110325,240
20194,3110324,1980
20194,3110323,2069
20194,3110322,252
20194,3110321,599
20194,3110320,5684
20194,3110319,8079
20194,3110318,3054
20194,3110317,5603
20194,3110316,1926
20194,3110315,11448
20194,3110314,9560
20194,3110313,1991
20194,3110312,1260
20194,3110311,720
20194,3110310,933
20194,3110309,2049
20194,3110308,1836
20194,3110307,2541
20194,3110306,945
20194,3110305,2780
20194,3110304,3285
20194,3110303,1474
20194,3110302,2527
20194,3110301,1329
20194,3110300,6870
20194,3110299,1743
20194,3110298,692
20194,3110297,9120
20194,3110296,2773
20194,3110295,1644
20194,3110294,1379
20194,3110293,7816
20194,3110292,730
20194,3110291,2394
20194,3110290,445
20194,3110289,1123
20194,3110288,7764
20194,3110287,182
20194,3110286,7864
20194,3110285,4477
20194,3110284,353
20194,3110283,3884
20194,3110282,191
20194,3110281,1531
20194,3110280,1671
20194,3110279,433
20194,3110278,1068
20194,3110277,1328
20194,3110276,244
20194,3110275,1330
20194,3110274,821
20194,3110273,1449
20194,3110272,1531
20194,3110271,203
20194,3110270,569
20194,3110269,946
20194,3110268,845
20194,3110267,1256
20194,3110266,1171
20194,3110265,3299
20194,3110264,1430
20194,3110263,2679
20194,3110262,3159
20194,3110261,1769
20194,3110260,1893
20194,3110259,1354
20194,3110258,897
20194,3110257,1619
20194,3110256,2794
20194,3110255,3597
20194,3110254,1212
20194,3110253,1003
20194,3110252,1336
20194,3110251,860
20194,3110250,564
20194,3110249,2017
20194,3110248,266
20194,3110247,1648
20194,3110246,1521
20194,3110245,742
20194,3110244,1457
20194,3110243,1052
20194,3110242,934
20194,3110241,2379
20194,3110240,301
20194,3110239,142
20194,3110238,595
20194,3110237,1449
20194,3110236,1692
20194,3110235,154
20194,3110234,1169
20194,3110233,890
20194,3110232,2497
20194,3110231,344
20194,3110230,3656
20194,3110229,5531
20194,3110228,4113
20194,3110227,1284
20194,3110226,7097
20194,3110225,1284
20194,3110224,509
20194,3110223,4110
20194,3110222,937
20194,3110221,268
20194,3110220,1089
20194,3110219,2096
20194,3110218,1678
20194,3110217,2471
20194,3110216,574
20194,3110215,1403
20194,3110214,793
20194,3110213,536
20194,3110212,1713
20194,3110211,1217
20194,3110210,1460
20194,3110209,645
20194,3110208,598
20194,3110207,1749
20194,3110206,649
20194,3110205,531
20194,3110204,811
20194,3110203,1430
20194,3110202,567
20194,3110201,168
20194,3110200,1059
20194,3110199,1853
20194,3110198,1870
20194,3110197,92
20194,3110196,410
20194,3110195,3038
20194,3110194,1988
20194,3110193,744
20194,3110192,2424
20194,3110191,626
20194,3110190,965
20194,3110189,2457
20194,3110188,6762
20194,3110187,5761
20194,3110186,897
20194,3110185,5910
20194,3110184,4060
20194,3110183,3214
20194,3110182,2881
20194,3110181,10649
20194,3110180,3542
20194,3110179,1883
20194,3110178,1883
20194,3110177,158
20194,3110176,2249
20194,3110175,4173
20194,3110174,2904
20194,3110173,2955
20194,3110172,2531
20194,3110171,1561
20194,3110170,2986
20194,3110169,3828
20194,3110168,916
20194,3110167,3561
20194,3110166,4756
20194,3110165,1454
20194,3110164,1970
20194,3110163,1967
20194,3110162,2406
20194,3110161,1066
20194,3110160,903
20194,3110159,8575
20194,3110158,1375
20194,3110157,2233
20194,3110156,2564
20194,3110155,5674
20194,3110154,3843
20194,3110153,2864
20194,3110152,1026
20194,3110151,2540
20194,3110150,3863
20194,3110149,851
20194,3110148,236
20194,3110147,1758
20194,3110146,1323
20194,3110145,411
20194,3110144,459
20194,3110143,239
20194,3110142,2411
20194,3110141,2375
20194,3110140,4694
20194,3110139,922
20194,3110138,1767
20194,3110137,14555
20194,3110136,11209
20194,3110135,6734
20194,3110134,2341
20194,3110133,3105
20194,3110132,4614
20194,3110131,11102
20194,3110130,570
20194,3110129,4864
20194,3110128,2358
20194,3110127,3333
20194,3110126,1593
20194,3110125,308
20194,3110124,2282
20194,3110123,1559
20194,3110122,1564
20194,3110121,142
20194,3110120,261
20194,3110119,1254
20194,3110118,868
20194,3110117,2270
20194,3110116,5307
20194,3110115,2710
20194,3110114,1342
20194,3110113,422
20194,3110112,1042
20194,3110111,192
20194,3110110,879
20194,3110109,1292
20194,3110108,656
20194,3110107,1170
20194,3110106,389
20194,3110105,1542
20194,3110104,363
20194,3110103,813
20194,3110102,1215
20194,3110101,576
20194,3110100,576
20194,3110099,8514
20194,3110098,8191
20194,3110097,5362
20194,3110096,2476
20194,3110095,21048
20194,3110094,234
20194,3110093,20138
20194,3110092,965
20194,3110091,19459
20194,3110090,2341
20194,3110089,4816
20194,3110088,3559
20194,3110087,13299
20194,3110086,21407
20194,3110085,2761
20194,3110084,1344
20194,3110083,4754
20194,3110082,18992
20194,3110081,866
20194,3110080,773
20194,3110079,12713
20194,3110078,1289
20194,3110077,2257
20194,3110076,2621
20194,3110075,7274
20194,3110074,7899
20194,3110073,8275
20194,3110072,972
20194,3110071,1649
20194,3110070,406
20194,3110069,6228
20194,3110068,8638
20194,3110067,4005
20194,3110066,1979
20194,3110065,2283
20194,3110064,2626
20194,3110063,4183
20194,3110062,12183
20194,3110061,1605
20194,3110060,3080
20194,3110059,1614
20194,3110058,4896
20194,3110057,755
20194,3110056,1680
20194,3110055,692
20194,3110054,9315
20194,3110053,1822
20194,3110052,4670
20194,3110051,3466
20194,3110050,11220
20194,3110049,10328
20194,3110048,9377
20194,3110047,10703
20194,3110046,3621
20194,3110045,16872
20194,3110044,10360
20194,3110043,11076
20194,3110042,3747
20194,3110041,6843
20194,3110040,8864
20194,3110039,22182
20194,3110038,10046
20194,3110037,2065
20194,3110036,1555
20194,3110035,2005
20194,3110034,1977
20194,3110033,346
20194,3110032,2722
20194,3110031,241
20194,3110030,1597
20194,3110029,1509
20194,3110028,3076
20194,3110027,1341
20194,3110026,4323
20194,3110025,3042
20194,3110024,3262
20194,3110023,471
20194,3110022,4104
20194,3110021,2455
20194,3110020,1357
20194,3110019,4778
20194,3110018,9681
20194,3110017,4529
20194,3110016,4228
20194,3110015,4358
20194,3110014,1417
20194,3110013,3955
20194,3110012,27629
20194,3110011,631
20194,3110010,5899
20194,3110009,477
20194,3110008,5943
20194,3110007,1876
20194,3110006,262
20194,3110005,1871
20194,3110004,242
20194,3110003,4460
20194,3110002,426
20194,3110001,4020
20193,3111090,125
20193,3111089,1247
20193,3111088,708
20193,3111087,380
20193,3111086,422
20193,3111085,1016
20193,3111084,614
20193,3111083,1601
20193,3111082,302
20193,3111081,1009
20193,3111080,3465
20193,3111079,1002
20193,3111078,4046
20193,3111077,6929
20193,3111076,2773
20193,3111075,3066
20193,3111074,1504
20193,3111073,5172
20193,3111072,2244
20193,3111071,1894
20193,3111070,1045
20193,3111069,1136
20193,3111068,3648
20193,3111067,6403
20193,3111066,1113
20193,3111065,365
20193,3111064,2812
20193,3111063,749
20193,3111062,4120
20193,3111061,3870
20193,3111060,2713
20193,3111059,4590
20193,3111058,2626
20193,3111057,961
20193,3111056,1788
20193,3111055,1501
20193,3111054,2151
20193,3111053,10457
20193,3111052,1717
20193,3111051,3278
20193,3111050,3956
20193,3111049,1338
20193,3111048,1333
20193,3111047,483
20193,3111046,1981
20193,3111045,930
20193,3111044,1779
20193,3111043,1318
20193,3111042,4779
20193,3111041,1414
20193,3111040,2729
20193,3111039,5393
20193,3111038,4199
20193,3111037,3418
20193,3111036,1304
20193,3111035,5680
20193,3111034,6515
20193,3111033,2308
20193,3111032,12270
20193,3111031,5835
20193,3111030,9066
20193,3111029,4494
20193,3111028,6147
20193,3111027,28298
20193,3111026,23673
20193,3111025,8869
20193,3111024,16909
20193,3111023,21815
20193,3111022,8139
20193,3111021,11157
20193,3111020,576
20193,3111019,13344
20193,3111018,197
20193,3111017,3561
20193,3111016,5029
20193,3111015,10554
20193,3111014,14991
20193,3111013,18867
20193,3111012,5101
20193,3111011,3061
20193,3111010,9144
20193,3111009,1105
20193,3111008,2904
20193,3111007,2467
20193,3111006,4478
20193,3111005,2071
20193,3111004,6669
20193,3111003,3763
20193,3111002,113
20193,3111001,121
20193,3111000,115
20193,3110999,195
20193,3110998,78
20193,3110997,1708
20193,3110996,24919
20193,3110995,15848
20193,3110994,2290
20193,3110993,2438
20193,3110992,22413
20193,3110991,54476
20193,3110990,10629
20193,3110989,15321
20193,3110988,10556
20193,3110987,7212
20193,3110986,13093
20193,3110985,14386
20193,3110984,4545
20193,3110983,4487
20193,3110982,3670
20193,3110981,8106
20193,3110980,23856
20193,3110979,9827
20193,3110978,49031
20193,3110977,12906
20193,3110976,11281
20193,3110975,31632
20193,3110974,11820
20193,3110973,11481
20193,3110972,15731
20193,3110971,30609
20193,3110970,11581
20193,3110969,34627
20193,3110968,16885
20193,3110967,25493
20193,3110966,23245
20193,3110965,15586
20193,3110964,11048
20193,3110963,22230
20193,3110962,10170
20193,3110961,16680
20193,3110960,24527
20193,3110959,9544
20193,3110958,22150
20193,3110957,21163
20193,3110956,10898
20193,3110955,19481
20193,3110954,13728
20193,3110953,17032
20193,3110952,7028
20193,3110951,11563
20193,3110950,14311
20193,3110949,8368
20193,3110948,674
20193,3110947,556
20193,3110946,455
20193,3110945,146
20193,3110944,415
20193,3110943,6981
20193,3110942,10237
20193,3110941,4007
20193,3110940,6606
20193,3110939,54885
20193,3110938,6618
20193,3110937,7718
20193,3110936,4766
20193,3110935,5330
20193,3110934,662
20193,3110933,6252
20193,3110932,5644
20193,3110931,79
20193,3110930,9343
20193,3110929,24632
20193,3110928,14771
20193,3110927,306
20193,3110926,11364
20193,3110925,5643
20193,3110924,10048
20193,3110923,7758
20193,3110922,13073
20193,3110921,10712
20193,3110920,8579
20193,3110919,10208
20193,3110918,8441
20193,3110917,4972
20193,3110916,16591
20193,3110915,4620
20193,3110914,6939
20193,3110913,7954
20193,3110912,2531
20193,3110911,7056
20193,3110910,11287
20193,3110909,435
20193,3110908,11263
20193,3110907,13222
20193,3110906,7205
20193,3110905,3263
20193,3110904,6343
20193,3110903,11483
20193,3110902,4479
20193,3110901,823
20193,3110900,1547
20193,3110899,646
20193,3110898,316
20193,3110897,4415
20193,3110896,1146
20193,3110895,6637
20193,3110894,333
20193,3110893,870
20193,3110892,5498
20193,3110891,1299
20193,3110890,2045
20193,3110889,270
20193,3110888,1021
20193,3110887,484
20193,3110886,1138
20193,3110885,987
20193,3110884,1176
20193,3110883,1195
20193,3110882,1970
20193,3110881,1510
20193,3110880,1468
20193,3110879,1095
20193,3110878,363
20193,3110877,2236
20193,3110876,545
20193,3110875,594
20193,3110874,921
20193,3110873,4691
20193,3110872,163
20193,3110871,1420
20193,3110870,94
20193,3110869,5533
20193,3110868,2495
20193,3110867,2529
20193,3110866,653
20193,3110865,1629
20193,3110864,1597
20193,3110863,1627
20193,3110862,1186
20193,3110861,5280
20193,3110860,3717
20193,3110859,544
20193,3110858,1586
20193,3110857,1392
20193,3110856,3976
20193,3110855,6166
20193,3110854,2351
20193,3110853,3803
20193,3110852,3884
20193,3110851,2901
20193,3110850,8360
20193,3110849,3000
20193,3110848,2051
20193,3110847,1501
20193,3110846,2441
20193,3110845,194
20193,3110844,11
20193,3110843,1068
20193,3110842,81
20193,3110841,39
20193,3110840,147
20193,3110839,1336
20193,3110838,1146
20193,3110837,2382
20193,3110836,2002
20193,3110835,974
20193,3110834,197
20193,3110833,663
20193,3110832,4410
20193,3110831,416
20193,3110830,955
20193,3110829,1683
20193,3110828,5414
20193,3110827,1542
20193,3110826,1592
20193,3110825,2546
20193,3110824,2388
20193,3110823,10868
20193,3110822,3603
20193,3110821,6947
20193,3110820,2178
20193,3110819,5238
20193,3110818,3220
20193,3110817,3364
20193,3110816,2617
20193,3110815,4489
20193,3110814,3602
20193,3110813,3821
20193,3110812,2799
20193,3110811,3305
20193,3110810,2596
20193,3110809,1372
20193,3110808,664
20193,3110807,637
20193,3110806,2076
20193,3110805,173
20193,3110804,1333
20193,3110803,1786
20193,3110802,1293
20193,3110801,140
20193,3110800,3499
20193,3110799,791
20193,3110798,697
20193,3110797,338
20193,3110796,2443
20193,3110795,1263
20193,3110794,4216
20193,3110793,503
20193,3110792,4509
20193,3110791,630
20193,3110790,1290
20193,3110789,2596
20193,3110788,1246
20193,3110787,679
20193,3110786,3499
20193,3110785,676
20193,3110784,1196
20193,3110783,2395
20193,3110782,1992
20193,3110781,2090
20193,3110780,1072
20193,3110779,385
20193,3110778,9060
20193,3110777,23218
20193,3110776,3366
20193,3110775,2288
20193,3110774,5479
20193,3110773,3796
20193,3110772,1391
20193,3110771,2931
20193,3110770,3832
20193,3110769,1824
20193,3110768,373
20193,3110767,4095
20193,3110766,4301
20193,3110765,13093
20193,3110764,1962
20193,3110763,6437
20193,3110762,11000
20193,3110761,5802
20193,3110760,8380
20193,3110759,41421
20193,3110758,3674
20193,3110757,3104
20193,3110756,4751
20193,3110755,1584
20193,3110754,1456
20193,3110753,1814
20193,3110752,1581
20193,3110751,2705
20193,3110750,1345
20193,3110749,1292
20193,3110748,964
20193,3110747,637
20193,3110746,1613
20193,3110745,923
20193,3110744,1676
20193,3110743,2284
20193,3110742,770
20193,3110741,1642
20193,3110740,2807
20193,3110739,988
20193,3110738,3105
20193,3110737,2359
20193,3110736,3282
20193,3110735,2403
20193,3110734,1870
20193,3110733,1054
20193,3110732,3175
20193,3110731,2486
20193,3110730,2988
20193,3110729,3743
20193,3110728,3611
20193,3110727,1582
20193,3110726,115
20193,3110725,2452
20193,3110724,8347
20193,3110723,8175
20193,3110722,20633
20193,3110721,11814
20193,3110720,1931
20193,3110719,9444
20193,3110718,6504
20193,3110717,15237
20193,3110716,2018
20193,3110715,2781
20193,3110714,2157
20193,3110713,6116
20193,3110712,1892
20193,3110711,2908
20193,3110710,13397
20193,3110709,421
20193,3110708,1254
20193,3110707,2370
20193,3110706,1709
20193,3110705,1195
20193,3110704,369
20193,3110703,2857
20193,3110702,3706
20193,3110701,1075
20193,3110700,1740
20193,3110699,828
20193,3110698,3462
20193,3110697,638
20193,3110696,2611
20193,3110695,1910
20193,3110694,2039
20193,3110693,1979
20193,3110692,1873
20193,3110691,1020
20193,3110690,2442
20193,3110689,3431
20193,3110688,1388
20193,3110687,158
20193,3110686,889
20193,3110685,55
20193,3110684,369
20193,3110683,366
20193,3110682,217
20193,3110681,329
20193,3110680,885
20193,3110679,2594
20193,3110678,1215
20193,3110677,2079
20193,3110676,3108
20193,3110675,2955
20193,3110674,584
20193,3110673,3042
20193,3110672,628
20193,3110671,4995
20193,3110670,1061
20193,3110669,4260
20193,3110668,2637
20193,3110667,448
20193,3110666,858
20193,3110665,3383
20193,3110664,4644
20193,3110663,5620
20193,3110662,2612
20193,3110661,4009
20193,3110660,8713
20193,3110659,2775
20193,3110658,1672
20193,3110657,5871
20193,3110656,3118
20193,3110655,5760
20193,3110654,3271
20193,3110653,3010
20193,3110652,3956
20193,3110651,1859
20193,3110650,1035
20193,3110649,1461
20193,3110648,5867
20193,3110647,5170
20193,3110646,4438
20193,3110645,1638
20193,3110644,228
20193,3110643,1953
20193,3110642,470
20193,3110641,1053
20193,3110640,2591
20193,3110639,1471
20193,3110638,3944
20193,3110637,2669
20193,3110636,2566
20193,3110635,2325
20193,3110634,3924
20193,3110633,1971
20193,3110632,2662
20193,3110631,1150
20193,3110630,2366
20193,3110629,1600
20193,3110628,1780
20193,3110627,10306
20193,3110626,2499
20193,3110625,10132
20193,3110624,368
20193,3110623,452
20193,3110622,1861
20193,3110621,983
20193,3110620,1726
20193,3110619,1311
20193,3110618,3278
20193,3110617,1673
20193,3110616,4126
20193,3110615,6206
20193,3110614,2875
20193,3110613,6906
20193,3110612,6873
20193,3110611,2625
20193,3110610,1375
20193,3110609,1176
20193,3110608,2718
20193,3110607,1085
20193,3110606,3013
20193,3110605,1098
20193,3110604,2453
20193,3110603,939
20193,3110602,2091
20193,3110601,1786
20193,3110600,2956
20193,3110599,1590
20193,3110598,2697
20193,3110597,2700
20193,3110596,1260
20193,3110595,2286
20193,3110594,593
20193,3110593,1923
20193,3110592,1653
20193,3110591,2784
20193,3110590,1043
20193,3110589,674
20193,3110588,1798
20193,3110587,4366
20193,3110586,8088
20193,3110585,1357
20193,3110584,1193
20193,3110583,4365
20193,3110582,1200
20193,3110581,6947
20193,3110580,927
20193,3110579,6701
20193,3110578,2490
20193,3110577,6269
20193,3110576,2679
20193,3110575,1489
20193,3110574,1012
20193,3110573,1340
20193,3110572,3200
20193,3110571,1765
20193,3110570,1439
20193,3110569,3278
20193,3110568,772
20193,3110567,830
20193,3110566,5320
20193,3110565,1811
20193,3110564,3548
20193,3110563,1437
20193,3110562,2703
20193,3110561,2768
20193,3110560,3881
20193,3110559,3453
20193,3110558,4445
20193,3110557,4646
20193,3110556,536
20193,3110555,3889
20193,3110554,5490
20193,3110553,1370
20193,3110552,2816
20193,3110551,2778
20193,3110550,6591
20193,3110549,2110
20193,3110548,4042
20193,3110547,5513
20193,3110546,1335
20193,3110545,1565
20193,3110544,6503
20193,3110543,4
20193,3110542,3824
20193,3110541,2819
20193,3110540,612
20193,3110539,12622
20193,3110538,6721
20193,3110537,6609
20193,3110536,3058
20193,3110535,908
20193,3110534,2731
20193,3110533,4356
20193,3110532,1657
20193,3110531,1003
20193,3110530,1223
20193,3110529,1860
20193,3110528,1860
20193,3110527,1765
20193,3110526,101
20193,3110525,1782
20193,3110524,193
20193,3110523,166
20193,3110522,1458
20193,3110521,1518
20193,3110520,1329
20193,3110519,761
20193,3110518,1381
20193,3110517,2792
20193,3110516,733
20193,3110515,168
20193,3110514,1594
20193,3110513,3657
20193,3110512,1812
20193,3110511,3876
20193,3110510,783
20193,3110509,2462
20193,3110508,3564
20193,3110507,1729
20193,3110506,1690
20193,3110505,266
20193,3110504,349
20193,3110503,1457
20193,3110502,843
20193,3110501,673
20193,3110500,321
20193,3110499,517
20193,3110498,2183
20193,3110497,1131
20193,3110496,731
20193,3110495,1898
20193,3110494,405
20193,3110493,252
20193,3110492,186
20193,3110491,157
20193,3110490,1653
20193,3110489,868
20193,3110488,2027
20193,3110487,1916
20193,3110486,2193
20193,3110485,741
20193,3110484,2635
20193,3110483,1120
20193,3110482,179
20193,3110481,2247
20193,3110480,1517
20193,3110479,2089
20193,3110478,2109
20193,3110477,3031
20193,3110476,183
20193,3110475,861
20193,3110474,991
20193,3110473,2308
20193,3110472,2660
20193,3110471,1208
20193,3110470,861
20193,3110469,2187
20193,3110468,3361
20193,3110467,1197
20193,3110466,1068
20193,3110465,3023
20193,3110464,2760
20193,3110463,1142
20193,3110462,656
20193,3110461,1362
20193,3110460,2874
20193,3110459,2152
20193,3110458,1207
20193,3110457,2236
20193,3110456,1901
20193,3110455,2080
20193,3110454,1048
20193,3110453,1283
20193,3110452,1526
20193,3110451,2097
20193,3110450,1395
20193,3110449,1719
20193,3110448,331
20193,3110447,66
20193,3110446,493
20193,3110445,80
20193,3110444,598
20193,3110443,242
20193,3110442,146
20193,3110441,229
20193,3110440,172
20193,3110439,449
20193,3110438,1305
20193,3110437,476
20193,3110436,1249
20193,3110435,279
20193,3110434,2572
20193,3110433,3113
20193,3110432,554
20193,3110431,1343
20193,3110430,1164
20193,3110429,3917
20193,3110428,1403
20193,3110427,408
20193,3110426,956
20193,3110425,1535
20193,3110424,1231
20193,3110423,1119
20193,3110422,791
20193,3110421,1222
20193,3110420,413
20193,3110419,2691
20193,3110418,425
20193,3110417,163
20193,3110416,1644
20193,3110415,3003
20193,3110414,164
20193,3110413,521
20193,3110412,159
20193,3110411,959
20193,3110410,2219
20193,3110409,3524
20193,3110408,2156
20193,3110407,1326
20193,3110406,584
20193,3110405,2018
20193,3110404,1286
20193,3110403,2092
20193,3110402,1679
20193,3110401,2190
20193,3110400,2493
20193,3110399,1453
20193,3110398,1922
20193,3110397,1087
20193,3110396,1333
20193,3110395,1334
20193,3110394,1650
20193,3110393,1146
20193,3110392,160
20193,3110391,331
20193,3110390,1539
20193,3110389,582
20193,3110388,651
20193,3110387,355
20193,3110386,159
20193,3110385,56
20193,3110384,501
20193,3110383,404
20193,3110382,702
20193,3110381,207
20193,3110380,57
20193,3110379,176
20193,3110378,237
20193,3110377,931
20193,3110376,2083
20193,3110375,498
20193,3110374,688
20193,3110373,2792
20193,3110372,1019
20193,3110371,960
20193,3110370,772
20193,3110369,2478
20193,3110368,370
20193,3110367,2865
20193,3110366,1035
20193,3110365,985
20193,3110364,888
20193,3110363,224
20193,3110362,912
20193,3110361,542
20193,3110360,2643
20193,3110359,2364
20193,3110358,2848
20193,3110357,1398
20193,3110356,816
20193,3110355,736
20193,3110354,471
20193,3110353,1191
20193,3110352,449
20193,3110351,958
20193,3110350,1224
20193,3110349,205
20193,3110348,1409
20193,3110347,167
20193,3110346,612
20193,3110345,948
20193,3110344,153
20193,3110343,1076
20193,3110342,338
20193,3110341,476
20193,3110340,918
20193,3110339,578
20193,3110338,405
20193,3110337,798
20193,3110336,753
20193,3110335,1925
20193,3110334,835
20193,3110333,1563
20193,3110332,1198
20193,3110331,1591
20193,3110330,1716
20193,3110329,162
20193,3110328,1083
20193,3110327,1066
20193,3110326,230
20193,3110325,240
20193,3110324,1980
20193,3110323,2069
20193,3110322,252
20193,3110321,599
20193,3110320,5684
20193,3110319,8079
20193,3110318,3054
20193,3110317,5603
20193,3110316,1926
20193,3110315,11448
20193,3110314,9560
20193,3110313,1991
20193,3110312,1260
20193,3110311,720
20193,3110310,933
20193,3110309,2049
20193,3110308,1836
20193,3110307,2541
20193,3110306,945
20193,3110305,2780
20193,3110304,3285
20193,3110303,1474
20193,3110302,2527
20193,3110301,1329
20193,3110300,6870
20193,3110299,1743
20193,3110298,692
20193,3110297,9120
20193,3110296,2773
20193,3110295,1644
20193,3110294,1379
20193,3110293,7816
20193,3110292,730
20193,3110291,2394
20193,3110290,445
20193,3110289,1123
20193,3110288,7764
20193,3110287,182
20193,3110286,7864
20193,3110285,4477
20193,3110284,353
20193,3110283,3884
20193,3110282,191
20193,3110281,1531
20193,3110280,1671
20193,3110279,433
20193,3110278,1068
20193,3110277,1328
20193,3110276,244
20193,3110275,1330
20193,3110274,821
20193,3110273,1449
20193,3110272,1531
20193,3110271,203
20193,3110270,569
20193,3110269,946
20193,3110268,845
20193,3110267,1256
20193,3110266,1171
20193,3110265,3299
20193,3110264,1430
20193,3110263,2679
20193,3110262,3159
20193,3110261,1769
20193,3110260,1893
20193,3110259,1354
20193,3110258,897
20193,3110257,1619
20193,3110256,2794
20193,3110255,3597
20193,3110254,1212
20193,3110253,1003
20193,3110252,1336
20193,3110251,860
20193,3110250,564
20193,3110249,2017
20193,3110248,266
20193,3110247,1648
20193,3110246,1521
20193,3110245,742
20193,3110244,1457
20193,3110243,1052
20193,3110242,934
20193,3110241,2379
20193,3110240,301
20193,3110239,142
20193,3110238,595
20193,3110237,1449
20193,3110236,1692
20193,3110235,154
20193,3110234,1169
20193,3110233,890
20193,3110232,2497
20193,3110231,344
20193,3110230,3656
20193,3110229,5531
20193,3110228,4113
20193,3110227,1284
20193,3110226,7097
20193,3110225,1284
20193,3110224,509
20193,3110223,4110
20193,3110222,937
20193,3110221,268
20193,3110220,1089
20193,3110219,2096
20193,3110218,1678
20193,3110217,2471
20193,3110216,574
20193,3110215,1403
20193,3110214,793
20193,3110213,536
20193,3110212,1713
20193,3110211,1217
20193,3110210,1460
20193,3110209,645
20193,3110208,598
20193,3110207,1749
20193,3110206,649
20193,3110205,531
20193,3110204,811
20193,3110203,1430
20193,3110202,567
20193,3110201,168
20193,3110200,1059
20193,3110199,1853
20193,3110198,1870
20193,3110197,92
20193,3110196,410
20193,3110195,3038
20193,3110194,1988
20193,3110193,744
20193,3110192,2424
20193,3110191,626
20193,3110190,965
20193,3110189,2457
20193,3110188,6762
20193,3110187,5761
20193,3110186,897
20193,3110185,5910
20193,3110184,4060
20193,3110183,3214
20193,3110182,2881
20193,3110181,10649
20193,3110180,3542
20193,3110179,1883
20193,3110178,1883
20193,3110177,158
20193,3110176,2249
20193,3110175,4173
20193,3110174,2904
20193,3110173,2955
20193,3110172,2531
20193,3110171,1561
20193,3110170,2986
20193,3110169,3828
20193,3110168,916
20193,3110167,3561
20193,3110166,4756
20193,3110165,1454
20193,3110164,1970
20193,3110163,1967
20193,3110162,2406
20193,3110161,1066
20193,3110160,903
20193,3110159,8575
20193,3110158,1375
20193,3110157,2233
20193,3110156,2564
20193,3110155,5674
20193,3110154,3843
20193,3110153,2864
20193,3110152,1026
20193,3110151,2540
20193,3110150,3863
20193,3110149,851
20193,3110148,236
20193,3110147,1758
20193,3110146,1323
20193,3110145,411
20193,3110144,459
20193,3110143,239
20193,3110142,2411
20193,3110141,2375
20193,3110140,4694
20193,3110139,922
20193,3110138,1767
20193,3110137,14555
20193,3110136,11209
20193,3110135,6734
20193,3110134,2341
20193,3110133,3105
20193,3110132,4614
20193,3110131,11102
20193,3110130,570
20193,3110129,4864
20193,3110128,2358
20193,3110127,3333
20193,3110126,1593
20193,3110125,308
20193,3110124,2282
20193,3110123,1559
20193,3110122,1564
20193,3110121,142
20193,3110120,261
20193,3110119,1254
20193,3110118,868
20193,3110117,2270
20193,3110116,5307
20193,3110115,2710
20193,3110114,1342
20193,3110113,422
20193,3110112,1042
20193,3110111,192
20193,3110110,879
20193,3110109,1292
20193,3110108,656
20193,3110107,1170
20193,3110106,389
20193,3110105,1542
20193,3110104,363
20193,3110103,813
20193,3110102,1215
20193,3110101,576
20193,3110100,576
20193,3110099,8514
20193,3110098,8191
20193,3110097,5362
20193,3110096,2476
20193,3110095,21048
20193,3110094,234
20193,3110093,20138
20193,3110092,965
20193,3110091,19459
20193,3110090,2341
20193,3110089,4816
20193,3110088,3559
20193,3110087,13299
20193,3110086,21407
20193,3110085,2761
20193,3110084,1344
20193,3110083,4754
20193,3110082,18992
20193,3110081,866
20193,3110080,773
20193,3110079,12713
20193,3110078,1289
20193,3110077,2257
20193,3110076,2621
20193,3110075,7274
20193,3110074,7899
20193,3110073,8275
20193,3110072,972
20193,3110071,1649
20193,3110070,406
20193,3110069,6228
20193,3110068,8638
20193,3110067,4005
20193,3110066,1979
20193,3110065,2283
20193,3110064,2626
20193,3110063,4183
20193,3110062,12183
20193,3110061,1605
20193,3110060,3080
20193,3110059,1614
20193,3110058,4896
20193,3110057,755
20193,3110056,1680
20193,3110055,692
20193,3110054,9315
20193,3110053,1822
20193,3110052,4670
20193,3110051,3466
20193,3110050,11220
20193,3110049,10328
20193,3110048,9377
20193,3110047,10703
20193,3110046,3621
20193,3110045,16872
20193,3110044,10360
20193,3110043,11076
20193,3110042,3747
20193,3110041,6843
20193,3110040,8864
20193,3110039,22182
20193,3110038,10046
20193,3110037,2065
20193,3110036,1555
20193,3110035,2005
20193,3110034,1977
20193,3110033,346
20193,3110032,2722
20193,3110031,241
20193,3110030,1597
20193,3110029,1509
20193,3110028,3076
20193,3110027,1341
20193,3110026,4323
20193,3110025,3042
20193,3110024,3262
20193,3110023,471
20193,3110022,4104
20193,3110021,2455
20193,3110020,1357
20193,3110019,4778
20193,3110018,9681
20193,3110017,4529
20193,3110016,4228
20193,3110015,4358
20193,3110014,1417
20193,3110013,3955
20193,3110012,27629
20193,3110011,631
20193,3110010,5899
20193,3110009,477
20193,3110008,5943
20193,3110007,1876
20193,3110006,262
20193,3110005,1871
20193,3110004,242
20193,3110003,4460
20193,3110002,426
20193,3110001,4020
20192,3111090,125
20192,3111089,1247
20192,3111088,708
20192,3111087,380
20192,3111086,422
20192,3111085,1016
20192,3111084,614
20192,3111083,1601
20192,3111082,302
20192,3111081,1009
20192,3111080,3465
20192,3111079,1002
20192,3111078,4046
20192,3111077,6929
20192,3111076,2773
20192,3111075,3066
20192,3111074,1504
20192,3111073,5172
20192,3111072,2244
20192,3111071,1894
20192,3111070,1045
20192,3111069,1136
20192,3111068,3648
20192,3111067,6403
20192,3111066,1113
20192,3111065,365
20192,3111064,2812
20192,3111063,749
20192,3111062,4120
20192,3111061,3870
20192,3111060,2713
20192,3111059,4590
20192,3111058,2626
20192,3111057,961
20192,3111056,1788
20192,3111055,1501
20192,3111054,2151
20192,3111053,10457
20192,3111052,1717
20192,3111051,3278
20192,3111050,3956
20192,3111049,1338
20192,3111048,1333
20192,3111047,483
20192,3111046,1981
20192,3111045,930
20192,3111044,1779
20192,3111043,1318
20192,3111042,4779
20192,3111041,1414
20192,3111040,2729
20192,3111039,5393
20192,3111038,4199
20192,3111037,3418
20192,3111036,1304
20192,3111035,5680
20192,3111034,6515
20192,3111033,2308
20192,3111032,12270
20192,3111031,5835
20192,3111030,9066
20192,3111029,4494
20192,3111028,6147
20192,3111027,28298
20192,3111026,23673
20192,3111025,8869
20192,3111024,16909
20192,3111023,21815
20192,3111022,8139
20192,3111021,11157
20192,3111020,576
20192,3111019,13344
20192,3111018,197
20192,3111017,3561
20192,3111016,5029
20192,3111015,10554
20192,3111014,14991
20192,3111013,18867
20192,3111012,5101
20192,3111011,3061
20192,3111010,9144
20192,3111009,1105
20192,3111008,2904
20192,3111007,2467
20192,3111006,4478
20192,3111005,2071
20192,3111004,6669
20192,3111003,3763
20192,3111002,113
20192,3111001,121
20192,3111000,115
20192,3110999,195
20192,3110998,78
20192,3110997,1708
20192,3110996,24919
20192,3110995,15848
20192,3110994,2290
20192,3110993,2438
20192,3110992,22413
20192,3110991,54476
20192,3110990,10629
20192,3110989,15321
20192,3110988,10556
20192,3110987,7212
20192,3110986,13093
20192,3110985,14386
20192,3110984,4545
20192,3110983,4487
20192,3110982,3670
20192,3110981,8106
20192,3110980,23856
20192,3110979,9827
20192,3110978,49031
20192,3110977,12906
20192,3110976,11281
20192,3110975,31632
20192,3110974,11820
20192,3110973,11481
20192,3110972,15731
20192,3110971,30609
20192,3110970,11581
20192,3110969,34627
20192,3110968,16885
20192,3110967,25493
20192,3110966,23245
20192,3110965,15586
20192,3110964,11048
20192,3110963,22230
20192,3110962,10170
20192,3110961,16680
20192,3110960,24527
20192,3110959,9544
20192,3110958,22150
20192,3110957,21163
20192,3110956,10898
20192,3110955,19481
20192,3110954,13728
20192,3110953,17032
20192,3110952,7028
20192,3110951,11563
20192,3110950,14311
20192,3110949,8368
20192,3110948,674
20192,3110947,556
20192,3110946,455
20192,3110945,146
20192,3110944,415
20192,3110943,6981
20192,3110942,10237
20192,3110941,4007
20192,3110940,6606
20192,3110939,54885
20192,3110938,6618
20192,3110937,7718
20192,3110936,4766
20192,3110935,5330
20192,3110934,662
20192,3110933,6252
20192,3110932,5644
20192,3110931,79
20192,3110930,9343
20192,3110929,24632
20192,3110928,14771
20192,3110927,306
20192,3110926,11364
20192,3110925,5643
20192,3110924,10048
20192,3110923,7758
20192,3110922,13073
20192,3110921,10712
20192,3110920,8579
20192,3110919,10208
20192,3110918,8441
20192,3110917,4972
20192,3110916,16591
20192,3110915,4620
20192,3110914,6939
20192,3110913,7954
20192,3110912,2531
20192,3110911,7056
20192,3110910,11287
20192,3110909,435
20192,3110908,11263
20192,3110907,13222
20192,3110906,7205
20192,3110905,3263
20192,3110904,6343
20192,3110903,11483
20192,3110902,4479
20192,3110901,823
20192,3110900,1547
20192,3110899,646
20192,3110898,316
20192,3110897,4415
20192,3110896,1146
20192,3110895,6637
20192,3110894,333
20192,3110893,870
20192,3110892,5498
20192,3110891,1299
20192,3110890,2045
20192,3110889,270
20192,3110888,1021
20192,3110887,484
20192,3110886,1138
20192,3110885,987
20192,3110884,1176
20192,3110883,1195
20192,3110882,1970
20192,3110881,1510
20192,3110880,1468
20192,3110879,1095
20192,3110878,363
20192,3110877,2236
20192,3110876,545
20192,3110875,594
20192,3110874,921
20192,3110873,4691
20192,3110872,163
20192,3110871,1420
20192,3110870,94
20192,3110869,5533
20192,3110868,2495
20192,3110867,2529
20192,3110866,653
20192,3110865,1629
20192,3110864,1597
20192,3110863,1627
20192,3110862,1186
20192,3110861,5280
20192,3110860,3717
20192,3110859,544
20192,3110858,1586
20192,3110857,1392
20192,3110856,3976
20192,3110855,6166
20192,3110854,2351
20192,3110853,3803
20192,3110852,3884
20192,3110851,2901
20192,3110850,8360
20192,3110849,3000
20192,3110848,2051
20192,3110847,1501
20192,3110846,2441
20192,3110845,194
20192,3110844,11
20192,3110843,1068
20192,3110842,81
20192,3110841,39
20192,3110840,147
20192,3110839,1336
20192,3110838,1146
20192,3110837,2382
20192,3110836,2002
20192,3110835,974
20192,3110834,197
20192,3110833,663
20192,3110832,4410
20192,3110831,416
20192,3110830,955
20192,3110829,1683
20192,3110828,5414
20192,3110827,1542
20192,3110826,1592
20192,3110825,2546
20192,3110824,2388
20192,3110823,10868
20192,3110822,3603
20192,3110821,6947
20192,3110820,2178
20192,3110819,5238
20192,3110818,3220
20192,3110817,3364
20192,3110816,2617
20192,3110815,4489
20192,3110814,3602
20192,3110813,3821
20192,3110812,2799
20192,3110811,3305
20192,3110810,2596
20192,3110809,1372
20192,3110808,664
20192,3110807,637
20192,3110806,2076
20192,3110805,173
20192,3110804,1333
20192,3110803,1786
20192,3110802,1293
20192,3110801,140
20192,3110800,3499
20192,3110799,791
20192,3110798,697
20192,3110797,338
20192,3110796,2443
20192,3110795,1263
20192,3110794,4216
20192,3110793,503
20192,3110792,4509
20192,3110791,630
20192,3110790,1290
20192,3110789,2596
20192,3110788,1246
20192,3110787,679
20192,3110786,3499
20192,3110785,676
20192,3110784,1196
20192,3110783,2395
20192,3110782,1992
20192,3110781,2090
20192,3110780,1072
20192,3110779,385
20192,3110778,9060
20192,3110777,23218
20192,3110776,3366
20192,3110775,2288
20192,3110774,5479
20192,3110773,3796
20192,3110772,1391
20192,3110771,2931
20192,3110770,3832
20192,3110769,1824
20192,3110768,373
20192,3110767,4095
20192,3110766,4301
20192,3110765,13093
20192,3110764,1962
20192,3110763,6437
20192,3110762,11000
20192,3110761,5802
20192,3110760,8380
20192,3110759,41421
20192,3110758,3674
20192,3110757,3104
20192,3110756,4751
20192,3110755,1584
20192,3110754,1456
20192,3110753,1814
20192,3110752,1581
20192,3110751,2705
20192,3110750,1345
20192,3110749,1292
20192,3110748,964
20192,3110747,637
20192,3110746,1613
20192,3110745,923
20192,3110744,1676
20192,3110743,2284
20192,3110742,770
20192,3110741,1642
20192,3110740,2807
20192,3110739,988
20192,3110738,3105
20192,3110737,2359
20192,3110736,3282
20192,3110735,2403
20192,3110734,1870
20192,3110733,1054
20192,3110732,3175
20192,3110731,2486
20192,3110730,2988
20192,3110729,3743
20192,3110728,3611
20192,3110727,1582
20192,3110726,115
20192,3110725,2452
20192,3110724,8347
20192,3110723,8175
20192,3110722,20633
20192,3110721,11814
20192,3110720,1931
20192,3110719,9444
20192,3110718,6504
20192,3110717,15237
20192,3110716,2018
20192,3110715,2781
20192,3110714,2157
20192,3110713,6116
20192,3110712,1892
20192,3110711,2908
20192,3110710,13397
20192,3110709,421
20192,3110708,1254
20192,3110707,2370
20192,3110706,1709
20192,3110705,1195
20192,3110704,369
20192,3110703,2857
20192,3110702,3706
20192,3110701,1075
20192,3110700,1740
20192,3110699,828
20192,3110698,3462
20192,3110697,638
20192,3110696,2611
20192,3110695,1910
20192,3110694,2039
20192,3110693,1979
20192,3110692,1873
20192,3110691,1020
20192,3110690,2442
20192,3110689,3431
20192,3110688,1388
20192,3110687,158
20192,3110686,889
20192,3110685,55
20192,3110684,369
20192,3110683,366
20192,3110682,217
20192,3110681,329
20192,3110680,885
20192,3110679,2594
20192,3110678,1215
20192,3110677,2079
20192,3110676,3108
20192,3110675,2955
20192,3110674,584
20192,3110673,3042
20192,3110672,628
20192,3110671,4995
20192,3110670,1061
20192,3110669,4260
20192,3110668,2637
20192,3110667,448
20192,3110666,858
20192,3110665,3383
20192,3110664,4644
20192,3110663,5620
20192,3110662,2612
20192,3110661,4009
20192,3110660,8713
20192,3110659,2775
20192,3110658,1672
20192,3110657,5871
20192,3110656,3118
20192,3110655,5760
20192,3110654,3271
20192,3110653,3010
20192,3110652,3956
20192,3110651,1859
20192,3110650,1035
20192,3110649,1461
20192,3110648,5867
20192,3110647,5170
20192,3110646,4438
20192,3110645,1638
20192,3110644,228
20192,3110643,1953
20192,3110642,470
20192,3110641,1053
20192,3110640,2591
20192,3110639,1471
20192,3110638,3944
20192,3110637,2669
20192,3110636,2566
20192,3110635,2325
20192,3110634,3924
20192,3110633,1971
20192,3110632,2662
20192,3110631,1150
20192,3110630,2366
20192,3110629,1600
20192,3110628,1780
20192,3110627,10306
20192,3110626,2499
20192,3110625,10132
20192,3110624,368
20192,3110623,452
20192,3110622,1861
20192,3110621,983
20192,3110620,1726
20192,3110619,1311
20192,3110618,3278
20192,3110617,1673
20192,3110616,4126
20192,3110615,6206
20192,3110614,2875
20192,3110613,6906
20192,3110612,6873
20192,3110611,2625
20192,3110610,1375
20192,3110609,1176
20192,3110608,2718
20192,3110607,1085
20192,3110606,3013
20192,3110605,1098
20192,3110604,2453
20192,3110603,939
20192,3110602,2091
20192,3110601,1786
20192,3110600,2956
20192,3110599,1590
20192,3110598,2697
20192,3110597,2700
20192,3110596,1260
20192,3110595,2286
20192,3110594,593
20192,3110593,1923
20192,3110592,1653
20192,3110591,2784
20192,3110590,1043
20192,3110589,674
20192,3110588,1798
20192,3110587,4366
20192,3110586,8088
20192,3110585,1357
20192,3110584,1193
20192,3110583,4365
20192,3110582,1200
20192,3110581,6947
20192,3110580,927
20192,3110579,6701
20192,3110578,2490
20192,3110577,6269
20192,3110576,2679
20192,3110575,1489
20192,3110574,1012
20192,3110573,1340
20192,3110572,3200
20192,3110571,1765
20192,3110570,1439
20192,3110569,3278
20192,3110568,772
20192,3110567,830
20192,3110566,5320
20192,3110565,1811
20192,3110564,3548
20192,3110563,1437
20192,3110562,2703
20192,3110561,2768
20192,3110560,3881
20192,3110559,3453
20192,3110558,4445
20192,3110557,4646
20192,3110556,536
20192,3110555,3889
20192,3110554,5490
20192,3110553,1370
20192,3110552,2816
20192,3110551,2778
20192,3110550,6591
20192,3110549,2110
20192,3110548,4042
20192,3110547,5513
20192,3110546,1335
20192,3110545,1565
20192,3110544,6503
20192,3110543,4
20192,3110542,3824
20192,3110541,2819
20192,3110540,612
20192,3110539,12622
20192,3110538,6721
20192,3110537,6609
20192,3110536,3058
20192,3110535,908
20192,3110534,2731
20192,3110533,4356
20192,3110532,1657
20192,3110531,1003
20192,3110530,1223
20192,3110529,1860
20192,3110528,1860
20192,3110527,1765
20192,3110526,101
20192,3110525,1782
20192,3110524,193
20192,3110523,166
20192,3110522,1458
20192,3110521,1518
20192,3110520,1329
20192,3110519,761
20192,3110518,1381
20192,3110517,2792
20192,3110516,733
20192,3110515,168
20192,3110514,1594
20192,3110513,3657
20192,3110512,1812
20192,3110511,3876
20192,3110510,783
20192,3110509,2462
20192,3110508,3564
20192,3110507,1729
20192,3110506,1690
20192,3110505,266
20192,3110504,349
20192,3110503,1457
20192,3110502,843
20192,3110501,673
20192,3110500,321
20192,3110499,517
20192,3110498,2183
20192,3110497,1131
20192,3110496,731
20192,3110495,1898
20192,3110494,405
20192,3110493,252
20192,3110492,186
20192,3110491,157
20192,3110490,1653
20192,3110489,868
20192,3110488,2027
20192,3110487,1916
20192,3110486,2193
20192,3110485,741
20192,3110484,2635
20192,3110483,1120
20192,3110482,179
20192,3110481,2247
20192,3110480,1517
20192,3110479,2089
20192,3110478,2109
20192,3110477,3031
20192,3110476,183
20192,3110475,861
20192,3110474,991
20192,3110473,2308
20192,3110472,2660
20192,3110471,1208
20192,3110470,861
20192,3110469,2187
20192,3110468,3361
20192,3110467,1197
20192,3110466,1068
20192,3110465,3023
20192,3110464,2760
20192,3110463,1142
20192,3110462,656
20192,3110461,1362
20192,3110460,2874
20192,3110459,2152
20192,3110458,1207
20192,3110457,2236
20192,3110456,1901
20192,3110455,2080
20192,3110454,1048
20192,3110453,1283
20192,3110452,1526
20192,3110451,2097
20192,3110450,1395
20192,3110449,1719
20192,3110448,331
20192,3110447,66
20192,3110446,493
20192,3110445,80
20192,3110444,598
20192,3110443,242
20192,3110442,146
20192,3110441,229
20192,3110440,172
20192,3110439,449
20192,3110438,1305
20192,3110437,476
20192,3110436,1249
20192,3110435,279
20192,3110434,2572
20192,3110433,3113
20192,3110432,554
20192,3110431,1343
20192,3110430,1164
20192,3110429,3917
20192,3110428,1403
20192,3110427,408
20192,3110426,956
20192,3110425,1535
20192,3110424,1231
20192,3110423,1119
20192,3110422,791
20192,3110421,1222
20192,3110420,413
20192,3110419,2691
20192,3110418,425
20192,3110417,163
20192,3110416,1644
20192,3110415,3003
20192,3110414,164
20192,3110413,521
20192,3110412,159
20192,3110411,959
20192,3110410,2219
20192,3110409,3524
20192,3110408,2156
20192,3110407,1326
20192,3110406,584
20192,3110405,2018
20192,3110404,1286
20192,3110403,2092
20192,3110402,1679
20192,3110401,2190
20192,3110400,2493
20192,3110399,1453
20192,3110398,1922
20192,3110397,1087
20192,3110396,1333
20192,3110395,1334
20192,3110394,1650
20192,3110393,1146
20192,3110392,160
20192,3110391,331
20192,3110390,1539
20192,3110389,582
20192,3110388,651
20192,3110387,355
20192,3110386,159
20192,3110385,56
20192,3110384,501
20192,3110383,404
20192,3110382,702
20192,3110381,207
20192,3110380,57
20192,3110379,176
20192,3110378,237
20192,3110377,931
20192,3110376,2083
20192,3110375,498
20192,3110374,688
20192,3110373,2792
20192,3110372,1019
20192,3110371,960
20192,3110370,772
20192,3110369,2478
20192,3110368,370
20192,3110367,2865
20192,3110366,1035
20192,3110365,985
20192,3110364,888
20192,3110363,224
20192,3110362,912
20192,3110361,542
20192,3110360,2643
20192,3110359,2364
20192,3110358,2848
20192,3110357,1398
20192,3110356,816
20192,3110355,736
20192,3110354,471
20192,3110353,1191
20192,3110352,449
20192,3110351,958
20192,3110350,1224
20192,3110349,205
20192,3110348,1409
20192,3110347,167
20192,3110346,612
20192,3110345,948
20192,3110344,153
20192,3110343,1076
20192,3110342,338
20192,3110341,476
20192,3110340,918
20192,3110339,578
20192,3110338,405
20192,3110337,798
20192,3110336,753
20192,3110335,1925
20192,3110334,835
20192,3110333,1563
20192,3110332,1198
20192,3110331,1591
20192,3110330,1716
20192,3110329,162
20192,3110328,1083
20192,3110327,1066
20192,3110326,230
20192,3110325,240
20192,3110324,1980
20192,3110323,2069
20192,3110322,252
20192,3110321,599
20192,3110320,5684
20192,3110319,8079
20192,3110318,3054
20192,3110317,5603
20192,3110316,1926
20192,3110315,11448
20192,3110314,9560
20192,3110313,1991
20192,3110312,1260
20192,3110311,720
20192,3110310,933
20192,3110309,2049
20192,3110308,1836
20192,3110307,2541
20192,3110306,945
20192,3110305,2780
20192,3110304,3285
20192,3110303,1474
20192,3110302,2527
20192,3110301,1329
20192,3110300,6870
20192,3110299,1743
20192,3110298,692
20192,3110297,9120
20192,3110296,2773
20192,3110295,1644
20192,3110294,1379
20192,3110293,7816
20192,3110292,730
20192,3110291,2394
20192,3110290,445
20192,3110289,1123
20192,3110288,7764
20192,3110287,182
20192,3110286,7864
20192,3110285,4477
20192,3110284,353
20192,3110283,3884
20192,3110282,191
20192,3110281,1531
20192,3110280,1671
20192,3110279,433
20192,3110278,1068
20192,3110277,1328
20192,3110276,244
20192,3110275,1330
20192,3110274,821
20192,3110273,1449
20192,3110272,1531
20192,3110271,203
20192,3110270,569
20192,3110269,946
20192,3110268,845
20192,3110267,1256
20192,3110266,1171
20192,3110265,3299
20192,3110264,1430
20192,3110263,2679
20192,3110262,3159
20192,3110261,1769
20192,3110260,1893
20192,3110259,1354
20192,3110258,897
20192,3110257,1619
20192,3110256,2794
20192,3110255,3597
20192,3110254,1212
20192,3110253,1003
20192,3110252,1336
20192,3110251,860
20192,3110250,564
20192,3110249,2017
20192,3110248,266
20192,3110247,1648
20192,3110246,1521
20192,3110245,742
20192,3110244,1457
20192,3110243,1052
20192,3110242,934
20192,3110241,2379
20192,3110240,301
20192,3110239,142
20192,3110238,595
20192,3110237,1449
20192,3110236,1692
20192,3110235,154
20192,3110234,1169
20192,3110233,890
20192,3110232,2497
20192,3110231,344
20192,3110230,3656
20192,3110229,5531
20192,3110228,4113
20192,3110227,1284
20192,3110226,7097
20192,3110225,1284
20192,3110224,509
20192,3110223,4110
20192,3110222,937
20192,3110221,268
20192,3110220,1089
20192,3110219,2096
20192,3110218,1678
20192,3110217,2471
20192,3110216,574
20192,3110215,1403
20192,3110214,793
20192,3110213,536
20192,3110212,1713
20192,3110211,1217
20192,3110210,1460
20192,3110209,645
20192,3110208,598
20192,3110207,1749
20192,3110206,649
20192,3110205,531
20192,3110204,811
20192,3110203,1430
20192,3110202,567
20192,3110201,168
20192,3110200,1059
20192,3110199,1853
20192,3110198,1870
20192,3110197,92
20192,3110196,410
20192,3110195,3038
20192,3110194,1988
20192,3110193,744
20192,3110192,2424
20192,3110191,626
20192,3110190,965
20192,3110189,2457
20192,3110188,6762
20192,3110187,5761
20192,3110186,897
20192,3110185,5910
20192,3110184,4060
20192,3110183,3214
20192,3110182,2881
20192,3110181,10649
20192,3110180,3542
20192,3110179,1883
20192,3110178,1883
20192,3110177,158
20192,3110176,2249
20192,3110175,4173
20192,3110174,2904
20192,3110173,2955
20192,3110172,2531
20192,3110171,1561
20192,3110170,2986
20192,3110169,3828
20192,3110168,916
20192,3110167,3561
20192,3110166,4756
20192,3110165,1454
20192,3110164,1970
20192,3110163,1967
20192,3110162,2406
20192,3110161,1066
20192,3110160,903
20192,3110159,8575
20192,3110158,1375
20192,3110157,2233
20192,3110156,2564
20192,3110155,5674
20192,3110154,3843
20192,3110153,2864
20192,3110152,1026
20192,3110151,2540
20192,3110150,3863
20192,3110149,851
20192,3110148,236
20192,3110147,1758
20192,3110146,1323
20192,3110145,411
20192,3110144,459
20192,3110143,239
20192,3110142,2411
20192,3110141,2375
20192,3110140,4694
20192,3110139,922
20192,3110138,1767
20192,3110137,14555
20192,3110136,11209
20192,3110135,6734
20192,3110134,2341
20192,3110133,3105
20192,3110132,4614
20192,3110131,11102
20192,3110130,570
20192,3110129,4864
20192,3110128,2358
20192,3110127,3333
20192,3110126,1593
20192,3110125,308
20192,3110124,2282
20192,3110123,1559
20192,3110122,1564
20192,3110121,142
20192,3110120,261
20192,3110119,1254
20192,3110118,868
20192,3110117,2270
20192,3110116,5307
20192,3110115,2710
20192,3110114,1342
20192,3110113,422
20192,3110112,1042
20192,3110111,192
20192,3110110,879
20192,3110109,1292
20192,3110108,656
20192,3110107,1170
20192,3110106,389
20192,3110105,1542
20192,3110104,363
20192,3110103,813
20192,3110102,1215
20192,3110101,576
20192,3110100,576
20192,3110099,8514
20192,3110098,8191
20192,3110097,5362
20192,3110096,2476
20192,3110095,21048
20192,3110094,234
20192,3110093,20138
20192,3110092,965
20192,3110091,19459
20192,3110090,2341
20192,3110089,4816
20192,3110088,3559
20192,3110087,13299
20192,3110086,21407
20192,3110085,2761
20192,3110084,1344
20192,3110083,4754
20192,3110082,18992
20192,3110081,866
20192,3110080,773
20192,3110079,12713
20192,3110078,1289
20192,3110077,2257
20192,3110076,2621
20192,3110075,7274
20192,3110074,7899
20192,3110073,8275
20192,3110072,972
20192,3110071,1649
20192,3110070,406
20192,3110069,6228
20192,3110068,8638
20192,3110067,4005
20192,3110066,1979
20192,3110065,2283
20192,3110064,2626
20192,3110063,4183
20192,3110062,12183
20192,3110061,1605
20192,3110060,3080
20192,3110059,1614
20192,3110058,4896
20192,3110057,755
20192,3110056,1680
20192,3110055,692
20192,3110054,9315
20192,3110053,1822
20192,3110052,4670
20192,3110051,3466
20192,3110050,11220
20192,3110049,10328
20192,3110048,9377
20192,3110047,10703
20192,3110046,3621
20192,3110045,16872
20192,3110044,10360
20192,3110043,11076
20192,3110042,3747
20192,3110041,6843
20192,3110040,8864
20192,3110039,22182
20192,3110038,10046
20192,3110037,2065
20192,3110036,1555
20192,3110035,2005
20192,3110034,1977
20192,3110033,346
20192,3110032,2722
20192,3110031,241
20192,3110030,1597
20192,3110029,1509
20192,3110028,3076
20192,3110027,1341
20192,3110026,4323
20192,3110025,3042
20192,3110024,3262
20192,3110023,471
20192,3110022,4104
20192,3110021,2455
20192,3110020,1357
20192,3110019,4778
20192,3110018,9681
20192,3110017,4529
20192,3110016,4228
20192,3110015,4358
20192,3110014,1417
20192,3110013,3955
20192,3110012,27629
20192,3110011,631
20192,3110010,5899
20192,3110009,477
20192,3110008,5943
20192,3110007,1876
20192,3110006,262
20192,3110005,1871
20192,3110004,242
20192,3110003,4460
20192,3110002,426
20192,3110001,4020
20191,3111090,125
20191,3111089,1247
20191,3111088,708
20191,3111087,380
20191,3111086,422
20191,3111085,1016
20191,3111084,614
20191,3111083,1601
20191,3111082,302
20191,3111081,1009
20191,3111080,3465
20191,3111079,1002
20191,3111078,4046
20191,3111077,6929
20191,3111076,2773
20191,3111075,3066
20191,3111074,1504
20191,3111073,5172
20191,3111072,2244
20191,3111071,1894
20191,3111070,1045
20191,3111069,1136
20191,3111068,3648
20191,3111067,6403
20191,3111066,1113
20191,3111065,365
20191,3111064,2812
20191,3111063,749
20191,3111062,4120
20191,3111061,3870
20191,3111060,2713
20191,3111059,4590
20191,3111058,2626
20191,3111057,961
20191,3111056,1788
20191,3111055,1501
20191,3111054,2151
20191,3111053,10457
20191,3111052,1717
20191,3111051,3278
20191,3111050,3956
20191,3111049,1338
20191,3111048,1333
20191,3111047,483
20191,3111046,1981
20191,3111045,930
20191,3111044,1779
20191,3111043,1318
20191,3111042,4779
20191,3111041,1414
20191,3111040,2729
20191,3111039,5393
20191,3111038,4199
20191,3111037,3418
20191,3111036,1304
20191,3111035,5680
20191,3111034,6515
20191,3111033,2308
20191,3111032,12270
20191,3111031,5835
20191,3111030,9066
20191,3111029,4494
20191,3111028,6147
20191,3111027,28298
20191,3111026,23673
20191,3111025,8869
20191,3111024,16909
20191,3111023,21815
20191,3111022,8139
20191,3111021,11157
20191,3111020,576
20191,3111019,13344
20191,3111018,197
20191,3111017,3561
20191,3111016,5029
20191,3111015,10554
20191,3111014,14991
20191,3111013,18867
20191,3111012,5101
20191,3111011,3061
20191,3111010,9144
20191,3111009,1105
20191,3111008,2904
20191,3111007,2467
20191,3111006,4478
20191,3111005,2071
20191,3111004,6669
20191,3111003,3763
20191,3111002,113
20191,3111001,121
20191,3111000,115
20191,3110999,195
20191,3110998,78
20191,3110997,1708
20191,3110996,24919
20191,3110995,15848
20191,3110994,2290
20191,3110993,2438
20191,3110992,22413
20191,3110991,54476
20191,3110990,10629
20191,3110989,15321
20191,3110988,10556
20191,3110987,7212
20191,3110986,13093
20191,3110985,14386
20191,3110984,4545
20191,3110983,4487
20191,3110982,3670
20191,3110981,8106
20191,3110980,23856
20191,3110979,9827
20191,3110978,49031
20191,3110977,12906
20191,3110976,11281
20191,3110975,31632
20191,3110974,11820
20191,3110973,11481
20191,3110972,15731
20191,3110971,30609
20191,3110970,11581
20191,3110969,34627
20191,3110968,16885
20191,3110967,25493
20191,3110966,23245
20191,3110965,15586
20191,3110964,11048
20191,3110963,22230
20191,3110962,10170
20191,3110961,16680
20191,3110960,24527
20191,3110959,9544
20191,3110958,22150
20191,3110957,21163
20191,3110956,10898
20191,3110955,19481
20191,3110954,13728
20191,3110953,17032
20191,3110952,7028
20191,3110951,11563
20191,3110950,14311
20191,3110949,8368
20191,3110948,674
20191,3110947,556
20191,3110946,455
20191,3110945,146
20191,3110944,415
20191,3110943,6981
20191,3110942,10237
20191,3110941,4007
20191,3110940,6606
20191,3110939,54885
20191,3110938,6618
20191,3110937,7718
20191,3110936,4766
20191,3110935,5330
20191,3110934,662
20191,3110933,6252
20191,3110932,5644
20191,3110931,79
20191,3110930,9343
20191,3110929,24632
20191,3110928,14771
20191,3110927,306
20191,3110926,11364
20191,3110925,5643
20191,3110924,10048
20191,3110923,7758
20191,3110922,13073
20191,3110921,10712
20191,3110920,8579
20191,3110919,10208
20191,3110918,8441
20191,3110917,4972
20191,3110916,16591
20191,3110915,4620
20191,3110914,6939
20191,3110913,7954
20191,3110912,2531
20191,3110911,7056
20191,3110910,11287
20191,3110909,435
20191,3110908,11263
20191,3110907,13222
20191,3110906,7205
20191,3110905,3263
20191,3110904,6343
20191,3110903,11483
20191,3110902,4479
20191,3110901,823
20191,3110900,1547
20191,3110899,646
20191,3110898,316
20191,3110897,4415
20191,3110896,1146
20191,3110895,6637
20191,3110894,333
20191,3110893,870
20191,3110892,5498
20191,3110891,1299
20191,3110890,2045
20191,3110889,270
20191,3110888,1021
20191,3110887,484
20191,3110886,1138
20191,3110885,987
20191,3110884,1176
20191,3110883,1195
20191,3110882,1970
20191,3110881,1510
20191,3110880,1468
20191,3110879,1095
20191,3110878,363
20191,3110877,2236
20191,3110876,545
20191,3110875,594
20191,3110874,921
20191,3110873,4691
20191,3110872,163
20191,3110871,1420
20191,3110870,94
20191,3110869,5533
20191,3110868,2495
20191,3110867,2529
20191,3110866,653
20191,3110865,1629
20191,3110864,1597
20191,3110863,1627
20191,3110862,1186
20191,3110861,5280
20191,3110860,3717
20191,3110859,544
20191,3110858,1586
20191,3110857,1392
20191,3110856,3976
20191,3110855,6166
20191,3110854,2351
20191,3110853,3803
20191,3110852,3884
20191,3110851,2901
20191,3110850,8360
20191,3110849,3000
20191,3110848,2051
20191,3110847,1501
20191,3110846,2441
20191,3110845,194
20191,3110844,11
20191,3110843,1068
20191,3110842,81
20191,3110841,39
20191,3110840,147
20191,3110839,1336
20191,3110838,1146
20191,3110837,2382
20191,3110836,2002
20191,3110835,974
20191,3110834,197
20191,3110833,663
20191,3110832,4410
20191,3110831,416
20191,3110830,955
20191,3110829,1683
20191,3110828,5414
20191,3110827,1542
20191,3110826,1592
20191,3110825,2546
20191,3110824,2388
20191,3110823,10868
20191,3110822,3603
20191,3110821,6947
20191,3110820,2178
20191,3110819,5238
20191,3110818,3220
20191,3110817,3364
20191,3110816,2617
20191,3110815,4489
20191,3110814,3602
20191,3110813,3821
20191,3110812,2799
20191,3110811,3305
20191,3110810,2596
20191,3110809,1372
20191,3110808,664
20191,3110807,637
20191,3110806,2076
20191,3110805,173
20191,3110804,1333
20191,3110803,1786
20191,3110802,1293
20191,3110801,140
20191,3110800,3499
20191,3110799,791
20191,3110798,697
20191,3110797,338
20191,3110796,2443
20191,3110795,1263
20191,3110794,4216
20191,3110793,503
20191,3110792,4509
20191,3110791,630
20191,3110790,1290
20191,3110789,2596
20191,3110788,1246
20191,3110787,679
20191,3110786,3499
20191,3110785,676
20191,3110784,1196
20191,3110783,2395
20191,3110782,1992
20191,3110781,2090
20191,3110780,1072
20191,3110779,385
20191,3110778,9060
20191,3110777,23218
20191,3110776,3366
20191,3110775,2288
20191,3110774,5479
20191,3110773,3796
20191,3110772,1391
20191,3110771,2931
20191,3110770,3832
20191,3110769,1824
20191,3110768,373
20191,3110767,4095
20191,3110766,4301
20191,3110765,13093
20191,3110764,1962
20191,3110763,6437
20191,3110762,11000
20191,3110761,5802
20191,3110760,8380
20191,3110759,41421
20191,3110758,3674
20191,3110757,3104
20191,3110756,4751
20191,3110755,1584
20191,3110754,1456
20191,3110753,1814
20191,3110752,1581
20191,3110751,2705
20191,3110750,1345
20191,3110749,1292
20191,3110748,964
20191,3110747,637
20191,3110746,1613
20191,3110745,923
20191,3110744,1676
20191,3110743,2284
20191,3110742,770
20191,3110741,1642
20191,3110740,2807
20191,3110739,988
20191,3110738,3105
20191,3110737,2359
20191,3110736,3282
20191,3110735,2403
20191,3110734,1870
20191,3110733,1054
20191,3110732,3175
20191,3110731,2486
20191,3110730,2988
20191,3110729,3743
20191,3110728,3611
20191,3110727,1582
20191,3110726,115
20191,3110725,2452
20191,3110724,8347
20191,3110723,8175
20191,3110722,20633
20191,3110721,11814
20191,3110720,1931
20191,3110719,9444
20191,3110718,6504
20191,3110717,15237
20191,3110716,2018
20191,3110715,2781
20191,3110714,2157
20191,3110713,6116
20191,3110712,1892
20191,3110711,2908
20191,3110710,13397
20191,3110709,421
20191,3110708,1254
20191,3110707,2370
20191,3110706,1709
20191,3110705,1195
20191,3110704,369
20191,3110703,2857
20191,3110702,3706
20191,3110701,1075
20191,3110700,1740
20191,3110699,828
20191,3110698,3462
20191,3110697,638
20191,3110696,2611
20191,3110695,1910
20191,3110694,2039
20191,3110693,1979
20191,3110692,1873
20191,3110691,1020
20191,3110690,2442
20191,3110689,3431
20191,3110688,1388
20191,3110687,158
20191,3110686,889
20191,3110685,55
20191,3110684,369
20191,3110683,366
20191,3110682,217
20191,3110681,329
20191,3110680,885
20191,3110679,2594
20191,3110678,1215
20191,3110677,2079
20191,3110676,3108
20191,3110675,2955
20191,3110674,584
20191,3110673,3042
20191,3110672,628
20191,3110671,4995
20191,3110670,1061
20191,3110669,4260
20191,3110668,2637
20191,3110667,448
20191,3110666,858
20191,3110665,3383
20191,3110664,4644
20191,3110663,5620
20191,3110662,2612
20191,3110661,4009
20191,3110660,8713
20191,3110659,2775
20191,3110658,1672
20191,3110657,5871
20191,3110656,3118
20191,3110655,5760
20191,3110654,3271
20191,3110653,3010
20191,3110652,3956
20191,3110651,1859
20191,3110650,1035
20191,3110649,1461
20191,3110648,5867
20191,3110647,5170
20191,3110646,4438
20191,3110645,1638
20191,3110644,228
20191,3110643,1953
20191,3110642,470
20191,3110641,1053
20191,3110640,2591
20191,3110639,1471
20191,3110638,3944
20191,3110637,2669
20191,3110636,2566
20191,3110635,2325
20191,3110634,3924
20191,3110633,1971
20191,3110632,2662
20191,3110631,1150
20191,3110630,2366
20191,3110629,1600
20191,3110628,1780
20191,3110627,10306
20191,3110626,2499
20191,3110625,10132
20191,3110624,368
20191,3110623,452
20191,3110622,1861
20191,3110621,983
20191,3110620,1726
20191,3110619,1311
20191,3110618,3278
20191,3110617,1673
20191,3110616,4126
20191,3110615,6206
20191,3110614,2875
20191,3110613,6906
20191,3110612,6873
20191,3110611,2625
20191,3110610,1375
20191,3110609,1176
20191,3110608,2718
20191,3110607,1085
20191,3110606,3013
20191,3110605,1098
20191,3110604,2453
20191,3110603,939
20191,3110602,2091
20191,3110601,1786
20191,3110600,2956
20191,3110599,1590
20191,3110598,2697
20191,3110597,2700
20191,3110596,1260
20191,3110595,2286
20191,3110594,593
20191,3110593,1923
20191,3110592,1653
20191,3110591,2784
20191,3110590,1043
20191,3110589,674
20191,3110588,1798
20191,3110587,4366
20191,3110586,8088
20191,3110585,1357
20191,3110584,1193
20191,3110583,4365
20191,3110582,1200
20191,3110581,6947
20191,3110580,927
20191,3110579,6701
20191,3110578,2490
20191,3110577,6269
20191,3110576,2679
20191,3110575,1489
20191,3110574,1012
20191,3110573,1340
20191,3110572,3200
20191,3110571,1765
20191,3110570,1439
20191,3110569,3278
20191,3110568,772
20191,3110567,830
20191,3110566,5320
20191,3110565,1811
20191,3110564,3548
20191,3110563,1437
20191,3110562,2703
20191,3110561,2768
20191,3110560,3881
20191,3110559,3453
20191,3110558,4445
20191,3110557,4646
20191,3110556,536
20191,3110555,3889
20191,3110554,5490
20191,3110553,1370
20191,3110552,2816
20191,3110551,2778
20191,3110550,6591
20191,3110549,2110
20191,3110548,4042
20191,3110547,5513
20191,3110546,1335
20191,3110545,1565
20191,3110544,6503
20191,3110543,4
20191,3110542,3824
20191,3110541,2819
20191,3110540,612
20191,3110539,12622
20191,3110538,6721
20191,3110537,6609
20191,3110536,3058
20191,3110535,908
20191,3110534,2731
20191,3110533,4356
20191,3110532,1657
20191,3110531,1003
20191,3110530,1223
20191,3110529,1860
20191,3110528,1860
20191,3110527,1765
20191,3110526,101
20191,3110525,1782
20191,3110524,193
20191,3110523,166
20191,3110522,1458
20191,3110521,1518
20191,3110520,1329
20191,3110519,761
20191,3110518,1381
20191,3110517,2792
20191,3110516,733
20191,3110515,168
20191,3110514,1594
20191,3110513,3657
20191,3110512,1812
20191,3110511,3876
20191,3110510,783
20191,3110509,2462
20191,3110508,3564
20191,3110507,1729
20191,3110506,1690
20191,3110505,266
20191,3110504,349
20191,3110503,1457
20191,3110502,843
20191,3110501,673
20191,3110500,321
20191,3110499,517
20191,3110498,2183
20191,3110497,1131
20191,3110496,731
20191,3110495,1898
20191,3110494,405
20191,3110493,252
20191,3110492,186
20191,3110491,157
20191,3110490,1653
20191,3110489,868
20191,3110488,2027
20191,3110487,1916
20191,3110486,2193
20191,3110485,741
20191,3110484,2635
20191,3110483,1120
20191,3110482,179
20191,3110481,2247
20191,3110480,1517
20191,3110479,2089
20191,3110478,2109
20191,3110477,3031
20191,3110476,183
20191,3110475,861
20191,3110474,991
20191,3110473,2308
20191,3110472,2660
20191,3110471,1208
20191,3110470,861
20191,3110469,2187
20191,3110468,3361
20191,3110467,1197
20191,3110466,1068
20191,3110465,3023
20191,3110464,2760
20191,3110463,1142
20191,3110462,656
20191,3110461,1362
20191,3110460,2874
20191,3110459,2152
20191,3110458,1207
20191,3110457,2236
20191,3110456,1901
20191,3110455,2080
20191,3110454,1048
20191,3110453,1283
20191,3110452,1526
20191,3110451,2097
20191,3110450,1395
20191,3110449,1719
20191,3110448,331
20191,3110447,66
20191,3110446,493
20191,3110445,80
20191,3110444,598
20191,3110443,242
20191,3110442,146
20191,3110441,229
20191,3110440,172
20191,3110439,449
20191,3110438,1305
20191,3110437,476
20191,3110436,1249
20191,3110435,279
20191,3110434,2572
20191,3110433,3113
20191,3110432,554
20191,3110431,1343
20191,3110430,1164
20191,3110429,3917
20191,3110428,1403
20191,3110427,408
20191,3110426,956
20191,3110425,1535
20191,3110424,1231
20191,3110423,1119
20191,3110422,791
20191,3110421,1222
20191,3110420,413
20191,3110419,2691
20191,3110418,425
20191,3110417,163
20191,3110416,1644
20191,3110415,3003
20191,3110414,164
20191,3110413,521
20191,3110412,159
20191,3110411,959
20191,3110410,2219
20191,3110409,3524
20191,3110408,2156
20191,3110407,1326
20191,3110406,584
20191,3110405,2018
20191,3110404,1286
20191,3110403,2092
20191,3110402,1679
20191,3110401,2190
20191,3110400,2493
20191,3110399,1453
20191,3110398,1922
20191,3110397,1087
20191,3110396,1333
20191,3110395,1334
20191,3110394,1650
20191,3110393,1146
20191,3110392,160
20191,3110391,331
20191,3110390,1539
20191,3110389,582
20191,3110388,651
20191,3110387,355
20191,3110386,159
20191,3110385,56
20191,3110384,501
20191,3110383,404
20191,3110382,702
20191,3110381,207
20191,3110380,57
20191,3110379,176
20191,3110378,237
20191,3110377,931
20191,3110376,2083
20191,3110375,498
20191,3110374,688
20191,3110373,2792
20191,3110372,1019
20191,3110371,960
20191,3110370,772
20191,3110369,2478
20191,3110368,370
20191,3110367,2865
20191,3110366,1035
20191,3110365,985
20191,3110364,888
20191,3110363,224
20191,3110362,912
20191,3110361,542
20191,3110360,2643
20191,3110359,2364
20191,3110358,2848
20191,3110357,1398
20191,3110356,816
20191,3110355,736
20191,3110354,471
20191,3110353,1191
20191,3110352,449
20191,3110351,958
20191,3110350,1224
20191,3110349,205
20191,3110348,1409
20191,3110347,167
20191,3110346,612
20191,3110345,948
20191,3110344,153
20191,3110343,1076
20191,3110342,338
20191,3110341,476
20191,3110340,918
20191,3110339,578
20191,3110338,405
20191,3110337,798
20191,3110336,753
20191,3110335,1925
20191,3110334,835
20191,3110333,1563
20191,3110332,1198
20191,3110331,1591
20191,3110330,1716
20191,3110329,162
20191,3110328,1083
20191,3110327,1066
20191,3110326,230
20191,3110325,240
20191,3110324,1980
20191,3110323,2069
20191,3110322,252
20191,3110321,599
20191,3110320,5684
20191,3110319,8079
20191,3110318,3054
20191,3110317,5603
20191,3110316,1926
20191,3110315,11448
20191,3110314,9560
20191,3110313,1991
20191,3110312,1260
20191,3110311,720
20191,3110310,933
20191,3110309,2049
20191,3110308,1836
20191,3110307,2541
20191,3110306,945
20191,3110305,2780
20191,3110304,3285
20191,3110303,1474
20191,3110302,2527
20191,3110301,1329
20191,3110300,6870
20191,3110299,1743
20191,3110298,692
20191,3110297,9120
20191,3110296,2773
20191,3110295,1644
20191,3110294,1379
20191,3110293,7816
20191,3110292,730
20191,3110291,2394
20191,3110290,445
20191,3110289,1123
20191,3110288,7764
20191,3110287,182
20191,3110286,7864
20191,3110285,4477
20191,3110284,353
20191,3110283,3884
20191,3110282,191
20191,3110281,1531
20191,3110280,1671
20191,3110279,433
20191,3110278,1068
20191,3110277,1328
20191,3110276,244
20191,3110275,1330
20191,3110274,821
20191,3110273,1449
20191,3110272,1531
20191,3110271,203
20191,3110270,569
20191,3110269,946
20191,3110268,845
20191,3110267,1256
20191,3110266,1171
20191,3110265,3299
20191,3110264,1430
20191,3110263,2679
20191,3110262,3159
20191,3110261,1769
20191,3110260,1893
20191,3110259,1354
20191,3110258,897
20191,3110257,1619
20191,3110256,2794
20191,3110255,3597
20191,3110254,1212
20191,3110253,1003
20191,3110252,1336
20191,3110251,860
20191,3110250,564
20191,3110249,2017
20191,3110248,266
20191,3110247,1648
20191,3110246,1521
20191,3110245,742
20191,3110244,1457
20191,3110243,1052
20191,3110242,934
20191,3110241,2379
20191,3110240,301
20191,3110239,142
20191,3110238,595
20191,3110237,1449
20191,3110236,1692
20191,3110235,154
20191,3110234,1169
20191,3110233,890
20191,3110232,2497
20191,3110231,344
20191,3110230,3656
20191,3110229,5531
20191,3110228,4113
20191,3110227,1284
20191,3110226,7097
20191,3110225,1284
20191,3110224,509
20191,3110223,4110
20191,3110222,937
20191,3110221,268
20191,3110220,1089
20191,3110219,2096
20191,3110218,1678
20191,3110217,2471
20191,3110216,574
20191,3110215,1403
20191,3110214,793
20191,3110213,536
20191,3110212,1713
20191,3110211,1217
20191,3110210,1460
20191,3110209,645
20191,3110208,598
20191,3110207,1749
20191,3110206,649
20191,3110205,531
20191,3110204,811
20191,3110203,1430
20191,3110202,567
20191,3110201,168
20191,3110200,1059
20191,3110199,1853
20191,3110198,1870
20191,3110197,92
20191,3110196,410
20191,3110195,3038
20191,3110194,1988
20191,3110193,744
20191,3110192,2424
20191,3110191,626
20191,3110190,965
20191,3110189,2457
20191,3110188,6762
20191,3110187,5761
20191,3110186,897
20191,3110185,5910
20191,3110184,4060
20191,3110183,3214
20191,3110182,2881
20191,3110181,10649
20191,3110180,3542
20191,3110179,1883
20191,3110178,1883
20191,3110177,158
20191,3110176,2249
20191,3110175,4173
20191,3110174,2904
20191,3110173,2955
20191,3110172,2531
20191,3110171,1561
20191,3110170,2986
20191,3110169,3828
20191,3110168,916
20191,3110167,3561
20191,3110166,4756
20191,3110165,1454
20191,3110164,1970
20191,3110163,1967
20191,3110162,2406
20191,3110161,1066
20191,3110160,903
20191,3110159,8575
20191,3110158,1375
20191,3110157,2233
20191,3110156,2564
20191,3110155,5674
20191,3110154,3843
20191,3110153,2864
20191,3110152,1026
20191,3110151,2540
20191,3110150,3863
20191,3110149,851
20191,3110148,236
20191,3110147,1758
20191,3110146,1323
20191,3110145,411
20191,3110144,459
20191,3110143,239
20191,3110142,2411
20191,3110141,2375
20191,3110140,4694
20191,3110139,922
20191,3110138,1767
20191,3110137,14555
20191,3110136,11209
20191,3110135,6734
20191,3110134,2341
20191,3110133,3105
20191,3110132,4614
20191,3110131,11102
20191,3110130,570
20191,3110129,4864
20191,3110128,2358
20191,3110127,3333
20191,3110126,1593
20191,3110125,308
20191,3110124,2282
20191,3110123,1559
20191,3110122,1564
20191,3110121,142
20191,3110120,261
20191,3110119,1254
20191,3110118,868
20191,3110117,2270
20191,3110116,5307
20191,3110115,2710
20191,3110114,1342
20191,3110113,422
20191,3110112,1042
20191,3110111,192
20191,3110110,879
20191,3110109,1292
20191,3110108,656
20191,3110107,1170
20191,3110106,389
20191,3110105,1542
20191,3110104,363
20191,3110103,813
20191,3110102,1215
20191,3110101,576
20191,3110100,576
20191,3110099,8514
20191,3110098,8191
20191,3110097,5362
20191,3110096,2476
20191,3110095,21048
20191,3110094,234
20191,3110093,20138
20191,3110092,965
20191,3110091,19459
20191,3110090,2341
20191,3110089,4816
20191,3110088,3559
20191,3110087,13299
20191,3110086,21407
20191,3110085,2761
20191,3110084,1344
20191,3110083,4754
20191,3110082,18992
20191,3110081,866
20191,3110080,773
20191,3110079,12713
20191,3110078,1289
20191,3110077,2257
20191,3110076,2621
20191,3110075,7274
20191,3110074,7899
20191,3110073,8275
20191,3110072,972
20191,3110071,1649
20191,3110070,406
20191,3110069,6228
20191,3110068,8638
20191,3110067,4005
20191,3110066,1979
20191,3110065,2283
20191,3110064,2626
20191,3110063,4183
20191,3110062,12183
20191,3110061,1605
20191,3110060,3080
20191,3110059,1614
20191,3110058,4896
20191,3110057,755
20191,3110056,1680
20191,3110055,692
20191,3110054,9315
20191,3110053,1822
20191,3110052,4670
20191,3110051,3466
20191,3110050,11220
20191,3110049,10328
20191,3110048,9377
20191,3110047,10703
20191,3110046,3621
20191,3110045,16872
20191,3110044,10360
20191,3110043,11076
20191,3110042,3747
20191,3110041,6843
20191,3110040,8864
20191,3110039,22182
20191,3110038,10046
20191,3110037,2065
20191,3110036,1555
20191,3110035,2005
20191,3110034,1977
20191,3110033,346
20191,3110032,2722
20191,3110031,241
20191,3110030,1597
20191,3110029,1509
20191,3110028,3076
20191,3110027,1341
20191,3110026,4323
20191,3110025,3042
20191,3110024,3262
20191,3110023,471
20191,3110022,4104
20191,3110021,2455
20191,3110020,1357
20191,3110019,4778
20191,3110018,9681
20191,3110017,4529
20191,3110016,4228
20191,3110015,4358
20191,3110014,1417
20191,3110013,3955
20191,3110012,27629
20191,3110011,631
20191,3110010,5899
20191,3110009,477
20191,3110008,5943
20191,3110007,1876
20191,3110006,262
20191,3110005,1871
20191,3110004,242
20191,3110003,4460
20191,3110002,426
20191,3110001,4020
